"source","translation_ru_RU"
"Idle","Простой"
"Standing by and awaiting orders.","Стоит наготове и ждёт приказов."
"Moving","Движение"
"Marching to the ordered position.","Марширует к указанной позиции."
"Attacking","Атака"
"Engaging the assigned target.","Атакует назначенную цель."
"Patrolling","Патрулирование"
"Walking the patrol route between its waypoints.","Обходит маршрут патруля между точками."
"Guarding","Охрана"
"Holding a guard post and answering threats near it.","Держит пост и отвечает на угрозы поблизости."
"Holding position","Удерживает позицию"
"Rooted in place; it will not pursue.","Врос в землю: преследовать не будет."
"Building","Строительство"
"Raising a structure on the marked site.","Возводит постройку на отмеченной площадке."
"Repairing","Ремонт"
"Mending a damaged structure.","Чинит повреждённую постройку."
"Dismantling","Разбор"
"Taking a structure apart.","Разбирает постройку."
"Cutting timber","Рубка леса"
"Felling a tree for wood.","Валит дерево ради древесины."
"Quarrying stone","Добыча камня"
"Breaking a boulder for stone.","Дробит валун ради камня."
"Mining iron","Добыча железа"
"Working an ore deposit for iron.","Разрабатывает залежь руды ради железа."
"Harvesting grain","Сбор зерна"
"Reaping a ripe farm for food.","Жнёт созревшее поле ради еды."
"Butchering","Забой скота"
"Slaughtering a sheep for food.","Забивает овцу ради еды."
"Auto gathering","Автосбор"
"Standing order: seek out the nearest resource and keep collecting.","Постоянный приказ: искать ближайший ресурс и собирать без остановки."
"Delivering","Доставка"
"Carrying its load to the barracks; it cannot be interrupted until the load is dropped off.","Несёт груз в казармы; прервать нельзя, пока груз не сдан."
"Healing","Лечение"
"Tending wounded allies nearby.","Лечит раненых союзников поблизости."
"Training","Обучение"
"Producing the next unit in the queue.","Готовит следующую единицу из очереди."
"Blocked","Заблокирован"
"Waiting: the way is blocked or the target is gone.","Ждёт: путь перекрыт или цель исчезла."
"Active","Активно"
"Work is under way.","Работа идёт."
"Queued","В очереди"
"Ordered, but the unit is still on its way.","Приказ отдан, но отряд ещё в пути."
"Unavailable","Недоступно"
"The target cannot be worked; give a new order.","С этой целью работать нельзя; отдайте новый приказ."
"Interrupted","Прервано"
"Work stopped part-way; re-issue the order to resume.","Работа брошена на полпути; отдайте приказ снова, чтобы продолжить."
"Cannot be interrupted","Прервать нельзя"
"Hauling a load to the barracks. New orders wait until the load is dropped off.","Везёт груз в казармы. Новые приказы подождут, пока груз не сдан."
"%1 — %2","%1 — %2"
"%1 (%2 units)","%1 (отрядов: %2)"
"Automatic","Автоматически"
"%1 of %2 positions do not fit on this ground.","%1 из %2 позиций не помещается на этой местности."
"Barracks production queue","Очередь найма в казармах"
"BARRACKS","КАЗАРМЫ"
"Reserve %1 / %2","Резерв %1 / %2"
"Manpower this barracks still holds. Every recruit spends some; civilians raised at a Home deliver more.","Запас людей, который ещё держат эти казармы. Каждый новобранец его тратит; гражданские, выращенные в Доме, приносят новых."
"Recruiting now","Идёт набор"
"Queued unit %1","Отряд в очереди: %1"
"Set where newly recruited units will gather","Укажите, где будут собираться новобранцы"
"Set barracks rally point","Задать точку сбора казарм"
"Select a barracks before setting a rally point","Выберите казармы, прежде чем задавать точку сбора"
"Return to Menu","Вернуться в меню"
"Close Report","Закрыть отчёт"
"Kills","Убито"
"Losses","Потери"
"Trained","Обучено"
"Barracks","Казармы"
"Held the Field","Удержал поле"
"Routed","Разгромлен"
"Score","Счёт"
"YOUR COMMAND","ВАШЕ КОМАНДОВАНИЕ"
"ARMIES OF THE FIELD","АРМИИ НА ПОЛЕ БОЯ"
"Army","Армия"
"YOU","ВЫ"
"Esc closes the report","Esc закрывает отчёт"
"Mission Steps — in order","Шаги задания — по порядку"
"Victory Conditions","Условия победы"
"Victory Conditions — complete all","Условия победы — выполните все"
"Victory Conditions — complete any","Условия победы — выполните любое"
"Next step","Следующий шаг"
"%1 of %2","%1 из %2"
"Complete the objective","Выполните задачу"
"Defeat Conditions","Условия поражения"
"Avoid this condition","Не допускайте этого"
"Optional Objectives","Дополнительные задачи"
"Optional objective","Дополнительная задача"
"No mission objectives available.\nThis may be a skirmish, or objectives have not been configured.","Задачи не заданы.\nЭто либо стычка, либо задачи не были настроены."
"unbound","не назначено"
"%1 or %2","%1 или %2"
"on, %1 px","вкл., %1 пикс."
"off","выкл."
"Screen edge","Край экрана"
"Edge scroll","Прокрутка у края"
"Cursor to a screen edge","Курсор к краю экрана"
"Push the pointer into any edge of the screen and the camera follows. Turn it off or change how wide the band is under Settings › Accessibility.","Подведите указатель к любому краю экрана, и камера пойдёт следом. Отключить или изменить ширину полосы можно в Настройках › Доступность."
"Keyboard pan","Сдвиг с клавиатуры"
"Slides the view over the battlefield and keeps going while held. Either the arrows or WASD; hold Shift to cover twice the ground per step.","Сдвигает вид над полем боя и продолжает, пока клавиша зажата. Стрелки или WASD; удерживайте Shift, чтобы за шаг проходить вдвое больше."
"Middle-drag","Средняя кнопка"
"Drag pan","Сдвиг перетаскиванием"
"Hold middle button and drag","Удерживайте среднюю кнопку и тяните"
"Drags the ground under the cursor. Edge scroll pauses while you drag so the two never fight.","Тянет землю под курсором. Прокрутка у края замирает на время перетаскивания, чтобы одно не мешало другому."
"Wheel or %1","Колесо или %1"
"Zoom","Приближение"
"Mouse wheel, or %1","Колесо мыши или %1"
"Moves the camera closer to and further from the battle.","Придвигает камеру к бою и отодвигает от него."
"Rotate","Поворот"
"Swings the view around the point you are looking at. Hold Shift to swing further, or hold Alt and drag with the middle button.","Вращает вид вокруг точки, на которую вы смотрите. Удерживайте Shift, чтобы повернуть дальше, или зажмите Alt и тяните средней кнопкой."
"Tilt","Наклон"
"Raises the camera towards an overhead view or lowers it towards the horizon. Hold Shift to tilt further.","Поднимает камеру к виду сверху или опускает к горизонту. Удерживайте Shift, чтобы наклонить дальше."
"Click minimap","Щелчок по мини-карте"
"Minimap jump","Переход по мини-карте"
"Click or drag the minimap","Щёлкните или потяните мини-карту"
"Left-click jumps the camera there; right-click sends the selection there.","Левая кнопка переносит туда камеру, правая отправляет туда выделенных."
"Top bar button","Кнопка на верхней панели"
"Follow selection","Следить за выделенным"
"Follow button, top bar","Кнопка слежения на верхней панели"
"Keeps the camera on whatever you have selected until you switch it off.","Держит камеру на выделенном, пока вы это не выключите."
"Reset camera","Сбросить камеру"
"%1, or the Reset button in the top bar","%1 или кнопка «Сброс» на верхней панели"
"Returns the view to your own camp, framed the way the battle opened.","Возвращает вид к вашему лагерю в том виде, в каком начиналась битва."
"Moving the camera","Управление камерой"
"Hide the camera legend","Скрыть подсказки камеры"
"Camera settings","Настройки камеры"
"Aleria","Алерия"
"Ariminum","Аримин"
"Capua","Капуя"
"Caralis","Каралис"
"Carthage","Карфаген"
"Carthage Core","Ядро Карфагена"
"Carthaginian Iberia","Карфагенская Иберия"
"Cirta","Цирта"
"Cisalpine Gaul","Цизальпийская Галлия"
"Corsica","Корсика"
"Emporiae","Эмпории"
"Etruria","Этрурия"
"Iberian Interior","Внутренняя Иберия"
"Illyrian Coast","Иллирийское побережье"
"Illyrian Interior","Внутренняя Иллирия"
"Leptis","Лептис"
"Libya","Ливия"
"Lilybaeum","Лилибей"
"Massalia","Массалия"
"Mediolanum","Медиолан"
"New Carthage","Новый Карфаген"
"Numantia","Нуманция"
"Numidia","Нумидия"
"Placentia","Плаценция"
"Roman Core","Ядро Рима"
"Rome","Рим"
"Saguntum","Сагунт"
"Salona","Салона"
"Sardinia","Сардиния"
"Sicily","Сицилия"
"Southern Italy","Южная Италия"
"Syracuse","Сиракузы"
"Tarentum","Тарент"
"Tarraco","Тарракон"
"Tingis","Тингис"
"Transalpine Gaul","Трансальпийская Галлия"
"Veii","Вейи"
"Campaign War Table • Mediterranean Theater","Военный стол кампании • Средиземноморский театр"
"Campaign","Кампания"
"Campaign Chronicle •","Хроника кампании •"
"← Back","← Назад"
"Campaign Chronicle","Хроника кампании"
"Campaign Progress:","Ход кампании:"
"202 BC: recalled to Africa, Hannibal faces Scipio and Masinissa on the plain near Zama. The elephant lanes are prepared, the Roman camps are fortified, and the Iron Sepulcher no longer waits at the edge of history. Take all four camps and break both risings of the dead — nothing less ends this war.","202 г. до н. э.: отозванный в Африку Ганнибал встречает Сципиона и Масиниссу на равнине близ Замы. Проходы для слонов подготовлены, римские лагеря укреплены, и Железная Гробница больше не ждёт на краю истории. Возьмите все четыре лагеря и сломите оба восстания мёртвых — меньшим эту войну не закончить."
"215-212 BC: Capua and the Campanian allies sustain Hannibal while Rome avoids another Cannae and attacks roads, farms, and loyalties. Fortify the Punic supply quarter and break all three coordinated assaults — the quarter is not held until the last consular column lies dead in the streets.","215–212 гг. до н. э.: Капуя и кампанские союзники кормят Ганнибала, пока Рим избегает новых Канн и бьёт по дорогам, полям и верности. Укрепите пунический квартал снабжения и сломите все три согласованных удара — квартал не удержан, пока последняя консульская колонна не ляжет на улицах."
"216 BC: the consuls mass Rome's greatest field army beside the Aufidus. Yield the Punic center by design, win both cavalry wings, close the double envelopment, then take the principal camp, the reserve camp, and the allied camp across the river road.","216 г. до н. э.: консулы собирают у Ауфида крупнейшую полевую армию Рима. Намеренно уступите пуническим центром, выиграйте оба конных крыла, замкните двойное окружение, а затем возьмите главный лагерь, резервный лагерь и союзнический лагерь у дороги за рекой."
"217 BC: Flaminius pursues along the northern shore of Lake Trasimene. Mist closes the road between lake and wooded height — and it will not hold for long. Strike the length of the column and seize both field posts within twenty minutes, before the air clears and a cohort carries word out of the basin.","217 г. до н. э.: Фламиний преследует вдоль северного берега Тразименского озера. Туман запирает дорогу между озером и лесистой высотой — и продержится он недолго. Ударьте по всей длине колонны и займите оба полевых поста за двадцать минут, прежде чем воздух прояснится и когорта вынесет весть из котловины."
"218 BC, winter: Sempronius Longus accepts the bait and drives his hungry army through the freezing Trebia. Hold the southern line and break all three crossings. You need not take his camp — you need only be standing when the river has finished with him.","218 г. до н. э., зима: Семпроний Лонг заглатывает наживку и гонит голодную армию через ледяную Требию. Удержите южную линию и сорвите все три переправы. Брать его лагерь не нужно — достаточно устоять, когда река закончит с ним."
"218 BC: Hannibal turns from the Rhône into the Alps with soldiers, cavalry, baggage animals, and elephants. The pass cannot be taken by the sword alone — it must be paid for in timber, stone and iron. Set your builders to the slopes while the mountain peoples contest every switchback; do not follow the grave-lights into the snow.","218 г. до н. э.: от Родана Ганнибал сворачивает в Альпы с пехотой, конницей, вьючными животными и слонами. Перевал не взять одним мечом — за него платят древесиной, камнем и железом. Поставьте строителей на склоны, пока горцы оспаривают каждый серпантин; не идите за могильными огнями в снег."
"218 BC: near the Ticinus, Scipio's reconnaissance force tests Hannibal's cavalry. Win the mounted engagement, cut the bridge road, and overrun both Roman camps before their scouts carry a clean account back to the consul.","218 г. до н. э.: у Тицина разведывательный отряд Сципиона испытывает конницу Ганнибала. Выиграйте конную схватку, перережьте дорогу к мосту и сомните оба римских лагеря, прежде чем их разведчики донесут консулу точный отчёт."
"218 BC: the Rhône must be secured faster than Publius Cornelius Scipio can bring his army from Massalia. In this altered campaign, Roman advance posts hold the eastern approaches. Cross by ford, pontoon, or wooded detour and seize their river camps.","218 г. до н. э.: Родан нужно захватить быстрее, чем Публий Корнелий Сципион приведёт армию из Массалии. В этой изменённой кампании римские передовые посты держат восточные подходы. Переправьтесь бродом, по понтонам или лесным обходом и займите их речные лагеря."
"At dawn the market still stands and the consular roads are choked with Roman shields. Campania has bought the army another season, though every ally now understands how long Rome is willing to bleed.","На рассвете рынок ещё стоит, а консульские дороги забиты римскими щитами. Кампания купила армии ещё один сезон, хотя каждый союзник теперь понимает, как долго Рим готов истекать кровью."
"Command Hannibal's Carthaginian army from the Alpine invasion of 218 BC to Zama in 202 BC. Break Roman camps, take fortified towns, preserve allied economies, and survive the Republic's answering legions while the Iron Sepulcher watches from roads older than either empire.","Ведите карфагенскую армию Ганнибала от альпийского вторжения 218 г. до н. э. до Замы в 202 г. до н. э. Рушьте римские лагеря, берите укреплённые города, храните хозяйства союзников и переживите ответные легионы Республики, пока Железная Гробница смотрит с дорог, что старше обеих держав."
"Flaminius and much of his army are lost beside the lake. Rome names Fabius dictator. In the drowned reeds, an Iron Sepulcher altar has fed well without choosing a side.","Фламиний и большая часть его армии гибнут у озера. Рим назначает Фабия диктатором. В затопленном тростнике алтарь Железной Гробницы наелся досыта, так и не выбрав сторону."
"The Barcid Road","Дорога Баркидов"
"The Roman army is destroyed and the camps are taken, yet Rome refuses negotiation. So many dead lie on the plain that the Sepulcher's iron bells sound beneath the earth for seven nights.","Римская армия уничтожена, лагеря взяты, но Рим отказывается от переговоров. На равнине столько мёртвых, что железные колокола Гробницы гудят под землёй семь ночей."
"The Roman screen breaks and Scipio is carried from the field wounded. The Insubres see that Carthage can defeat Rome on Italian ground—but pale riders still haunt the abandoned ford.","Римское прикрытие рвётся, раненого Сципиона уносят с поля. Инсубры видят: Карфаген способен побеждать Рим на италийской земле — но у брошенного брода всё ещё бродят бледные всадники."
"The column reaches the plain of the Po diminished but unbroken. Italy lies below, and fires answer from Gallic settlements. Behind you, the sealed shrine in the pass begins counting the dead.","Колонна выходит на равнину По поредевшей, но несломленной. Внизу лежит Италия, и из галльских поселений отвечают костры. Позади вас запечатанное святилище на перевале начинает считать мёртвых."
"The ferries and supply road belong to Carthage. Scipio finds abandoned standards and cold cooking fires; Hannibal is already turning toward the mountains.","Переправы и дорога снабжения принадлежат Карфагену. Сципион находит брошенные значки и остывшие костры; Ганнибал уже поворачивает к горам."
"The last standards fall under an African sky. Rome and Carthage will remember the field differently; the Iron Sepulcher remembers only that both armies finally entered its reach.","Последние значки падают под африканским небом. Рим и Карфаген запомнят это поле по-разному; Железная Гробница помнит лишь то, что обе армии наконец вошли в её досягаемость."
"The survivors flee toward Placentia through sleet and mud. Roman tents, grain, and weapons are captured; bodies beneath the ice rise only when nobody is watching.","Уцелевшие бегут к Плаценции сквозь снег с дождём и грязь. Римские шатры, зерно и оружие захвачены; тела подо льдом встают только тогда, когда никто не смотрит."
"Not enough wood, stone, or iron to recruit this unit.","Недостаточно древесины, камня или железа для найма этого отряда."
"Click to dismiss","Щёлкните, чтобы закрыть"
"ALLY","СОЮЗНИК"
"Their commander is dead. The host breaks and its camps stand empty.","Их полководец мёртв. Войско рассыпается, его лагеря пусты."
"%1 has lost its commander. The host breaks and its camps stand empty.","%1 теряет полководца. Войско рассыпается, его лагеря пусты."
"A camp gathered in. I shall keep it quiet and fed. That is what I am for.","Лагерь прибран. Буду держать его тихим и сытым. Для того я и нужен."
"A camp lost. I have a dozen more, and the one you hold is the one I liked least.","Лагерь потерян. У меня их ещё дюжина, а тот, что ты занял, нравился мне меньше всех."
"A camp lost. I have slept in worse hides and woken to better mornings.","Лагерь потерян. Я спал в худших логовах и просыпался к лучшим утрам."
"A camp lost. I shall claim it was never mine. That is the beauty of having good clerks.","Лагерь потерян. Скажу, что он никогда не был моим. В этом вся прелесть хороших писцов."
"A fresh column is on the road to you. Treat them courteously; several of them owe me money.","Свежая колонна идёт к тебе. Обходись с ними учтиво; некоторые должны мне денег."
"A victory, and a tidy one. I shall write it up as mostly mine; you would have done the same.","Победа, и опрятная. Запишу её как по большей части мою; ты поступил бы так же."
"Advance. Double time. A slow attack is a gift to the enemy, and I am not generous.","Вперёд. Беглым шагом. Медленная атака — подарок врагу, а я не щедр."
"Ah. Blades at last. I had begun to think you were a rumour with a baggage train.","А. Наконец-то клинки. Я уж начал думать, что ты слух с обозом."
"An army, and someone paying for it. Let us not pretend this is about glory. I will make you an offer at the end; you will not like the terms.","Войско, и кто-то, кто за него платит. Не будем делать вид, что дело в славе. В конце я сделаю тебе предложение; условия тебе не понравятся."
"An assault on my camp. Every breach is coming out of someone's wages, and it will not be mine.","Приступ на мой лагерь. Каждый пролом вычтут у кого-то из жалованья, и это будет не моё."
"An assault on my camp. Spend your men on it if you like; I have budgeted for exactly this kind of impatience.","Приступ на мой лагерь. Трать на него людей, если угодно; именно такое нетерпение у меня заложено в смету."
"Another camp for the Republic. Do stay and watch the standards go up; you will not see it done better.","Ещё один лагерь Республике. Останься и погляди, как поднимают знамёна; лучше этого ты не увидишь."
"Another camp gathered in. Slowly, like fruit. Rot takes the ones you leave on the branch.","Ещё один лагерь прибран. Медленно, как плоды. Гниль берёт те, что оставляешь на ветке."
"Another column comes down the road. Rome walks slowly and never, ever stops.","Ещё одна колонна спускается по дороге. Рим идёт медленно и не останавливается никогда."
"Another standard on my frontier. I have counted your tents from the ridge - it did not take long. Rome has surveyed better men than you and buried them in straighter rows.","Ещё одно знамя на моей границе. Я сосчитал твои шатры с гребня — это заняло немного. Рим обмерял людей получше тебя и хоронил их ровнее."
"At my walls, are you. Keep swinging. Every man you put there is a man not guarding your own.","Значит, у моих стен. Бей дальше. Каждый человек, поставленный туда, не стережёт твоих."
"Beaten, on this ground, today. Note the qualifications. I have made a career of the ground and the day after.","Побеждён, на этой земле, сегодня. Заметь оговорки. Я сделал карьеру на земле и на дне следующем."
"Beaten. Beside you, which stings. I shall mention that the ground was poor and the allies poorer.","Побеждён. Рядом с тобой, что и жжёт. Скажу, что земля была плоха, а союзники ещё хуже."
"Beaten. Fair. You held when I thought you would run and you hit when I thought you would hold. I will not forget your standard.","Побеждён. Честно. Ты выстоял, когда я ждал бегства, и ударил, когда я ждал, что выстоишь. Твоего знамени я не забуду."
"Beaten. I shall write it down as an expense and you as a creditor. I pay my creditors. Eventually, and never in full.","Побеждён. Запишу это как расход, а тебя как заимодавца. Заимодавцам я плачу. Со временем и никогда полностью."
"Beaten. My brother would have a speech for this. I have only a road home and a great many arrows still in the quiver.","Побеждён. У брата нашлась бы на это речь. У меня есть лишь дорога домой и весьма много стрел в колчане."
"Camp taken. At the run. Next one is yours, if you are quick.","Лагерь взят. С ходу. Следующий твой, если поспешишь."
"Cohorts moving. Fast. Keep up if you can.","Когорты двинулись. Быстро. Поспевай, если сможешь."
"Cohorts, forward. Fast. Hit them before they finish thinking.","Когорты, вперёд. Быстро. Ударь по ним, пока они не додумали."
"Done. You came at the wrong tempo and I was already inside it. Lie down; the surgeons work through the fallen in the order they fell.","Кончено. Ты пришёл не в том темпе, а я был уже внутри него. Ложись; лекари обходят павших в том порядке, в каком они пали."
"Down, then. Tell them Marcellus died forward. Tell them the ground was worth it. Both are true.","Пал, значит. Скажите им, что Марцелл умер лицом вперёд. Скажите, что земля того стоила. И то и другое правда."
"Down. You came in fast and hungry, and hungry things walk into snares. Rest. The country will not miss you.","Пал. Ты пришёл быстрым и голодным, а голодное входит в силки. Отдыхай. Страна по тебе не заскучает."
"Finished. I shall put your camp in the books as a purchase. Blood is a currency like any other; you simply overpaid.","Закончено. Впишу твой лагерь в книги как покупку. Кровь — такая же монета, как всякая другая; ты просто переплатил."
"Finished. You fought like a wall - solid, honest, and completely unable to turn around.","Закончено. Ты дрался как стена: крепко, честно и совершенно не умея повернуться."
"First blood. Good. I was beginning to worry you were one of those enemies who negotiate.","Первая кровь. Хорошо. Я уж боялся, что ты из тех врагов, что ведут переговоры."
"Forward, in order. If you have a reserve, this would be the moment to discover it does not exist.","Вперёд, в порядке. Если у тебя есть резерв, сейчас самое время обнаружить, что его нет."
"Forward, in pay order. Mercenaries fight best when they can see the paymaster watching.","Вперёд, по платёжной ведомости. Наёмники дерутся лучше, когда видят, что казначей смотрит."
"Forward, quietly. The best charge is the one the enemy hears about afterwards.","Вперёд, тихо. Лучший натиск тот, о котором враг узнаёт после."
"Forward. If it seems too easy, that is because it is meant to.","Вперёд. Если кажется слишком лёгким, то так и задумано."
"Fresh cohorts on the road. They march fast because I told them to.","Свежие когорты на дороге. Идут быстро, потому что я велел."
"Good. An enemy who shows up. Half my career was spent chasing ones who did not. Let us get on with it.","Хорошо. Враг, который явился. Полжизни я гонялся за теми, кто не являлся. Приступим."
"Hitting my camp, are we? Every stone you knock loose has already been invoiced to your treasury.","Значит, бьёшь по моему лагерю? Каждый выбитый камень уже выставлен счётом твоей казне."
"Hitting my camp. Spend your strength there while my hunters spend theirs on your wagons.","Бьёшь по моему лагерю. Трать там силы, пока мои охотники тратят свои на твоих обозах."
"Hitting my walls, are you. Every man you spend there is one I need not outwit later.","Значит, у моих стен. Каждый человек, потраченный там, — тот, кого мне не придётся перехитрять после."
"I am advancing. It will not look like much. It is not meant to.","Я наступаю. Выглядеть это будет невелико. Так и задумано."
"I am at the end of what patience can buy. Come, or write to my family. Either will do; only one is useful.","Я исчерпал всё, что можно купить терпением. Приходи или напиши моей семье. И то и другое сгодится; полезно только одно."
"I am attacking. Do not take it personally; I am simply collecting on ground you owe me.","Я атакую. Не принимай на свой счёт; я лишь взыскиваю землю, которую ты мне должен."
"I am attacking. Hold your side. If this is wasted, I shall be sending you the bill.","Я атакую. Держи свою сторону. Если это пропадёт впустую, я пришлю тебе счёт."
"I am attacking. If you wished to be consulted, you should have brought more men.","Я атакую. Если хотел, чтобы с тобой советовались, надо было привести больше людей."
"I am bleeding men, and each one was paid in advance. This is not a battle, it is an audit, and it is going badly.","Я теряю людей, и каждый оплачен вперёд. Это не битва, это ревизия, и она идёт скверно."
"I am coming at you now. All of it. Do not blink; you will miss the only part that matters.","Я иду на тебя сейчас. Всем. Не моргай; пропустишь единственную часть, которая важна."
"I am coming for you. Not from where you are looking. I never come from where you are looking.","Я иду за тобой. Не оттуда, куда ты смотришь. Я никогда не прихожу оттуда, куда ты смотришь."
"I am down to the last of them. If you are coming, run.","У меня остались последние. Если идёшь — беги."
"I am going in. Now. Hit them from your side or watch me do it alone.","Я вхожу. Сейчас. Ударь со своей стороны или смотри, как я делаю это один."
"I am losing cohorts faster than the treasury can replace them, and the treasury is quicker than you think.","Я теряю когорты быстрее, чем казна успевает их восполнить, а казна быстрее, чем ты думаешь."
"I am losing men and I cannot replace them out here. If you have spare, I have work for them.","Я теряю людей и здесь их не восполню. Если у тебя есть лишние, у меня для них работа."
"I am losing men at a rate I do not care for. The ledger still balances. Do not let it stop balancing.","Я теряю людей в темпе, который мне не по нраву. Книги пока сходятся. Не дай им перестать сходиться."
"I am losing men fast. Faster than I like, and I like it fast. Something has to change.","Я теряю людей быстро. Быстрее, чем люблю, а люблю я быстро. Что-то должно измениться."
"I am losing men. Not to cleverness, to weight. Lend me some of yours, or a distraction, or both.","Я теряю людей. Не от хитрости, от веса. Одолжи мне своих, или отвлеки их, или и то и другое."
"I am moving on them. Do not follow me directly; be where they run to.","Я иду на них. Не иди за мной прямо; будь там, куда они побегут."
"I am moving on them. Slowly, from the high ground. Do not wait for me; be where they break to.","Я иду на них. Медленно, с высоты. Не жди меня; будь там, где они сломаются."
"I am nearly done here. Nearly. The last few are hunters, and hunters are patient about dying.","Я здесь почти закончил. Почти. Последние — охотники, а охотники терпеливы в умирании."
"I am nearly done, they say. I have crossed mountains on nearly. Do not count what is left of me; count what it is still holding.","Говорят, со мной почти покончено. Я переходил горы на этом «почти». Не считай, что от меня осталось; считай, что это ещё держит."
"I am nearly finished, they say. Nearly. A fire is nearly out for a long time before it goes cold, and it burns fingers all the while.","Говорят, я почти кончен. Почти. Огонь бывает почти потухшим долго, прежде чем остынет, и всё это время жжёт пальцы."
"I am nearly finished. I would rather not be. Consider this an invoice for immediate assistance.","Я почти кончен. Предпочёл бы обратное. Считай это счётом за немедленную помощь."
"I am nearly out of men. Nearly. The last handful are the ones who stayed, and those are the ones you should fear.","У меня почти не осталось людей. Почти. Последняя горсть — те, кто остался, и вот их тебе и следует бояться."
"I am sending men forward now. Not many. Enough. One does not empty the granary to kill a fox.","Я высылаю людей вперёд. Немного. Достаточно. Амбар не опустошают, чтобы убить лису."
"I am sending the cohorts down now. Count them as they come. It will give you something to do with your last minutes.","Я спускаю когорты вниз. Считай их, пока идут. Будет чем занять последние минуты."
"I am sending the column now. It will not look like an attack until it is one.","Я высылаю колонну. Она не будет похожа на атаку, пока ею не станет."
"I see your banners. I saw others like them, years ago; they made excellent kindling. Take your time. I intend to take mine.","Вижу твои знамёна. Я видел такие же годы назад; они пошли на отменную растопку. Не спеши. Я тоже намерен не спешить."
"Keep the field, then. Rome does not lose provinces - she lends them, at interest. My accountants will be along in the spring, and they are far less pleasant than I am.","Оставь себе поле. Рим не теряет провинций — он ссужает их под проценты. Мои счетоводы явятся весной, и они куда неприятнее меня."
"Look at that. You are bleeding out and still holding the ground. Brave. Wrong, but brave.","Погляди-ка. Ты истекаешь кровью и всё ещё держишь землю. Храбро. Ошибочно, но храбро."
"Look at them fall. I did warn you that arithmetic is cruel, and I am only its clerk.","Смотри, как они падают. Я ведь предупреждал, что арифметика жестока, а я всего лишь её писец."
"Look at your line. Brave men, standing where the arrows are. Whose idea was that?","Взгляни на свой строй. Храбрецы, стоящие там, куда летят стрелы. Чья это была мысль?"
"Look at your line. Brave, disciplined, and in exactly the wrong place. Rome taught you well.","Взгляни на свой строй. Храбрый, выученный и ровно не на том месте. Рим научил тебя хорошо."
"Look at your losses. Whoever is paying for this war is getting very poor value.","Взгляни на свои потери. Кто бы ни платил за эту войну, он получает очень мало за свои деньги."
"Lost. I did say this was the Barcids' kind of war. Nobody listens to the man who keeps the books until the books are empty.","Проиграно. Я же говорил, что это война Баркидов. Человека при книгах не слушают, пока книги не опустеют."
"Lost. We fought their war instead of ours. Next time we choose the field before we choose the fight.","Проиграно. Мы вели их войну вместо своей. В следующий раз выберем поле прежде, чем выберем бой."
"Lost. We ran out of arrows or out of time; in this country they are the same thing.","Проиграно. У нас кончились стрелы или время; в этой стране это одно и то же."
"Lost. We were quicker than we should have been, or slower. I shall spend the winter deciding which.","Проиграно. Мы были быстрее, чем следовало, или медленнее. Проведу зиму, решая что именно."
"Lost. We were slow when it mattered. I will say so to anyone who asks, including you.","Проиграно. Мы промедлили, когда это было важно. Скажу это всякому, кто спросит, и тебе тоже."
"More men are on the road. I did not send for them out of fear; I sent for them because there is room.","По дороге идут ещё люди. Я послал за ними не от страха; я послал, потому что есть место."
"More men coming. Not for you to see - for you to feel.","Идут ещё люди. Не чтобы ты их видел — чтобы ты их почувствовал."
"More of mine are coming down the road. I know - I did not tell you. That was rather the idea.","Ещё мои спускаются по дороге. Знаю — я тебя не предупредил. В том и был замысел."
"More of mine are coming. I sent for them before you arrived; a hunter sets the snare before he sees the deer.","Идут ещё мои. Я послал за ними до твоего прихода; охотник ставит силок прежде, чем увидит оленя."
"More of my hired men are coming down the road. Fresh, fed, and paid. You cannot say the same for yours.","Ещё мои наёмные спускаются по дороге. Свежие, сытые и оплаченные. О твоих того же не скажешь."
"My archers advance. When their line looks at me, it is not looking at you.","Мои лучники наступают. Когда их строй смотрит на меня, он не смотрит на тебя."
"My archers are moving up. Look to your flanks; that is where the country runs thin.","Мои лучники выдвигаются. Береги фланги; там страна редеет."
"My camp is taking hits. I can hold. I would rather kill them with you than hold without you.","Мой лагерь принимает удары. Я удержусь. Но лучше бить их с тобой, чем держаться без тебя."
"My camp is taking the weight of their attack. If you were planning to come, this is the day for planning to end.","Мой лагерь держит вес их удара. Если ты собирался прийти, сегодня тот день, когда собираться пора кончать."
"My camp is under attack, and my archers are better at giving than taking. If you can come, come along the ridge.","На мой лагерь напали, а мои лучники лучше дают, чем берут. Если можешь прийти, иди по гребню."
"My camp is under attack, and my men are paid to fight, not to die. If you want them alive tomorrow, come today.","На мой лагерь напали, а моим людям платят за бой, не за смерть. Хочешь видеть их завтра живыми — приходи сегодня."
"My camp is under attack. I would prefer not to be the one caught in a trap for once; if you can help, now would be poetic.","На мой лагерь напали. Хоть раз я предпочёл бы не быть тем, кто попал в ловушку; если можешь помочь, сейчас вышло бы поэтично."
"My camp is under the hammer. If you have men to spare, spare them now; if not, I shall be curious to see what you were saving them for.","Мой лагерь под молотом. Есть лишние люди — дай их сейчас; нет — мне будет любопытно, для чего ты их берёг."
"My cohorts are bleeding. Very well. Rome bleeds the way rivers do - it is how she reaches the sea.","Мои когорты истекают кровью. Пусть. Рим кровоточит, как текут реки, — так он и достигает моря."
"My cohorts are marching on them. Watch the manoeuvre; it is not something one sees twice for free.","Мои когорты идут на них. Смотри на манёвр; такое дважды даром не показывают."
"My cohorts are moving on them. Slowly. If you are quicker, be quicker where they can see it.","Мои когорты идут на них. Медленно. Если ты быстрее, будь быстрее там, где это видно."
"My cohorts are thinning. It is a cost, and I keep the books honestly. There is still more field than you have men.","Мои когорты редеют. Это цена, а книги я веду честно. Поля всё ещё больше, чем у тебя людей."
"My columns advance. Watch their reserve. It will move when they see me, and that is when it is yours.","Мои колонны наступают. Следи за их резервом. Он двинется, когда увидит меня, и тогда он твой."
"My columns are moving. Watch the front, by all means; someone should, and it may as well be you.","Мои колонны двинулись. Следи за фронтом, изволь; кто-то должен, и пусть это будешь ты."
"My line advances. Do not look for the trick; there is no trick. There is only the next step, and then the one after.","Мой строй наступает. Не ищи хитрости; хитрости нет. Есть только следующий шаг, а затем ещё один."
"My men are down in numbers. So be it. Blood is the coin, and I have always paid in full.","Мои люди падают во множестве. Пусть. Кровь — монета, и я всегда платил сполна."
"My men are dying. Good men, too. The enemy may take them; the enemy may not have my attention as well.","Мои люди гибнут. И хорошие люди. Пусть враг заберёт их; моего внимания он в придачу не получит."
"My men are falling. The line thins. I have fed armies on less and the hills have not run out of stone.","Мои люди падают. Строй редеет. Я кормил войска и меньшим, а у холмов камень не кончился."
"My part is done. The hills kept me alive longer than the plain would have. Go on without me and win.","Моя часть сделана. Холмы держали меня в живых дольше, чем держала бы равнина. Иди без меня и побеждай."
"My part is over. I shall be in the Council chamber by morning, explaining how it was your fault. Win anyway.","Моя часть окончена. К утру я буду в зале Совета объяснять, что виноват ты. Побеждай всё равно."
"My spears are falling. Every one is a contract I have to settle with a widow. Someone will pay for this, and it will not be me.","Мои копейщики падают. Каждый — договор, который придётся закрывать со вдовой. Кто-то за это заплатит, и это буду не я."
"My spears are marching on them. I do not do this cheaply, so kindly make it count.","Мои копейщики идут на них. Я делаю это недёшево, так что будь любезен, чтобы это стоило того."
"My spears are moving. Every one of them is paid through the season, so they will not stop for a little dying.","Мои копейщики двинулись. Каждый оплачен до конца сезона, так что из-за небольшой смерти они не остановятся."
"Nearly bankrupt, then. In men, I mean. I have been bankrupt before; the trick is to owe so much that they cannot afford to finish you.","Стало быть, почти разорён. В людях, я имею в виду. Я уже бывал разорён; хитрость в том, чтобы задолжать столько, что тебя не по карману добить."
"Nearly beaten, they tell me. I have been nearly beaten before. The word is doing a great deal of work in that sentence.","Почти разбит, говорят мне. Я и раньше бывал почти разбит. Это слово делает в такой фразе очень много работы."
"One camp changes hands. I have lost more to a dishonest quartermaster and slept perfectly well.","Один лагерь сменил хозяина. Я терял больше на нечестном интенданте и спал превосходно."
"One camp gone. I have never yet lost a war to masonry.","Одним лагерем меньше. Я ещё ни разу не проиграл войну кладке."
"One camp lost. I have lost an eye, an army and a brother, and here I still am.","Один лагерь потерян. Я потерял глаз, войско и брата, а всё ещё здесь."
"Reinforcements march. Rome has a great many sons and a very short memory for their names.","Подкрепления идут. У Рима очень много сыновей и очень короткая память на их имена."
"Reinforcements on the road. Not many. Enough to make you turn your head at the wrong moment.","Подкрепления в пути. Немного. Достаточно, чтобы ты повернул голову в неподходящий миг."
"Reinforcements. Bought this morning, delivered this afternoon. That is what a treasury is for.","Подкрепления. Куплены утром, доставлены к вечеру. Для того и казна."
"Reinforcements. Mine, I am afraid. I collect them the way others collect debts.","Подкрепления. Мои, увы. Я собираю их так, как другие собирают долги."
"Right. You are here, I am here. No speeches. Sharpen what you have; I do not like to fight dull men.","Итак. Ты здесь, я здесь. Без речей. Наточи, что имеешь; я не люблю драться с тупыми."
"So it begins. Spears touch, men fall, and the wheat grows regardless. I can wait longer than you can bleed.","Так начинается. Копья сходятся, люди падают, а пшеница растёт себе дальше. Я могу ждать дольше, чем ты можешь истекать кровью."
"So it ends with a blade after all. Tell Rome I was a wolf, not a bull. She never did learn the difference.","Значит, всё же кончается клинком. Скажите Риму, что я был волком, а не быком. Разницы он так и не выучил."
"So the Barcids' war has found me a new opponent. Understand that I am here for the ledger, not the legend, and ledgers are much harder to kill.","Значит, война Баркидов нашла мне нового противника. Пойми: я здесь ради книг, а не ради легенды, а книги убить куда труднее."
"So the arrow finds me at last. Tell my brother I held the road as long as roads can be held.","Значит, стрела всё же нашла меня. Скажите брату, что я держал дорогу столько, сколько дороги вообще держат."
"So the old man falls at last. Rome will call it a tragedy for a week and a lesson for a century. Mind the lesson.","Значит, старик наконец пал. Рим неделю будет звать это трагедией, а век — уроком. Держись урока."
"So this is the army. I make it three cohorts and some optimism. My clerks have already drawn up the receipt for your camp; we only need the date.","Так вот оно, войско. Насчитываю три когорты и немного бодрости. Мои писцы уже составили расписку на твой лагерь; не хватает лишь даты."
"So. The Barcids get their wish and I get a spear. Tell the Council the books are in order. They always were.","Что ж. Баркиды получают своё, а я — копьё. Скажите Совету, что книги в порядке. Они всегда были в порядке."
"So. You have come to fight me. How refreshing - most of my enemies prefer to wait behind their walls until I have finished with the countryside.","Итак. Ты пришёл драться со мной. Как освежающе — большинство моих врагов предпочитают ждать за стенами, пока я не закончу с округой."
"Steel meets steel. Now the costs begin. I do hope you are keeping accounts, because I am.","Сталь встречает сталь. Теперь начинаются издержки. Надеюсь, ты ведёшь счёт, потому что я веду."
"Steel. Finally. Now we find out what you are made of, and I already have a guess.","Сталь. Наконец-то. Теперь узнаем, из чего ты сделан, а у меня уже есть догадка."
"Take the camp. I have taken cities and given them back; the joy is in the taking, not the holding.","Бери лагерь. Я брал города и отдавал их; радость во взятии, а не в удержании."
"That camp is Rome's now. I shall let you have the wells, at the usual rate.","Этот лагерь теперь Рима. Колодцы оставлю тебе, по обычной ставке."
"That camp is mine now. I have already sold the grain in it twice. Do not look so surprised; it is how one makes a profit on war.","Этот лагерь теперь мой. Зерно из него я уже продал дважды. Не делай такого лица; так и извлекают прибыль из войны."
"That camp is mine now. I shall not do anything dramatic with it. I shall simply keep it, which is worse.","Этот лагерь теперь мой. Ничего громкого я с ним не сделаю. Я просто оставлю его себе, что хуже."
"That camp is mine. I did not even need the elephants. I am almost disappointed.","Этот лагерь мой. Мне даже не понадобились слоны. Я почти разочарован."
"That camp is mine. I did not storm it; I waited for it. There is a difference and you will feel it.","Этот лагерь мой. Я не брал его штурмом; я его дождался. Разница есть, и ты её почувствуешь."
"That camp is mine. Took it at the run. Did you even see the standard change?","Этот лагерь мой. Взят с ходу. Ты вообще успел увидеть, как сменилось знамя?"
"That camp is ours. I have already leased the granary. To you, actually. We can discuss terms.","Этот лагерь наш. Зернохранилище я уже сдал внаём. Тебе, собственно. Условия можно обсудить."
"That camp is ours. I took it from the side nobody guards, which is every side, eventually.","Этот лагерь наш. Я взял его с той стороны, которую никто не стережёт, а это со временем всякая сторона."
"That camp is ours. I will hold it and keep the road open behind you. Somebody has to.","Этот лагерь наш. Я удержу его и оставлю дорогу за тобой открытой. Кто-то же должен."
"That is all of me spent. It was a long war and I regret none of the slow parts. Finish it.","Вот и всё, что во мне было. Война была долгой, и ни об одной её медленной части я не жалею. Закончи её."
"That is my part done. Went forward the whole way. Finish what is left of them.","Моя часть сделана. Шёл вперёд всю дорогу. Добей то, что от них осталось."
"That is the end of it. You fought. That counts for something in my camp, if not in yours.","Это конец. Ты дрался. В моём лагере это чего-то стоит, пусть и не в твоём."
"That is the end of my army. Not of me - never that - but the war is in your hands now. Turn it.","Это конец моего войска. Не мой — никогда, — но война теперь в твоих руках. Переверни её."
"That is the end of my part. The rest of the war is yours. Do keep the receipts.","Это конец моей части. Остальная война твоя. Храни расписки."
"That is the end. You fought hard and thought little. In the hills, that gets you eaten.","Это конец. Ты дрался упорно и думал мало. В холмах за это съедают."
"That was yours a moment ago. My surveyors are already renaming the streets. Something Latin, I think.","Ещё мгновение назад это было твоим. Мои землемеры уже переименовывают улицы. Что-нибудь латинское, полагаю."
"The cohorts are moving - slowly, in step. You will have time to see them coming. That is the point.","Когорты двинулись — медленно, в ногу. Ты успеешь увидеть, как они идут. В том и смысл."
"The first arrows fly. Now we learn whether you can bleed and think at once.","Полетели первые стрелы. Теперь узнаем, умеешь ли ты истекать кровью и думать разом."
"The legion is moving. Do not trouble to form a line - it will only give my men something to step over.","Легион двинулся. Не трудись строить линию — это лишь даст моим людям, через что перешагнуть."
"There it is. You came straight at me, like a bull at a red cloak, and now you are wondering where the cloak went.","Вот и оно. Ты пошёл прямо на меня, как бык на красное полотно, и теперь гадаешь, куда делось полотно."
"There you are. I have been counting your wagons. Fewer than you need, more than you can guard. This will be a patient day.","Вот ты где. Я считал твои повозки. Меньше, чем нужно, больше, чем сможешь устеречь. День будет терпеливым."
"There. It was never a battle, only a season, and seasons end. Go home if you have one; the road is long and I shall not follow.","Вот и всё. Это никогда не было битвой, лишь временем года, а времена года кончаются. Иди домой, если он есть; дорога длинна, и я не пойду следом."
"There. That is what happens when amateurs march against a ledger. Sit down. My men will count you when they have counted the horses.","Вот и всё. Так бывает, когда любители идут на счётную книгу. Садись. Мои люди сосчитают вас, когда сосчитают лошадей."
"There. You are done, and I have lost fewer men than I budgeted for. That is a good day in my trade.","Вот и всё. Ты кончен, а я потерял меньше людей, чем заложил в смету. В моём ремесле это хороший день."
"They are at my walls, and my walls were built by the lowest bidder. Some assistance would not go unrecorded.","Они у моих стен, а мои стены строил тот, кто дал самую дешёвую цену. Немного помощи не осталось бы незаписанным."
"They are at my walls. Come now, hard, and we break them between us.","Они у моих стен. Приходи сейчас, крепко, и мы сломаем их между собой."
"They are at my walls. I can hold a while - I always can - but a while is not forever, and I would rather not test the word.","Они у моих стен. Я продержусь какое-то время — я всегда держусь, — но какое-то время не значит всегда, и слово это проверять не хочется."
"They are at my walls. I can hold a while with what I have. A while, not long. Please hear the difference.","Они у моих стен. С тем, что есть, я продержусь какое-то время. Какое-то, недолго. Услышь разницу, прошу."
"They are at my walls. I have been the hammer so often that I forget what the anvil feels like. It is unpleasant.","Они у моих стен. Я так часто был молотом, что забыл, каково быть наковальней. Это неприятно."
"They are at my walls. Mercenaries have a fine sense of when a paymaster is about to become a corpse. Do hurry.","Они у моих стен. У наёмников тонкое чутьё на то, когда казначей вот-вот станет трупом. Поторопись."
"This is the edge. I have stood on it before and walked back. I would rather not do it alone.","Это край. Я уже стоял на нём и возвращался. Предпочёл бы не делать этого в одиночку."
"This is the end of my line unless you reach me. I will not ask twice; there will not be time to.","Это конец моего строя, если ты не дойдёшь до меня. Дважды просить не стану; времени не будет."
"This is what the end of a consulship looks like from the inside. Come quickly, or come for the funeral.","Вот как выглядит конец консульства изнутри. Приходи скорее или приходи на похороны."
"Together, then. I will do the clever part. You may do the brave part; it is honest work and someone must.","Значит, вместе. Я возьму на себя умную часть. Ты можешь взять храбрую; работа честная, и кто-то должен её делать."
"We are allies, so I am told. I did not vote for it. Keep your men off my supply lines and we shall get along splendidly.","Мы союзники, как мне сказали. Я за это не голосовал. Держи своих людей подальше от моих обозных путей, и мы прекрасно поладим."
"We fight side by side. Keep pace with me or stay out of my way; either is fine, both at once is not.","Мы бьёмся плечом к плечу. Поспевай за мной или не путайся под ногами; и то и другое годится, оба разом — нет."
"We fight together, then. Do try to keep your line straight - I shall be watching from the good ground, and I have a very long memory for embarrassments.","Значит, бьёмся вместе. Постарайся держать строй ровно — я буду смотреть с хорошей высоты, а на чужие конфузы у меня очень долгая память."
"We fight together. I will hold the flanks and watch the roads. Keep your supply close; the enemy will not fight fair and neither will I.","Бьёмся вместе. Я держу фланги и слежу за дорогами. Держи обоз близко; враг не станет драться честно, и я тоже."
"We stand together. I will not be hurried, and I will not hurry you. Hold what you have and let the enemy come to us tired.","Мы стоим вместе. Меня не поторопить, и тебя я торопить не стану. Держи, что имеешь, и пусть враг придёт к нам усталым."
"Welcome to my field. I say mine; I have not signed anything. I simply find that fields tend to become mine after a while.","Добро пожаловать на моё поле. Говорю «моё»; я ничего не подписывал. Просто замечаю, что поля со временем становятся моими."
"Well. A field is lost. I have lost fields before and taken the harvest anyway. We shall see who is still here at the sowing.","Что ж. Поле потеряно. Я и раньше терял поля и всё же снимал урожай. Посмотрим, кто останется здесь к севу."
"Won. Clean and fast. That is how it is done. Drink tonight; march tomorrow.","Выиграно. Чисто и быстро. Вот как это делается. Пей сегодня; выступай завтра."
"Won. Good. Now let us eat before someone counts what it cost us.","Выиграно. Хорошо. Теперь поедим, пока кто-нибудь не сосчитал, во что это обошлось."
"Won. I shall tell the Council it was my doing and yours was very expensive. They will believe half of it.","Выиграно. Скажу Совету, что это моих рук дело, а твоё вышло очень дорого. Половине они поверят."
"Won. Neatly. Remember that half of it was the ground and the other half was the timing, and none of it was luck.","Выиграно. Аккуратно. Помни, что наполовину это была земля, а наполовину — время, и ничего из этого не было удачей."
"Won. Not quickly, but won. Remember how it felt to wait; it is the part nobody else will remember for you.","Выиграно. Не быстро, но выиграно. Помни, каково было ждать; эту часть за тебя никто не запомнит."
"You are a long way from your supply, and I can see your fires from here. A hunter does not chase the deer; he waits at the water.","Ты далеко от обоза, а твои костры я вижу отсюда. Охотник не гонится за оленем; он ждёт у воды."
"You are at my camp. A camp is a tent with ambition; I have left better ones to wolves.","Ты у моего лагеря. Лагерь — это шатёр с притязаниями; я оставлял волкам и получше."
"You are at my walls. A camp is a hide, nothing more. I have others, and the hills have more still.","Ты у моих стен. Лагерь — это логово, не более. У меня есть другие, а у холмов ещё больше."
"You are at my walls. Bold. My grandfather kept a dog that was bold; we buried it with honours and bought a better one.","Ты у моих стен. Дерзко. У деда был дерзкий пёс; мы похоронили его с почестями и купили получше."
"You are at my walls. Do you have any idea what those walls cost? Of course not. Nobody who breaks things ever does.","Ты у моих стен. Ты хоть представляешь, во что обошлись эти стены? Разумеется, нет. Тот, кто ломает, никогда не представляет."
"You are at my walls. Knock. My walls have been knocked on by better, and they have learned not to answer.","Ты у моих стен. Стучи. В мои стены стучали и получше, и они выучились не открывать."
"You are bleeding. I am not pleased by it; I am merely not surprised.","Ты истекаешь кровью. Меня это не радует; просто не удивляет."
"You are hitting my camp. Good. That means you are close enough for me to hit back.","Ты бьёшь по моему лагерю. Хорошо. Значит, ты достаточно близко, чтобы я ударил в ответ."
"You brought numbers. I brought arithmetic. Do write to your people and tell them the difference, if any of them can read.","Ты привёл числа. Я привёл арифметику. Напиши своим и объясни разницу, если кто-то из них умеет читать."
"You have a camp of mine. Feed it. Water it. I will watch you try to do both from the road you do not hold.","У тебя мой лагерь. Корми его. Пои. Погляжу, как ты делаешь и то и другое с дороги, которой не владеешь."
"You have beaten a consul. Write it down somewhere; nobody in the city will believe you, and next year they will send two.","Ты побил консула. Запиши это где-нибудь; в городе тебе никто не поверит, а на следующий год пришлют двоих."
"You have come a long way to stand in a field. Stand in it, then. I have wheat to bring in, and a great deal of time, and you have neither.","Ты проделал долгий путь, чтобы постоять на поле. Так стой. У меня пшеница на уборке и очень много времени, а у тебя нет ни того ни другого."
"You have killed a consul. Rome keeps forty more in cupboards in the city, and I promise you the ones still in the cupboards are worse.","Ты убил консула. У Рима в городе по шкафам ещё сорок таких, и уверяю тебя: те, что ещё в шкафах, хуже."
"You have taken a camp. It will need feeding, and I have noticed that you do not feed things well.","Ты взял лагерь. Его придётся кормить, а я заметил, что ты плохо кормишь."
"You have taken a camp. Take the debts that come with it too; I was rather hoping someone would.","Ты взял лагерь. Забери и долги, что к нему прилагаются; я как раз надеялся, что кто-нибудь заберёт."
"You have that camp. Congratulations - you now own its wells, its debts, and its sanitation. I shall want it back before the rains.","Этот лагерь твой. Поздравляю — теперь тебе принадлежат его колодцы, его долги и его нечистоты. Я захочу его назад до дождей."
"You have the ground. Ground is patient; so am I. Winter will visit you here long before I do, and it does not negotiate.","Земля твоя. Земля терпелива; я тоже. Зима навестит тебя здесь задолго до меня, и она не торгуется."
"You have won the field. Very well. I have lost cheaper things to worse men. The Council will hear that the Barcids' war lost it, not mine.","Ты выиграл поле. Хорошо. Я терял вещи подешевле людям похуже. Совет услышит, что проиграла война Баркидов, а не моя."
"You have won. I am almost pleased; a man learns nothing from beating fools. I shall learn from you, and I promise you will not enjoy the lesson.","Ты выиграл. Я почти доволен; побеждая глупцов, ничему не научишься. У тебя научусь, и обещаю: урок тебе не понравится."
"You hurried. Men who hurry meet me exactly where I am waiting. Rest now. The ground is good for it.","Ты поспешил. Те, кто спешит, встречают меня ровно там, где я жду. Отдыхай теперь. Земля для этого хороша."
"You took the camp. Fine. It was walls; I fight in the field. Come and find me there.","Ты взял лагерь. Ладно. Это были стены; я дерусь в поле. Приходи и найди меня там."
"You win the field. Take it. I have hunted this country for years; the land will still feed me when you have eaten it bare.","Ты выигрываешь поле. Бери. Я охотился в этом краю годами; земля прокормит меня и тогда, когда ты объешь её дочиста."
"You won. Do not gloat; it slows the feet. I will find you again on better ground.","Ты победил. Не торжествуй; это утяжеляет ноги. Я найду тебя снова на лучшей земле."
"Your camp changes masters. They will find me a lenient landlord and a very poor tenant.","Твой лагерь меняет хозяев. Меня сочтут снисходительным владельцем и весьма скверным постояльцем."
"Your camp is taken. My brother will say it was his idea. It usually is.","Твой лагерь взят. Мой брат скажет, что это была его мысль. Обычно так и есть."
"Your camp, gone in a heartbeat. That is what tempo does. Learn it or lose the next one.","Твой лагерь исчез в один удар сердца. Вот что делает темп. Выучи его или проиграй следующий."
"Your camp, under new management. I shall keep the wells and fire the garrison. Standard practice.","Твой лагерь под новым управлением. Колодцы оставлю себе, гарнизон распущу. Обычное дело."
"Your commander has fallen. A pity. I had a speech prepared for after, and he would have hated it.","Твой военачальник пал. Жаль. У меня была заготовлена речь на потом, и она бы ему не понравилась."
"Your commander has fallen. Grief later; line now. The field does not pause for either of us.","Твой военачальник пал. Горе после; строй сейчас. Поле не делает передышки ни для кого из нас."
"Your commander has fallen. Hasty men do. Bury him with honour; you will be joining him soon enough, and the ground here is soft.","Твой военачальник пал. С поспешными так бывает. Похорони его с честью; скоро ты к нему присоединишься, а земля здесь мягкая."
"Your commander has fallen. I know that grief. Keep your men together; scattered men are what the enemy is hunting.","Твой военачальник пал. Мне знакомо это горе. Держи людей вместе; рассеянных враг и ловит."
"Your commander has fallen. Sorry. Keep your men moving; grief stands still and standing still kills.","Твой военачальник пал. Сочувствую. Держи людей в движении; горе стоит на месте, а стоять на месте — умирать."
"Your commander has fallen. Unfortunate. Hold your line; I shall not hold mine for a leaderless ally very long.","Твой военачальник пал. Досадно. Держи строй; ради союзника без головы я свой держать долго не стану."
"Your commander is dead. A costly man to lose. I have already calculated what it will cost you to replace him; the number is not kind.","Твой военачальник мёртв. Дорогая потеря. Я уже подсчитал, во что обойдётся его замена; число недоброе."
"Your commander is dead. Unfortunate, and expensive. Keep your line; a leaderless ally is a liability I did not agree to insure.","Твой военачальник мёртв. Досадно и дорого. Держи строй; союзник без головы — риск, страховать который я не соглашался."
"Your commander is down. He led from the front; brave men do, and it is where the arrows go.","Твой военачальник пал. Он вёл впереди; храбрые так и делают, а туда и летят стрелы."
"Your commander is down. I did not enjoy it. I did not have to.","Твой военачальник пал. Мне это не доставило удовольствия. Оно и не требовалось."
"Your commander is down. Pity. I had meant to invite him to dinner after and explain where he went wrong.","Твой военачальник пал. Жаль. Я собирался позвать его после на ужин и объяснить, где он ошибся."
"Your commander is down. Their moment of joy is your moment of opportunity; nobody watches the flanks while they cheer.","Твой военачальник пал. Их миг радости — твой миг возможности; за флангами никто не следит, пока ликует."
"Your line is breaking. I can hear it from here. Press or pull back - standing there is just dying slowly.","Твой строй ломается. Мне слышно отсюда. Дави или отходи — стоять там значит просто медленно умирать."
"Your line is thinning nicely. I am told grief is easier when one has fewer names to remember.","Твой строй славно редеет. Говорят, горевать легче, когда имён нужно помнить меньше."
"Your men are dropping in the open. A hunter feels no pride in it. Only a little pity, and a full quiver.","Твои люди падают на открытом месте. Охотник не гордится этим. Лишь немного жалости и полный колчан."
"Your men are dying at a rate that would bankrupt a lesser treasury. I find that admirable and very stupid.","Твои люди гибнут в темпе, который разорил бы казну поменьше. Нахожу это достойным восхищения и весьма глупым."
"Your men are falling faster than you are replacing them. That is not a battle. That is a harvest, and it is not yours.","Твои люди падают быстрее, чем ты их восполняешь. Это не битва. Это жатва, и не твоя."
"Your men are falling in rows. That is what happens when you fight a wall's war against a river.","Твои люди падают рядами. Так бывает, когда ведёшь войну стены против реки."
"Quintus Fabius Maximus","Квинт Фабий Максим"
"Rome's delaying strategist who preserves armies through discipline and staying power.","Римский стратег промедления, сберегающий армии дисциплиной и стойкостью."
"A campaign and scenario commander; never produced from a barracks.","Полководец кампании и сценариев; в казармах никогда не появляется."
"Heavy spear commander who anchors a disciplined battle line.","Полководец тяжёлых копейщиков, скрепляющий дисциплинированный строй."
"Boosts nearby troop endurance and slows collapse in grind fights.","Повышает выносливость ближних отрядов и замедляет развал в изматывающих схватках."
"Lower offensive pressure and weaker pursuit potential.","Меньше наступательного напора и слабее преследование."
"Fabian Endurance keeps nearby cohorts in line for prolonged fighting.","«Фабиева стойкость» держит ближние когорты в строю в затяжном бою."
"Nearby allied spearmen regenerate health fastest inside the aura.","Союзные копейщики рядом восстанавливают здоровье быстрее всех в пределах ауры."
"Rally of Patience stabilizes wavering lines during attritional combat.","«Сбор терпения» стабилизирует дрогнувшие линии в бою на истощение."
"If killed or wounded, nearby allies lose confidence and the aura shuts off.","Если он убит или ранен, союзники рядом теряют уверенность, и аура гаснет."
"Bracing Thrust","Упорный выпад"
"Publius Cornelius Scipio","Публий Корнелий Сципион"
"Aggressive Roman consul focused on decisive strikes and tactical initiative.","Напористый римский консул, нацеленный на решающие удары и тактическую инициативу."
"Sword-and-shield infantry commander who leads close behind the main assault line.","Полководец меча и щита, идущий вплотную за главной линией атаки."
"Improves nearby offensive output and enables sharper counter-pushes.","Усиливает удар ближних отрядов и позволяет более резкие контратаки."
"More vulnerable if isolated away from supporting infantry.","Более уязвим, если отрезан от поддерживающей пехоты."
"Consular Assault boosts nearby legion attack tempo.","«Консульский штурм» ускоряет темп атаки ближнего легиона."
"Nearby allied swordsmen gain the most bonus damage in aura range.","Союзные мечники рядом получают наибольшую прибавку к урону в пределах ауры."
"Consular Rally rapidly restores morale to wavering assault cohorts.","«Консульский сбор» быстро возвращает боевой дух дрогнувшим штурмовым когортам."
"Death of the consul causes a severe morale shock to nearby Romans.","Гибель консула тяжело подрывает дух римлян поблизости."
"Consular Riposte","Консульская рипоста"
"Marcus Claudius Marcellus","Марк Клавдий Марцелл"
"Roman field commander known for fast shock actions and relentless pressure.","Римский полевой командир, известный быстрыми ударами и неослабным напором."
"Lightly armored bow commander who supports aggressive vanguard action.","Легко бронированный полководец лучников, поддерживающий напор авангарда."
"Raises maneuver speed for nearby troops, enabling faster local redeployment.","Повышает скорость манёвра ближних отрядов, ускоряя местные перестроения."
"Lower staying power than other Roman commanders.","Меньше живучести, чем у прочих римских полководцев."
"Vanguard Tempo accelerates nearby infantry movement and line repositioning.","«Темп авангарда» ускоряет движение ближней пехоты и перестроение линии."
"Nearby allied archers move fastest while in aura range.","Союзные лучники рядом движутся быстрее всех в пределах ауры."
"Vanguard Rally snaps wavering attackers back into coherent motion.","«Сбор авангарда» возвращает дрогнувших атакующих в слаженное движение."
"If Marcellus falls, nearby attackers suffer immediate morale drop.","Если Марцелл пал, атакующие рядом немедленно теряют дух."
"Point-blank Volley","Залп в упор"
"Hanno the Great","Ганнон Великий"
"Carthaginian phalanx commander who holds ground with hired spear levies.","Карфагенский полководец фаланги, удерживающий землю наёмным копейным ополчением."
"Bronze-spear commander coordinating disciplined mercenary infantry.","Полководец бронзового копья, слаживающий дисциплинированную наёмную пехоту."
"Keeps a braced spear line standing far longer than it should.","Держит упёртую копейную линию куда дольше, чем ей отпущено."
"Mediocre direct combat impact and risky if exposed.","Средний вклад в прямой бой и риск, если он открыт."
"Contract Discipline knits nearby spear levies into an unbroken hedge.","«Договорная дисциплина» сплетает ближние копейные отряды в сплошную изгородь."
"Nearby allied spearmen recover health fastest inside the aura.","Союзные копейщики рядом быстрее всех восстанавливают здоровье в пределах ауры."
"Treasury Rally restores wavering troops and keeps formations from breaking.","«Сбор казны» поднимает дрогнувшие отряды и не даёт строю развалиться."
"Death triggers contract panic, reducing confidence in nearby troops.","Его гибель вызывает договорную панику и подрывает уверенность ближних отрядов."
"Phalanx Sweep","Взмах фаланги"
"Hasdrubal Barca","Гасдрубал Барка"
"Mobile Carthaginian field commander built around decisive flanking momentum.","Подвижный карфагенский полевой командир, построенный вокруг решающего охвата с фланга."
"Fast bow commander built around flanking pressure and withdrawal.","Быстрый полководец лучников, живущий фланговым напором и отходом."
"Increases nearby unit speed for coordinated flanks and withdrawals.","Повышает скорость ближних отрядов ради слаженных обходов и отходов."
"Less resilient in prolonged frontal attrition.","Менее устойчив в затяжном лобовом истощении."
"Barcid Maneuver grants nearby troops superior movement control.","«Манёвр Баркидов» даёт ближним отрядам лучшее управление движением."
"Nearby allied archers gain the most movement speed in aura range.","Союзные лучники рядом получают наибольшую прибавку к скорости в пределах ауры."
"Flank Rally rapidly restores wavering units preparing to maneuver.","«Фланговый сбор» быстро поднимает дрогнувшие отряды перед манёвром."
"Loss of Hasdrubal sharply drops morale among nearby mobile forces.","Потеря Гасдрубала резко роняет дух подвижных сил поблизости."
"Hunting Shot","Охотничий выстрел"
"Hannibal Barca","Ганнибал Барка"
"Carthage's premier battlefield commander from the Hannibal campaign.","Главный полководец Карфагена из кампании Ганнибала."
"Elite sword commander with an iconic standard and sacred-band armor.","Отборный полководец меча со знаменитым значком и доспехом священной дружины."
"Delivers a strong nearby attack bonus and elite crisis rally response.","Даёт сильную прибавку к атаке рядом и отборный сбор в миг кризиса."
"High-value target; losing him causes severe local collapse.","Ценная цель: его потеря вызывает тяжёлый местный развал."
"Hannibalic Offensive amplifies nearby attack power before decisive engagements.","«Ганнибалово наступление» усиливает удар поблизости перед решающей схваткой."
"Nearby allied swordsmen gain substantial attack damage in aura range.","Союзные мечники рядом получают заметную прибавку к урону в пределах ауры."
"Supreme Rally restores routing or wavering units to fighting order.","«Высший сбор» возвращает бегущие или дрогнувшие отряды в боевой порядок."
"If Hannibal is killed or wounded, nearby allied morale takes a heavy shock and aura ends.","Если Ганнибал убит или ранен, дух союзников рядом получает тяжёлый удар, и аура гаснет."
"Encircling Cut","Охватывающий разрез"
"Iron and Ember","Железо и жар"
"Scale %1×  ·  %2  ·  colour vision: %3","Масштаб %1×  ·  %2  ·  цветовое зрение: %3"
"reduced motion","меньше движения"
"full motion","полное движение"
"Typefaces","Шрифты"
"Display: the quick brown fox","Заголовочный: съешь ещё этих мягких булок"
"Body: the quick brown fox jumps over the lazy dog","Текстовый: съешь же ещё этих мягких французских булок да выпей чаю"
"Buttons","Кнопки"
"Primary","Основная"
"Secondary","Второстепенная"
"Destructive","Опасная"
"Disabled","Отключена"
"Unavailable in this state","Недоступно в этом состоянии"
"Search","Поиск"
"Selected","Выбрано"
"Orders","Приказы"
"Attack","Атака"
"Guard","Охрана"
"Anchor troops to a spot. They step out to meet what comes near, then walk back.","Закрепите отряды на точке. Они выходят навстречу тому, что подойдёт, и возвращаются."
"Holding a spot","Держит точку"
"Reach","Охват"
"They fight what comes within 10 m of that spot, and drop a target that leaves it.","Они бьются с тем, что войдёт в 10 м от точки, и бросают цель, которая её покинет."
"Release","Отпустить"
"Press Guard again, or order a move or attack.","Нажмите «Охрана» ещё раз или отдайте приказ идти либо атаковать."
"Patrol","Патруль"
"Rally","Сбор"
"Build","Строить"
"Build is only available to builders","Строить умеют только строители"
"Unit activities","Занятия отрядов"
"Faction skins","Облик фракций"
"Selection","Выделение"
"Roman Spearmen ×24","Римские копейщики ×24"
"Defense formation","Оборонительный строй"
"In the field","В поле"
"A collapsible block of detail. The unit panel stacks one per topic.","Сворачиваемый блок подробностей. Панель отряда ставит по одному на тему."
"Spearmen","Копейщики"
"Archers","Лучники"
"Inputs","Поля ввода"
"Balanced","Уравновешенный"
"Aggressive","Напористый"
"Defensive","Оборонительный"
"Reduced motion","Меньше движения"
"Collapses transitions to an instant state change","Сводит переходы к мгновенной смене состояния"
"Objectives","Задачи"
"Capture the eastern barracks","Захватите восточные казармы"
"Hold the ford until dusk","Удержите брод до сумерек"
"Do not lose the commander","Не потеряйте полководца"
"Take no losses","Обойдитесь без потерь"
"Notification priorities","Важность уведомлений"
"Commander under attack","Полководец под ударом"
"Eastern approach, 3 hostiles","Восточный подход, 3 противника"
"Barracks destroyed","Казармы разрушены"
"Spearmen ready","Копейщики готовы"
"Supply route restored","Путь снабжения восстановлен"
"Press a key or click a mouse button. Backspace clears it, Esc cancels.","Нажмите клавишу или кнопку мыши. Backspace очищает, Esc отменяет."
"Select a command to rebind it. Each one takes two keys, so the camera can answer to the arrows and to WASD at once.","Выберите команду, чтобы переназначить её. Каждой достаётся две клавиши, поэтому камера может слушаться и стрелок, и WASD одновременно."
"Reset all","Сбросить все"
"Every binding is already at its default.","Все привязки уже стоят по умолчанию."
"%1 is already used by %2.","%1 уже занято командой «%2»."
"Use it here anyway","Всё равно занять"
"Keep as it is","Оставить как есть"
"Taking it leaves the other command unbound.","Если забрать, та команда останется без привязки."
"Conflicts with %1","Конфликт с «%1»"
"Press a key…","Нажмите клавишу…"
"Unbound","Не назначено"
"Add a second key for %1","Добавить вторую клавишу для «%1»"
"Second key for %1","Вторая клавиша для «%1»"
"Default","По умолчанию"
"This binding is already the default.","Эта привязка уже стоит по умолчанию."
"The cursed vein is yours. It bleeds gold - and the men who guard it.","Проклятая жила ваша. Она кровоточит золотом — и людьми, что её стерегут."
"Enemy target","Вражеская цель"
"Cannot attack ally","Нельзя атаковать союзника"
"Cannot attack this target","Нельзя атаковать эту цель"
"Selection cannot attack","Выделенные атаковать не могут"
"In range","В пределах досягаемости"
"Too close","Слишком близко"
"Out of range","Вне досягаемости"
"No firing line","Нет линии стрельбы"
"Collect","Собрать"
"Deliver civilians","Доставить гражданских"
"Repair","Ремонт"
"Harvest grain","Сжать зерно"
"Slaughter sheep","Забить овцу"
"Hide these prompts","Скрыть эти подсказки"
"How it works","Как это работает"
"Gold","Золото"
"Food","Еда"
"Wood","Древесина"
"Stone","Камень"
"Iron","Железо"
"Comes from your starting treasury, mission rewards, and selling goods at a marketplace.","Берётся из начальной казны, наград за задания и продажи товаров на рынке."
"Send a builder to reap a ripe farm or slaughter a sheep with Collect, or leave Auto Gather running. Recruiting a civilian at a home spends it.","Отправьте строителя приказом «Собрать» сжать созревшее поле или забить овцу либо оставьте автосбор включённым. Наём гражданского в доме её тратит."
"Send a builder to chop a tree with Collect, or leave Auto Gather running.","Отправьте строителя приказом «Собрать» срубить дерево либо оставьте автосбор включённым."
"Send a builder to a boulder with Collect, or leave Auto Gather running.","Отправьте строителя приказом «Собрать» к валуну либо оставьте автосбор включённым."
"Send a builder to an iron ore deposit with Collect, or leave Auto Gather running.","Отправьте строителя приказом «Собрать» к залежи железной руды либо оставьте автосбор включённым."
"Home","Дом"
"Farm","Ферма"
"Barracks","Казармы"
"Defense Tower","Оборонительная башня"
"Marketplace","Рынок"
"Temple","Храм"
"Wall Segment","Участок стены"
"Wall Gate","Ворота в стене"
"Catapult","Катапульта"
"Ballista","Баллиста"
"Archer","Лучник"
"Swordsman","Мечник"
"Spearman","Копейщик"
"Horse Swordsman","Конный мечник"
"Horse Archer","Конный лучник"
"Horse Spearman","Конный копейщик"
"Healer","Целитель"
"Builder","Строитель"
"Civilian","Гражданский"
"Elephant","Слон"
"Raises civilians, who carry reserve to the nearest barracks. Each one costs food.","Растит гражданских, которые несут резерв в ближайшие казармы. Каждый стоит еды."
"Grows grain in cycles. A builder reaps it for food once it ripens.","Выращивает зерно циклами. Когда оно созреет, строитель жнёт его на еду."
"Recruits troops and receives everything your builders gather.","Нанимает войска и принимает всё, что собирают ваши строители."
"Shoots at enemies that come near it.","Стреляет по врагам, что подходят близко."
"Buys and sells resources for gold.","Покупает и продаёт ресурсы за золото."
"Watches over a wide stretch of ground, holds a settlement together, and takes in healers.","Смотрит за широкой полосой земли, скрепляет поселение и принимает целителей."
"Blocks enemy movement.","Перекрывает движение врага."
"Opens for your troops and allies, shut to everyone else.","Открывается вашим отрядам и союзникам, закрыта для всех прочих."
"Long-range siege engine, best against structures.","Дальнобойная осадная машина, лучше всего против построек."
"Precise siege engine, best against units.","Точная осадная машина, лучше всего против отрядов."
", and %1 more",", и ещё %1"
"%1 %2","%1 %2"
"No resource cost","Без затрат ресурсов"
"%1 more %2","ещё %1 %2"
"Nobody is gathering it right now.","Сейчас этим никто не занят."
"Builders gathering it: %1","Строителей на сборе: %1"
"%1 being hauled to a barracks","%1 везут в казармы"
"Held in your treasury; no storage limit.","Хранится в казне; предела складу нет."
"Hauled to a barracks yard before it is credited. The yard looks full at %1.","Свозится во двор казарм, прежде чем попасть в счёт. Двор выглядит полным при %1."
"Short %1 for a %2.","Не хватает %1 на %2."
"%1 in store: %2","%1 в запасе: %2"
"Spent on: %1","Тратится на: %1"
"Step 1 — Gather","Шаг 1 — Собирайте"
"Step 2 — Build","Шаг 2 — Стройте"
"Step 3 — Recruit","Шаг 3 — Нанимайте"
"Step 4 — Keep an army","Шаг 4 — Держите армию"
"Your settlement runs itself","Ваше поселение живёт само"
"Recruit a builder at a barracks, then send it to collect wood, stone or iron.","Наймите строителя в казармах, затем отправьте его за древесиной, камнем или железом."
"Select a builder, press Collect, and click a tree, boulder, ore deposit, ripe farm or sheep. It hauls the load to a barracks yard, then goes back for more.","Выделите строителя, нажмите «Собрать» и щёлкните по дереву, валуну, залежи руды, созревшему полю или овце. Он свезёт груз во двор казарм и вернётся за следующим."
"With a builder selected, press Build and place a Home to raise your reserve, or a Barracks to recruit from.","С выделенным строителем нажмите «Строить» и поставьте Дом, чтобы поднять резерв, или Казармы, чтобы набирать из них."
"Select a barracks and recruit troops. Each one costs reserve and resources, both shown on its card.","Выделите казармы и нанимайте войска. Каждый отряд стоит резерва и ресурсов — и то и другое указано на его карточке."
"Keep recruiting while your builders gather. Raise Homes and Farms when reserve or food runs out.","Продолжайте набор, пока строители собирают. Когда кончается резерв или еда, ставьте Дома и Фермы."
"Gathering, building and recruiting are all under way.","Сбор, стройка и набор идут полным ходом."
"You have no builders. Recruit one at a barracks before you can gather or build.","У вас нет строителей. Наймите одного в казармах, прежде чем собирать или строить."
"Builders: %1 (%2 idle). Placing a structure sends every selected builder to the site.","Строителей: %1 (без дела: %2). Постановка здания отправляет на площадку всех выделенных строителей."
"Recruiting draws on the reserve held by each barracks.","Набор черпает из резерва, который держат казармы."
"Manpower %1 / %2. A Home raises civilians for %3 food each; walking a civilian into a barracks adds %4 reserve. Farms ripen every %5s and sheep yield %6 food.","Людской запас %1 / %2. Дом растит гражданских по %3 еды за каждого; приведённый в казармы гражданский добавляет %4 резерва. Фермы созревают каждые %5 с, овцы дают %6 еды."
"Needs a home","Нужен дом"
"Needs a barracks","Нужны казармы"
"Needs a builder","Нужен строитель"
"Not enough reserve at the barracks","В казармах не хватает резерва"
"Manpower limit reached","Достигнут предел людей"
"Missing %1","Не хватает: %1"
"Economy guide","Руководство по хозяйству"
"Resources and Building","Ресурсы и стройка"
"Close the economy guide","Закрыть руководство по хозяйству"
"Gather with builders, spend what they bring on structures, recruit from a barracks, and keep both running.","Собирайте строителями, тратьте принесённое на постройки, нанимайте в казармах и следите, чтобы и то и другое шло без остановки."
"WHAT EACH RESOURCE IS FOR","ДЛЯ ЧЕГО НУЖЕН КАЖДЫЙ РЕСУРС"
"Spent on: %1","Тратится на: %1"
"WHAT A BUILDER CAN RAISE","ЧТО МОЖЕТ ВОЗВЕСТИ СТРОИТЕЛЬ"
"%1 — %2 · %3s","%1 — %2 · %3 с"
"WHAT A BARRACKS CAN RECRUIT","КОГО МОГУТ НАНЯТЬ КАЗАРМЫ"
"%1 — %2 reserve, %3 · %4s","%1 — %2 резерва, %3 · %4 с"
"Back to the battle","Вернуться в бой"
"Standard","Обычный"
"Iron and Ember","Железо и жар"
"Roman Republic","Римская республика"
"Senatus Populusque Romanus","Senatus Populusque Romanus"
"Carthage","Карфаген"
"Qart-Ḥadašt","Карт-Хадашт"
"Iron Sepulcher","Железная Гробница"
"The watch does not sleep","Стража не спит"
"POP","НАСЕЛЕНИЕ"
"Barracks","Казармы"
"Defense tower","Оборонительная башня"
"Home","Дом"
"Wall","Стена"
"Gate","Ворота"
"Marketplace","Рынок"
"Temple","Храм"
"Farm","Ферма"
"No units selected.","Отряды не выделены."
"No units eligible for formation placement.","Ни один отряд не годится для расстановки в строй."
"This doctrine has no template for the chosen formation.","У этой доктрины нет образца для выбранного строя."
"No part of this formation fits on the chosen ground.","Ни одна часть этого строя не помещается на выбранной земле."
"Faction Default","По умолчанию для фракции"
"Line","Линия"
"Column","Колонна"
"Defensive","Оборонительный"
"Assault","Штурм"
"Encirclement","Окружение"
"Siege Escort","Прикрытие осады"
"Reforming","Перестроение"
"Formed","В строю"
"Disrupted","Расстроен"
"Opening","Размыкание"
"Traversing","Переход"
"Arrived","Прибыл"
"Neutral","Нейтральный"
"Roman Republic","Римская республика"
"Requires at least one siege engine in the selection.","Требует хотя бы одной осадной машины в выделении."
"Requires cavalry or mounted troops to close the encirclement.","Чтобы замкнуть окружение, нужна конница или верховые отряды."
"Carthage","Карфаген"
"The Iron Sepulcher","Железная Гробница"
"%1 has no template for this intent.","У фракции «%1» нет образца для этого замысла."
"The selection lacks the troop types this formation needs.","В выделении нет родов войск, которых требует этот строй."
"Encirclement needs at least three units.","Для окружения нужно не меньше трёх отрядов."
"%1°","%1°"
"Drag to face the unit · Release to move it","Тяните, чтобы развернуть отряд · Отпустите, чтобы его переместить"
"Wheel to turn · Esc to cancel","Колесо поворачивает · Esc отменяет"
"Drag to face the formation · Release to deploy","Тяните, чтобы развернуть строй · Отпустите, чтобы его выставить"
"Wheel to turn · Ctrl+wheel for depth · Esc to cancel","Колесо поворачивает · Ctrl+колесо меняет глубину · Esc отменяет"
"Drag on the ground to set facing · Click to move","Тяните по земле, чтобы задать направление · Щёлкните, чтобы переместить"
"Wheel to turn · Right-click or Esc to cancel","Колесо поворачивает · Правая кнопка или Esc отменяет"
"Drag on the ground to set width and facing.","Тяните по земле, чтобы задать ширину и направление."
"Click to deploy · Wheel to turn · Ctrl+wheel for depth · Right-click or Esc to cancel","Щёлкните, чтобы выставить · Колесо поворачивает · Ctrl+колесо меняет глубину · Правая кнопка или Esc отменяет"
"The deployment this faction fights in by default. No setup needed.","Строй, в котором эта фракция сражается по умолчанию. Настраивать нечего."
"Widest frontage. Best for meeting an advance head on.","Самый широкий фронт. Лучше всего встречать наступление в лоб."
"Narrow and deep. Best for moving through gates and passes.","Узкая и глубокая. Лучше всего для проходов через ворота и теснины."
"Compressed frontage with reserves. Best for holding ground.","Сжатый фронт с резервами. Лучше всего держать землю."
"Weighted front with skirmishers ahead. Best for breaking a line.","Утяжелённое чело с застрельщиками впереди. Лучше всего ломать линию."
"Wide flanks that close around a target. Needs cavalry.","Широкие крылья, что смыкаются вокруг цели. Нужна конница."
"Engines protected behind infantry. Needs a siege engine.","Машины укрыты за пехотой. Нужна осадная машина."
"%1 m","%1 м"
"Position %1","Позиция %1"
"Position unit","Разместить отряд"
"Choose a formation","Выберите строй"
"%1 · %2 units","%1 · отрядов: %2"
"Shape","Форма"
"%1 × %2","%1 × %2"
"Frontage","Ширина фронта"
"Depth","Глубина"
"Facing","Направление"
"Facing (auto)","Направление (авто)"
"In place","На месте"
"%1 position(s) nudged to fit the ground.","Позиций сдвинуто под местность: %1."
"Hide fine tuning","Скрыть тонкую настройку"
"Fine tuning","Тонкая настройка"
"How wide the deployment spreads before it starts adding ranks behind.","Насколько широко расходится строй, прежде чем начнёт добавлять шеренги позади."
"Narrow","Узко"
"Balanced","Уравновешенный"
"Wide","Широко"
"How many ranks stand behind the front. Deeper hits harder but covers less ground.","Сколько шеренг стоит за челом. Глубже бьёт сильнее, но занимает меньше земли."
"Shallow","Мелко"
"Deep","Глубоко"
"The gap between units. Tight holds shape better; loose loses less to area attacks.","Промежуток между отрядами. Плотный лучше держит форму, свободный меньше теряет от ударов по площади."
"Spacing","Промежуток"
"Tight","Плотно"
"Normal","Обычный"
"Loose","Свободно"
"Which wing the cavalry weights. Split puts an equal body on each wing.","На какое крыло ложится конница. «Поровну» ставит равный отряд на каждое крыло."
"Cavalry wing","Крыло конницы"
"Left","Левое"
"Right","Правое"
"Split","Поровну"
"Where archers and slingers stand. Skirmish sends them out ahead and pulls them back on contact.","Где стоят лучники и пращники. «Застрельщики» высылают их вперёд и отводят при столкновении."
"Missile troops","Метательные войска"
"In front","Впереди"
"Behind","Позади"
"Skirmish ahead","Застрельщики впереди"
"Rows held back from the fighting line to plug gaps.","Шеренги, отведённые от линии боя, чтобы затыкать прорехи."
"Reserve rows","Шеренги резерва"
"Doctrine decides","Решает доктрина"
"None","Нет"
"One row","Одна шеренга"
"Two rows","Две шеренги"
"Reform is faster and copes with chokepoints. Maintain keeps the shape on the march but moves slower.","Перестроение быстрее и справляется с теснинами. Удержание сохраняет форму на марше, но идёт медленнее."
"On the march","На марше"
"Reform on arrival","Перестроиться по прибытии"
"Hold the shape","Сохранять форму"
"How a selection drawn from several factions is arranged.","Как выстраивается выделение из нескольких фракций."
"Mixed armies","Смешанные армии"
"By role","По роли"
"Separate contingents","Раздельные контингенты"
"Follow the commander","За полководцем"
"Follow the majority","За большинством"
"Sorting groups the same troop types together. Keeping the order leaves each unit where it already stands in the line.","Сортировка сводит одинаковые рода войск вместе. Сохранение порядка оставляет каждый отряд там, где он уже стоит в линии."
"Slot order","Порядок мест"
"Sort by type","Сортировать по типу"
"Keep current order","Сохранить нынешний порядок"
"Which drill book shapes the deployment. Automatic follows the troops you selected.","Какой устав определяет расстановку. «Автоматически» следует за выделенными войсками."
"Doctrine","Доктрина"
"Reset to faction default","Вернуть к умолчанию фракции"
"Formed","В строю"
"In position","На позиции"
"Disrupted","Расстроен"
"Opening ranks","Размыкает шеренги"
"Filing through","Проходит вереницей"
"Forming up","Строится"
"The line is holding its shape and takes reduced damage.","Линия держит форму и получает меньше урона."
"The line has reached its ground and is holding it.","Линия вышла на свою землю и держит её."
"The line has come apart and is taking extra damage. Re-issue the formation order to reform.","Линия рассыпалась и получает лишний урон. Отдайте приказ строя заново, чтобы её собрать."
"The ranks are opening to let the line through.","Шеренги размыкаются, пропуская линию."
"The line is filing through a narrow crossing.","Линия проходит через узкую переправу."
"Units are still moving into their slots.","Отряды ещё занимают свои места."
"Formation","Строй"
"Hide this readout","Скрыть эту сводку"
"Cohesion %1%","Слаженность %1%"
"%1 units","отрядов: %1"
"Selection spans several formations.","Выделение охватывает несколько строёв."
"%1 slot(s) blocked by terrain.","Мест перекрыто местностью: %1."
"Standard of Iron — Iron and Ember Gallery","Standard of Iron — галерея «Железо и жар»"
"Scale","Масштаб"
"Reduce motion","Меньше движения"
"High contrast","Высокая контрастность"
"Reset","Сброс"
"Iron and Ember — every control the product may use","«Железо и жар» — все элементы управления, какие может использовать продукт"
"Cannot save: empty slot name","Сохранение невозможно: пустое имя слота"
"Save service is shutting down","Служба сохранения завершает работу"
"Queued","В очереди"
"Serializing world","Сериализация мира"
"Compressing","Сжатие"
"Writing","Запись"
"Exception while saving: %1","Исключение при сохранении: %1"
"Save cancelled","Сохранение отменено"
"Done","Готово"
"Save storage unavailable","Хранилище сохранений недоступно"
"Save slot '%1' is corrupted: %2","Слот сохранения «%1» повреждён: %2"
"Exception while loading save '%1': %2","Исключение при загрузке сохранения «%1»: %2"
"Cannot write '%1': %2","Не удаётся записать «%1»: %2"
"Failed to write '%1': %2","Не удалось записать «%1»: %2"
"Cannot read '%1': %2","Не удаётся прочитать «%1»: %2"
"Our ally %1 has been defeated.","Наш союзник %1 повержен."
"%1 has been defeated.","%1 повержен."
"Our ally %1 is finished - %2 has fallen.","С нашим союзником %1 покончено: %2 пал."
"%1 is finished - %2 has fallen.","С %1 покончено: %2 пал."
"Cannot play replay: %1","Не удаётся воспроизвести запись: %1"
"Cannot play replay: unknown launch kind '%1'","Не удаётся воспроизвести запись: неизвестный тип запуска «%1»"
"Cannot start skirmish: renderer not initialized","Не удаётся начать стычку: отрисовщик не запущен"
"Save: not initialized","Сохранение: не запущено"
"A save is already in progress","Сохранение уже идёт"
"Queued","В очереди"
"Cancelling...","Отмена..."
"Load: not initialized","Загрузка: не запущена"
"Manpower limit reached.","Достигнут предел людей."
"Not enough reserve — build a home to raise more families.","Не хватает резерва — постройте дом, чтобы прибавилось семей."
"The previous frame is still running; the match could not be changed. Please try again.","Предыдущий кадр ещё выполняется; не удалось сменить матч. Попробуйте снова."
"%1/%2 walls  •  %3 wood","стены %1/%2  •  древесина %3"
"Low","Низкое"
"Medium","Среднее"
"High","Высокое"
"Ultra","Ультра"
"Playable on weak hardware: no cast shadows or post-processing, sparse grass, reduced detail beyond a few metres.","Играбельно на слабом железе: без отбрасываемых теней и постобработки, редкая трава, меньше подробностей дальше нескольких метров."
"Small cast shadows, lighter shaders, reduced detail at distance. For integrated graphics.","Небольшие отбрасываемые тени, более лёгкие шейдеры, меньше подробностей вдали. Для встроенной графики."
"Everything as designed: full detail everywhere, full shadows and post-processing. Recommended.","Всё как задумано: полная детализация повсюду, полные тени и постобработка. Рекомендуется."
"High plus contact-hardening shadows, foliage translucency, extra terrain detail and 8x anti-aliasing. Needs a strong GPU.","Высокое плюс тени, твердеющие у контакта, просвечивающая листва, дополнительные детали местности и сглаживание 8x. Нужна мощная видеокарта."
"%1 FPS","%1 кадр/с"
"%1 m","%1 м"
"%1s","%1 с"
"Give it","Как отдать"
"Press Guard, then click the ground to hold. Right-click cancels.","Нажмите «Охрана», затем щёлкните по земле, которую держать. Правая кнопка отменяет."
"Reach","Охват"
"They fight what comes within %1 of that spot, and drop a target that leaves it.","Они бьются с тем, что войдёт в %1 от точки, и бросают цель, которая её покинет."
"After","Потом"
"They walk back to the spot when the fight ends.","После боя они возвращаются на свою точку."
"Release","Отпустить"
"Press Guard again, or order a move or attack. Stop does not lift it.","Нажмите «Охрана» ещё раз или отдайте приказ идти либо атаковать. «Стоп» этого не снимает."
"Troops","Кому"
"Any soldier, and the commander.","Любой воин и полководец."
"vs Hold","против «Держать»"
"Guards step out to meet the enemy; Hold never moves.","Охраняющие выходят навстречу врагу; «Держать» не двигается никогда."
"Press Hold. There is nothing to click.","Нажмите «Держать». Щёлкать не по чему."
"Stance","Стойка"
"They kneel, strike whatever reaches them, and never pursue.","Они припадают к земле, бьют то, что до них дошло, и никогда не преследуют."
"Dug in","Окопались"
"Archers reach %1% further and spearmen %2%; both hit %3% harder, take %4% more punishment, and braced spears break a charge.","Лучники достают на %1% дальше, копейщики на %2%; и те и другие бьют на %3% сильнее, держат на %4% больше и упёртыми копьями ломают натиск."
"Press Hold again, or order a move, attack or Stop. Standing up takes a moment.","Нажмите «Держать» ещё раз или отдайте приказ идти, атаковать либо «Стоп». Подняться — дело нескольких мгновений."
"Archers and spearmen only.","Только лучники и копейщики."
"vs Guard","против «Охраны»"
"Guard would chase; Hold trades that for reach and staying power.","«Охрана» пойдёт в погоню; «Держать» меняет это на дальность и стойкость."
"Press Patrol, left-click the first waypoint, then left-click the second. Right-click cancels.","Нажмите «Патруль», щёлкните левой по первой точке, затем левой по второй. Правая кнопка отменяет."
"Route","Маршрут"
"They march between the two points for good, attacking whatever crosses the line.","Они бесконечно ходят между двумя точками и атакуют всё, что пересечёт линию."
"Any other order, or Stop, clears the route.","Любой другой приказ или «Стоп» стирает маршрут."
"Every soldier and the commander.","Каждый воин и полководец."
"Effect","Что даёт"
"Nearby troops fight with steadier morale and the commander's own bonus.","Отряды рядом сражаются с более твёрдым духом и с прибавкой самого полководца."
"%1 around the commander, and it moves with him.","%1 вокруг полководца, и он движется вместе с ним."
"Lasts","Длится"
"Recharge","Перезарядка"
"%1 once it fades. A wounded commander cannot call it.","%1 с момента угасания. Раненый полководец призвать её не может."
"Your own living troops inside the ring; a glow marks each one.","Ваши живые отряды внутри круга; каждого отмечает свечение."
"Wood only","Только древесина"
"Stone only","Только камень"
"Iron only","Только железо"
"Food first","Сначала еда"
"Any resource","Любой ресурс"
"Click waypoint 1","Щёлкните точку 1"
"Click waypoint 2","Щёлкните точку 2"
"On patrol","В патруле"
"Active %1","Действует %1"
"Ready in %1","Готово через %1"
"Ready","Готово"
"Holding a spot","Держит точку"
"Select troops first","Сначала выделите отряды"
"No troops selected","Отряды не выделены"
"Orders ready","Приказы готовы"
"Patrol: click the second waypoint","Патруль: щёлкните вторую точку"
"Patrol: click the first waypoint","Патруль: щёлкните первую точку"
"Guard: click the spot to hold","Охрана: щёлкните точку, которую держать"
"Guarding a spot","Держит точку"
"Attack order","Приказ атаковать"
"Medic order","Приказ лекарю"
"Engineer order","Приказ инженеру"
"Repair order","Приказ чинить"
"Dismantle order","Приказ разобрать"
"Collection order","Приказ собирать"
"Barracks delivery","Доставка в казармы"
"Formation order","Приказ строя"
"Rally order","Приказ сбора"
"Stop command","Команда «Стоп»"
"Attack","Атака"
"Send the selected troops at one enemy unit or building.","Пошлите выделенные отряды на один вражеский отряд или постройку."
"Press Attack, then left-click the target. Right-click cancels. A right-click on an enemy does the same thing.","Нажмите «Атака», затем щёлкните цель левой кнопкой. Правая отменяет. Правый щелчок по врагу делает то же самое."
"Scope","Насколько"
"They chase the target until it dies or you order otherwise.","Они гонятся за целью, пока та не погибнет или пока вы не прикажете иначе."
"Every fighting unit; healers and builders sit it out.","Любой боевой отряд; целители и строители в этом не участвуют."
"Attack is not available for the current selection","Атака недоступна для нынешнего выделения"
"Guard","Охрана"
"Anchor troops to a spot. They step out to meet what comes near, then walk back.","Закрепите отряды на точке. Они выходят навстречу тому, что подойдёт, и возвращаются."
"Guard is not available for the current selection","Охрана недоступна для нынешнего выделения"
"Patrol","Патруль"
"March a beat between two points and fight whatever crosses it.","Ходите взад-вперёд между двумя точками и бейте всё, что их пересечёт."
"Patrol is not available for the current selection","Патруль недоступен для нынешнего выделения"
"Medic","Лекарь"
"Healers tend the wounded around them on their own.","Целители сами лечат раненых вокруг себя."
"Passive","Само собой"
"There is nothing to press: a healer mends nearby allies whenever they are hurt.","Нажимать нечего: целитель лечит союзников рядом, как только они ранены."
"Healers only. Keep them behind the line and they will work.","Только целители. Держите их за линией, и они будут работать."
"Healers automatically heal nearby allies. This is passive, not a manual order.","Целители лечат союзников рядом сами. Это происходит само, а не по приказу."
"Select healer units","Выделите целителей"
"Stop","Стоп"
"Drop everything the selected troops are doing and stand still.","Бросьте всё, чем заняты выделенные отряды, и стойте на месте."
"Clears","Снимает"
"Movement, the current target, Patrol, Hold, formation and gathering orders.","Движение, нынешнюю цель, патруль, удержание, строй и приказы сбора."
"Keeps","Оставляет"
"Guard: press Guard again to release troops from their anchor.","Охрану: нажмите «Охрана» ещё раз, чтобы снять отряды с точки."
"Hold","Держать"
"Stand fast. Troops dig in where they are, hit harder and further, and never pursue.","Ни шагу назад. Отряды окапываются там, где стоят, бьют сильнее и дальше и никогда не преследуют."
"Hold is only available to archers and spearmen","«Держать» доступно только лучникам и копейщикам"
"Build","Строить"
"Open the builder's structure list and place one.","Откройте список построек строителя и поставьте одну."
"Pick a structure, move the outline onto flat clear ground, scroll or press [ and ] to rotate, left-click to confirm. Right-click cancels.","Выберите постройку, наведите контур на ровную свободную землю, поверните колесом или клавишами [ и ], затем подтвердите левой кнопкой. Правая отменяет."
"Builders only.","Только строители."
"Build is only available to builders","Строить умеют только строители"
"Collect","Собрать"
"Send a builder to fell a tree, break a boulder, work an ore seam, reap a ripe farm or slaughter a sheep.","Отправьте строителя свалить дерево, разбить валун, выбрать жилу руды, сжать созревшее поле или забить овцу."
"Press Collect, then left-click the node. Right-click cancels.","Нажмите «Собрать», затем щёлкните по источнику левой кнопкой. Правая отменяет."
"The load only counts once it is dropped at the yard beside a barracks.","Груз идёт в счёт лишь после того, как сдан во двор при казармах."
"Collect is only available to builders","«Собрать» доступно только строителям"
"Auto Gather","Автосбор"
"Auto","Авто"
"Builders keep finding and working the nearest resource on their own.","Строители сами находят ближайший ресурс и работают на нём."
"Runs until you stop it; any new order cancels it.","Идёт, пока вы не остановите; любой новый приказ его отменяет."
"Pick a resource","Выберите ресурс"
"Press again to cycle any resource, wood, stone, iron, food, then off.","Нажимайте, чтобы перебрать: любой ресурс, древесина, камень, железо, еда, затем выключено."
"Auto Gather is only available to builders","Автосбор доступен только строителям"
"Repair","Ремонт"
"Send a builder to mend one of your damaged buildings.","Отправьте строителя починить одну из ваших повреждённых построек."
"Press Repair, then left-click the damaged building. Right-click cancels.","Нажмите «Ремонт», затем щёлкните повреждённую постройку левой кнопкой. Правая отменяет."
"Repair is only available to builders","Ремонт доступен только строителям"
"Dismantle","Разобрать"
"Scrap","Слом"
"Send builders to take one of your own buildings apart and get part of its cost back.","Отправьте строителей разобрать одну из ваших построек и вернуть часть её стоимости."
"Press Dismantle, then left-click your building. Right-click cancels.","Нажмите «Разобрать», затем щёлкните свою постройку левой кнопкой. Правая отменяет."
"Pays back","Возвращает"
"Part of what it cost, once the work finishes. Calling the crew off pays nothing.","Часть её стоимости, когда работа завершена. Если отозвать бригаду, не вернётся ничего."
"Crew","Бригада"
"Builders only; up to three of them speed it up.","Только строители; до трёх ускоряют дело."
"Dismantle is only available to builders","«Разобрать» доступно только строителям"
"Split","Поровну"
"Break the selected squad into two smaller ones so they can work or fight in two places at once.","Разделите выделенный отряд на два поменьше, чтобы работать или биться в двух местах сразу."
"Each half","Каждая половина"
"Carries half the men, half the health and does its work at half the speed.","Берёт половину людей, половину здоровья и работает вдвое медленнее."
"Needs","Требуется"
"A squad of at least four still standing.","Отряда, в котором ещё держатся хотя бы четверо."
"This squad is too small to divide","Этот отряд слишком мал, чтобы его делить"
"Join","Слить"
"Fold two understrength squads of the same kind back into one.","Сложите обратно в один два неполных отряда одного рода."
"Two squads of the same kind, both below full strength and standing close together.","Двух отрядов одного рода, оба неполные и стоят рядом."
"Result","Итог"
"One squad with their men and health added together, up to a full establishment.","Один отряд, где люди и здоровье сложены, вплоть до полного состава."
"Select two understrength squads of the same kind","Выделите два неполных отряда одного рода"
"Deliver","Доставить"
"Send civilians to a barracks to refill the reserve it recruits from.","Отправьте гражданских в казармы, чтобы пополнить резерв, из которого те набирают."
"Press Deliver, then left-click a friendly barracks. Right-click cancels.","Нажмите «Доставить», затем щёлкните свои казармы левой кнопкой. Правая отменяет."
"Civilians only; other selected units ignore it.","Только гражданские; прочие выделенные это пропустят."
"Deliver is only available to civilians","«Доставить» доступно только гражданским"
"Rally","Сбор"
"The commander plants a flag and the army marches to it.","Полководец водружает знамя, и армия идёт к нему."
"Press Rally, then left-click where the flag should stand. He walks there and plants it.","Нажмите «Сбор», затем щёлкните левой там, где должно стоять знамя. Он дойдёт туда и водрузит его."
"Troops near the flag march in; it also steadies wavering men.","Отряды рядом со знаменем подтягиваются; оно же поднимает дрогнувших."
"Needs your commander selected.","Нужен выделенный полководец."
"Select a commander to use rally","Выделите полководца, чтобы объявить сбор"
"Gate","Ворота"
"Cycle the selected gates: automatic, held open, held shut.","Переключите выделенные ворота: автоматически, держать открытыми, держать закрытыми."
"Automatic gates open for your own troops and shut behind them.","Автоматические ворота открываются вашим отрядам и закрываются за ними."
"Select one of your own gates.","Выделите одни из своих ворот."
"Select one of your gates to control it","Выделите свои ворота, чтобы управлять ими"
"Aura","Аура"
"The commander empowers the troops around him for a while, then must recharge.","Полководец на время усиливает окружающие отряды, а затем должен восстановиться."
"Select a ready commander to activate the aura","Выделите готового полководца, чтобы включить ауру"
"ORDERS","ПРИКАЗЫ"
"Right-click to cancel","Правая кнопка отменяет"
"TARGET","ЦЕЛЬ"
"%n attacking","%n атакует | %n атакуют | %n атакует"
"%1%","%1%"
"Automatic","Автоматически"
"No specialist actions for this selection","Для этого выделения особых действий нет"
"Select troops to reveal their specialist actions","Выделите отряды, чтобы увидеть их особые действия"
"Commander","Полководец"
"Commander unavailable","Полководец недоступен"
"Choose destination","Выберите место"
"Planting flag","Водружает знамя"
"Moving commander","Полководец в пути"
"Flag active","Знамя стоит"
"Ready","Готово"
"Left-click a destination to confirm the rally flag.","Щёлкните левой по месту, чтобы утвердить знамя сбора."
"The commander is planting the flag. Interruptions will cancel the rally.","Полководец водружает знамя. Помеха отменит сбор."
"The commander is marching to the chosen point before planting the flag.","Полководец идёт к выбранной точке, прежде чем водрузить знамя."
"Troops have already received a normal move order to this rally flag.","Отряды уже получили обычный приказ идти к этому знамени сбора."
"Choose a destination, march there, plant the flag, then order all controllable troops there.","Выберите место, дойдите туда, водрузите знамя, а затем пошлите туда все подвластные отряды."
"Cancel Rally Placement","Отменить установку сбора"
"Rally In Progress","Сбор идёт"
"Reposition Rally [R]","Переставить сбор [R]"
"Place Rally [R]","Поставить сбор [R]"
"Vanguard Rush","Рывок авангарда"
"Explode forward into the focused enemy and open a punish.","Рванитесь вперёд на выбранного врага и откройте окно расплаты."
"Second Wind","Второе дыхание"
"Recover posture and stamina, then steady yourself for the next exchange.","Верните стойку и выносливость, затем соберитесь перед новым разменом."
"Weapon Special / Shield Bash","Приём оружием / Удар щитом"
"Use your weapon technique, or hold guard for a shield-bash stagger burst.","Примените приём оружием или удерживайте защиту, чтобы ударом щита сбить врага с ног."
"Command Aura","Аура командования"
"Temporarily empower nearby troops. A glow marks every affected soldier.","Временно усиливает отряды рядом. Свечение отмечает каждого затронутого воина."
"Disconnected","Разрыв дистанции"
"Guard broken","Защита сломана"
"Punish window","Окно расплаты"
"Sprinting","Рывок"
"Steady","Твёрдо"
"COMMANDER","ПОЛКОВОДЕЦ"
"Frontline command","Командование с передовой"
"Aura active","Аура действует"
"Aura ready","Аура готова"
"Aura cooling","Аура остывает"
"HP %1/%2","ХП %1/%2"
"STM %1%","ВЫН %1%"
"Stable","Устойчиво"
"Posture","Стойка"
"State: %1","Состояние: %1"
"Perfect guard live","Идеальная защита открыта"
"Finisher primed","Добивание готово"
"Aura %1","Аура %1"
"empowers nearby troops","усиливает отряды рядом"
"is recovering","восстанавливается"
"Camera: %1","Камера: %1"
"Chase","Погоня"
"ORDERS","ПРИКАЗЫ"
"ABILITIES","СПОСОБНОСТИ"
"Rally","Сбор"
"Command Aura Active · %1s","Аура командования действует · %1 с"
"Activate Command Aura [3]","Включить ауру командования [3]"
"Command Aura · %1s cooldown","Аура командования · перезарядка %1 с"
"Temporarily empower nearby troops. Every affected soldier receives a visible glow.","Временно усиливает отряды рядом. Каждый затронутый воин получает видимое свечение."
"The aura is not ready yet.","Аура ещё не готова."
"Combo","Связка"
"%1 [%2]","%1 [%2]"
"COMBAT CONTROLS","УПРАВЛЕНИЕ В БОЮ"
"[LMB] Strike  [RMB] Guard","[ЛКМ] Удар  [ПКМ] Защита"
"[Space] Dodge  [Alt] Jump","[Пробел] Уклон  [Alt] Прыжок"
"[WASD] Move  [Shift] Sprint","[WASD] Движение  [Shift] Рывок"
"[Tab] Cycle Target  [3] Aura  [C] Camera","[Tab] Смена цели  [3] Аура  [C] Камера"
"[R] Rally Orders  [Enter] Return to RTS","[R] Приказы сбора  [Enter] Назад в RTS"
"[F] Bash  [1] Rush  [2] Second Wind","[F] Щит  [1] Рывок  [2] Второе дыхание"
"[Tab] Target  [1] Rush  [2] Second Wind  [3] Aura  [F] Bash","[Tab] Цель  [1] Рывок  [2] Второе дыхание  [3] Аура  [F] Щит"
"[R] Place Rally  [C] Camera  [Enter] Return to RTS","[R] Поставить сбор  [C] Камера  [Enter] Назад в RTS"
"Rally autopilot engaged until the flag is planted","Автопилот сбора включён, пока знамя не водружено"
"Combat HUD synced for close-quarters command","Боевой интерфейс настроен на командование вблизи"
"First-person command engaged","Командование от первого лица включено"
"Armies of the field","Армии на поле боя"
"Following: %1","Следите за: %1"
"Follow the previous army","Следить за предыдущей армией"
"Follow the next army","Следить за следующей армией"
"Manpower %1/%2","Люди %1/%2"
"Holdings %1","Владения %1"
"Trained %1","Обучено %1"
"Kills %1  Losses %2","Убито %1  Потери %2"
"the whole field","всё поле"
"All objectives complete","Все задачи выполнены"
"(%1/%2)","(%1/%2)"
"Click to look at the objective.","Щёлкните, чтобы взглянуть на задачу."
"[You]","[Вы]"
"Resume","Продолжить"
"Pause","Пауза"
"Battle speed %1","Темп боя %1"
"Battle speed","Темп боя"
"Follow the selection with the camera","Вести камеру за выделенным"
"Return the camera to your camp (%1)","Вернуть камеру в лагерь (%1)"
"Hide the camera controls","Скрыть управление камерой"
"Show how to move the camera","Показать, как двигать камеру"
"Camera controls","Управление камерой"
"Open the field manual (help)","Открыть полевой устав (справка)"
"SPECTATOR","НАБЛЮДАТЕЛЬ"
"Watching a CPU-only match. You cannot issue commands.","Вы смотрите матч одних лишь ИИ. Отдавать приказы нельзя."
"Resource and building guide","Руководство по ресурсам и постройкам"
"Manpower","Люди"
"Manpower in the field: %1 of %2.\nEvery troop costs manpower; a squad of twelve builders costs ten. This is not a headcount - the selection panel counts soldiers.","Людей в поле: %1 из %2.\nКаждый отряд стоит людей; отряд из двенадцати строителей стоит десяти. Это не поголовье — панель выделения считает воинов."
"Human players","Живые игроки"
"AI players","Игроки-ИИ"
"Enemies defeated","Врагов повержено"
"Minimap","Мини-карта"
"MINIMAP","МИНИ-КАРТА"
"Left click moves the camera, right click orders selected troops.\nVisible: currently scouted, enemies shown.\nExplored: seen before, terrain only.\nUnseen: never scouted.","Левая кнопка двигает камеру, правая отдаёт приказ выделенным отрядам.\nВидно: разведано сейчас, враги показаны.\nИсследовано: виделось раньше, только местность.\nНеизвестно: не разведано ни разу."
"Visible","Видно"
"Explored","Исследовано"
"Unseen","Неизвестно"
"Basics","Основы"
"Economy","Хозяйство"
"Buildings","Постройки"
"Army","Армия"
"Commander","Полководец"
"Camera","Камера"
"Controls","Управление"
"Tutorial","Обучение"
"Selecting","Выделение"
"Left-click a unit to select it, or hold the left button and drag a box around several. Hold Ctrl to add to the selection. Selected units show a ring at their feet, and the panel at the bottom lists them by type - click a type to keep only those.","Щёлкните по отряду левой кнопкой, чтобы выделить его, или зажмите левую и обведите рамкой несколько. Удерживайте Ctrl, чтобы добавить к выделению. У выделенных под ногами кольцо, а нижняя панель перечисляет их по типам — щёлкните тип, чтобы оставить только его."
"Giving orders","Как отдавать приказы"
"Right-click the ground to move, right-click an enemy to attack. Hold the right button and drag before releasing to choose the way the troops will face: one unit turns to face where you drag, several units are placed in formation facing it. The command grid offers Attack, Guard, Patrol, Hold, Stop and the builder and commander orders. A marker shows where troops are going and the banner above the grid confirms each order - or explains why it was refused.","Щёлкните правой по земле, чтобы идти, правой по врагу, чтобы атаковать. Зажмите правую и потяните перед тем, как отпустить, чтобы задать, куда отряды повернутся: один отряд разворачивается туда, куда вы тянете, несколько выстраиваются в строй лицом в ту сторону. Сетка команд даёт «Атака», «Охрана», «Патруль», «Держать», «Стоп», а также приказы строителю и полководцу. Метка показывает, куда идут отряды, а полоса над сеткой подтверждает каждый приказ — или объясняет, почему он отклонён."
"Guard - hold a spot","Охрана — держать точку"
"Press Guard, then left-click the ground the troops should hold. They fight anything that comes within about 10 m of that spot, let go of anything that runs past it, and walk back once the fight is over. Press Guard again, or give a move or attack order, to release them; Stop alone will not lift it. Any soldier can guard.","Нажмите «Охрана», затем щёлкните левой по земле, которую отряды должны держать. Они бьются со всем, что подойдёт примерно на 10 м к точке, отпускают то, что пробежало мимо, и возвращаются, когда бой окончен. Нажмите «Охрана» ещё раз или отдайте приказ идти либо атаковать, чтобы их отпустить; один лишь «Стоп» этого не снимет. Охранять может любой воин."
"Hold - stand fast","Держать — ни шагу назад"
"Press Hold and the troops kneel where they stand. They never take a step, but they reach further, hit harder and take more punishment than they would on the move, and braced spears gut a cavalry charge. That is the trade: pursuit for staying power. Press Hold again, or give a move, attack or Stop order, to stand them up. Only archers and spearmen can hold.","Нажмите «Держать», и отряды припадут к земле там, где стоят. Они не сделают ни шага, но достают дальше, бьют сильнее и держат больше, чем на ходу, а упёртые копья потрошат конный натиск. Таков размен: погоня за стойкость. Нажмите «Держать» ещё раз или отдайте приказ идти, атаковать либо «Стоп», чтобы поднять их. Держать могут только лучники и копейщики."
"Patrol - walk a beat","Патруль — ходить свой участок"
"Press Patrol, left-click the first waypoint, then left-click the second. The troops march between the two points for good and attack whatever crosses the line - useful for watching a flank while you look elsewhere. Right-click cancels while you are setting it; any other order, or Stop, clears the route.","Нажмите «Патруль», щёлкните левой первую точку, затем левой вторую. Отряды бесконечно ходят между ними и атакуют всё, что пересечёт линию, — удобно, когда стережёте фланг, а смотрите в другую сторону. Правая кнопка отменяет во время установки; любой другой приказ или «Стоп» стирает маршрут."
"Winning and losing","Победа и поражение"
"Each mission states its own victory and defeat conditions in the Objectives screen (Escape, then Objectives). In every battle your commander must survive: a nation dies with the man who leads it, and a lone commander is already lost.","Каждое задание объявляет свои условия победы и поражения на экране задач (Escape, затем «Задачи»). В любом бою ваш полководец обязан выжить: народ умирает вместе с тем, кто его ведёт, а одинокий полководец уже проиграл."
"The three materials","Три материала"
"Wood comes from pine trees, stone from boulders and iron from ore seams. A builder harvests a node with Collect (or Auto Gather), then carries the load to the stone yard beside a friendly barracks. Only when it is dropped there does the counter in the top bar rise. The yard's piles grow and shrink with your stores.","Древесина идёт от сосен, камень от валунов, железо от рудных жил. Строитель обрабатывает источник приказом «Собрать» (или автосбором), а затем несёт груз на двор при своих казармах. Только когда груз сдан там, счётчик на верхней панели растёт. Кучи во дворе растут и убывают вместе с вашими запасами."
"Food","Еда"
"Food feeds your settlement: every civilian recruited at a Home costs it. A Farm grows grain in cycles; when the field turns gold a builder reaps it with Collect and hauls the grain home, and the field is sown again. Builders can also slaughter a sheep for a smaller haul. Auto Gather set to food keeps a builder working the farms.","Еда кормит ваше поселение: её стоит каждый гражданский, нанятый в Доме. Ферма растит зерно циклами; когда поле золотеет, строитель жнёт его приказом «Собрать» и свозит зерно, а поле засевают заново. Строители могут и забить овцу ради меньшей добычи. Автосбор, настроенный на еду, держит строителя при фермах."
"Gold and trade","Золото и торговля"
"Gold comes with the camp and cannot be mined. A marketplace lets you buy materials for gold and sell surplus for it; a temple costs gold to raise.","Золото приходит вместе с лагерем, добыть его нельзя. Рынок даёт покупать за него материалы и продавать излишки; храм стоит золота."
"Costs","Цены"
"Every card - recruit or building - lists its price. A grey card means something is short; hover it to read what. Homes cost 50 wood and 15 stone, a farm 40 wood and 10 stone, a barracks 100 wood and 60 stone, a defence tower 60 wood and 80 stone; soldiers cost wood and iron plus reserve, and civilians cost food.","Каждая карточка — новобранца или постройки — указывает свою цену. Серая карточка значит, что чего-то не хватает; наведите на неё, чтобы прочитать чего. Дома стоят 50 древесины и 15 камня, ферма — 40 древесины и 10 камня, казармы — 100 древесины и 60 камня, оборонительная башня — 60 древесины и 80 камня; воины стоят древесины и железа плюс резерв, а гражданские — еды."
"Placing a structure","Как поставить постройку"
"Select a builder and press Build to open the structure list. Move the outline over the ground: green means flat, clear ground; red means it is blocked by another building, water or a slope. Scroll to rotate, left-click to confirm, right-click to cancel. The builder walks over and works until it stands.","Выделите строителя и нажмите «Строить», чтобы открыть список построек. Наведите контур на землю: зелёный означает ровную свободную землю, красный — что мешает другая постройка, вода или склон. Колесо поворачивает, левая кнопка подтверждает, правая отменяет. Строитель подходит и работает, пока постройка не встанет."
"What each building does","Что делает каждая постройка"
"Barracks recruit soldiers and hold your stockpile yard. Homes raise families and civilians. Farms grow grain that builders reap for food. Defence towers shoot at anything in range. Marketplaces trade. Temples strengthen morale and take in healers. Walls and gates shape the field; gates open for your own troops.","Казармы нанимают воинов и держат ваш склад. Дома растят семьи и гражданских. Фермы выращивают зерно, которое строители жнут на еду. Оборонительные башни стреляют по всему в пределах досягаемости. Рынки торгуют. Храмы укрепляют дух и принимают целителей. Стены и ворота лепят поле; ворота открываются вашим отрядам."
"Repair and dismantle","Ремонт и разбор"
"A damaged building can be repaired by a builder with the Repair order. A building you no longer need can be taken down with the Dismantle order: pick your builders, press Dismantle and click the building. Part of what it cost comes back once the work is done, and calling the crew off before then pays nothing.","Повреждённую постройку строитель чинит приказом «Ремонт». Ненужную можно снести приказом «Разобрать»: выберите строителей, нажмите «Разобрать» и щёлкните постройку. Когда работа кончена, возвращается часть её стоимости, а если отозвать бригаду раньше, не вернётся ничего."
"Recruiting","Набор"
"Left-click a barracks and pick a soldier; healers take their vows at a temple instead. Recruits queue up to five deep and march out to the rally flag. Each costs reserve from the building's own pool as well as materials.","Щёлкните левой по казармам и выберите воина; целители дают обеты в храме. Новобранцы встают в очередь по пятеро и выходят к знамени сбора. Каждый стоит резерва из собственного запаса постройки, а также материалов."
"Reserve","Резерв"
"A barracks or temple starts with a reserve and spends it on every recruit; the card shows exactly what each one costs. Homes refill it: each Home raises families over time, a civilian can be recruited there for food and sent to either building with Deliver, and that building's reserve grows. A squad then stands in the field for what it cost, which is what the top bar counts against the map's manpower cap.","Казармы или храм начинают с резервом и тратят его на каждого новобранца; карточка показывает, сколько именно стоит каждый. Дома его пополняют: каждый Дом со временем растит семьи, там за еду можно нанять гражданского и приказом «Доставить» отправить его в любую из этих построек, и её резерв растёт. Отряд затем стоит в поле по своей цене — именно это верхняя панель сверяет с людским пределом карты."
"Formations and lines","Строй и линии"
"Spearmen hold a line, archers punish from behind it, cavalry breaks flanks, healers mend nearby wounded on their own. Right-click and drag with several units selected to deploy them in a formation that faces the drag; the Formation order opens the same planner where they stand. Run trades stamina for speed.","Копейщики держат линию, лучники карают из-за неё, конница ломает фланги, целители сами лечат раненых рядом. Щёлкните правой и потяните, выделив несколько отрядов, чтобы выставить их в строй лицом по направлению тяги; приказ «Строй» открывает тот же планировщик прямо там, где они стоят. Бег меняет выносливость на скорость."
"The standard","Знамя"
"Your commander carries the standard. Troops close to him fight with higher morale, and morale decides who breaks first. Keep him behind the spears: if he falls the mission is lost.","Ваш полководец несёт знамя. Отряды рядом с ним сражаются с большим духом, а дух решает, кто сломается первым. Держите его за копьями: если он падёт, задание провалено."
"Aura and Rally","Аура и сбор"
"With the commander selected, Aura empowers his troops for a stretch and then has to recharge - each commander brings his own bonus, radius and timings, and the button prints them along with the time left. A glow marks every soldier inside the ring, the ring travels with him, and a wounded commander cannot call it. Rally plants a flag that your army marches to - useful for pulling a scattered force back into a line.","Когда полководец выделен, «Аура» усиливает его отряды на время, а затем должна перезарядиться — у каждого полководца своя прибавка, радиус и сроки, и кнопка их печатает вместе с оставшимся временем. Свечение отмечает каждого воина внутри круга, круг идёт вместе с ним, а раненый полководец призвать ауру не может. «Сбор» водружает знамя, к которому идёт ваша армия, — удобно, чтобы стянуть рассыпавшиеся силы обратно в линию."
"Taking direct control","Прямое управление"
"Where the mission allows it, you can step into the commander's boots and lead from the field. The controls for that mode are listed under Controls.","Там, где задание это позволяет, вы можете встать на место полководца и вести бой прямо с поля. Управление в этом режиме перечислено в разделе «Управление»."
"Pace and view","Темп и вид"
"The top-left buttons pause the battle and set the speed, from half up to quadruple; Space pauses too, and + and - step through the speeds. The active speed stays lit while paused and can be changed there. Move the camera with the arrow keys or WASD, or push the mouse to the screen edge; scroll or PgUp and PgDown to zoom, Q and E to rotate, Ctrl with the up and down arrows to tilt; Home returns to your camp and Follow keeps the camera on your selection. Every one of these can be rebound under Settings › Controls, where each camera command says what it does.","Кнопки в левом верхнем углу ставят бой на паузу и задают темп, от половинного до четырёхкратного; пробел тоже ставит паузу, а + и - перебирают темпы. Выбранный темп остаётся подсвечен и на паузе, там же его можно сменить. Камеру двигают стрелки или WASD либо мышь, прижатая к краю экрана; колесо или PgUp и PgDown приближают, Q и E поворачивают, Ctrl со стрелками вверх-вниз наклоняет; Home возвращает в лагерь, а «Следовать» держит камеру на выделенном. Всё это можно переназначить в Настройках › Управление, где у каждой команды камеры написано, что она делает."
"Field manual","Полевой устав"
"Field Manual","Полевой устав"
"Close the field manual","Закрыть полевой устав"
"unbound","не назначено"
"The tutorial is a guided first battle on a small meadow. Each step names one goal, tells you when it is done, and explains why an order is refused. It also points: the button a step is talking about lights up in the command bar, and what you are meant to act on is ringed on the field and pinned on the minimap - press Show me to swing the camera onto it. Steps can be paused, skipped and replayed at any time.","Обучение — это первый бой с проводником на небольшом лугу. Каждый шаг называет одну цель, говорит, когда она достигнута, и объясняет, почему приказ отклонён. Он ещё и подсказывает: кнопка, о которой идёт речь, загорается на панели команд, а то, с чем надо работать, обводится кольцом на поле и отмечается на мини-карте — нажмите «Покажи», чтобы навести туда камеру. Шаги можно в любой миг приостановить, пропустить и повторить."
"%1. %2","%1. %2"
"Start the tutorial","Начать обучение"
"Show tutorial card","Показать карточку обучения"
"Restart the steps","Начать шаги заново"
"Close","Закрыть"
"Hide this","Скрыть это"
"Never show this again","Больше не показывать"
"Mouse Left","Левая кнопка мыши"
"Mouse Right","Правая кнопка мыши"
"Mouse Middle","Средняя кнопка мыши"
"Mouse Back","Кнопка мыши «назад»"
"Mouse Forward","Кнопка мыши «вперёд»"
"Unbound","Не назначено"
"%1 of %2","%1 из %2"
"Pick a target","Укажите цель"
"OK","ОК"
"Battle Report","Отчёт о битве"
"Battle Decided","Битва решена"
"The Campaign is Won","Кампания выиграна"
"Training Complete","Обучение завершено"
"Victory Secured","Победа за вами"
"Army Broken","Армия разбита"
"One side is left holding the field.","Поле осталось за одной стороной."
"Every mission has fallen to your standard.","Каждое задание пало перед вашим знаменем."
"You can run an army now. The Barcid Road is waiting.","Вы уже способны вести армию. Дорога Баркидов ждёт."
"Every order carried out.","Каждый приказ выполнен."
"Enemy command has fallen.","Вражеское командование пало."
"Your command has collapsed.","Ваше командование рухнуло."
"March the Campaign","Выступить в кампанию"
"Search","Поиск"
"Selected units","Выделенные отряды"
"%1 / %2","%1 / %2"
"%1/%2","%1/%2"
"YOUR BUILDING","ВАША ПОСТРОЙКА"
"YOUR UNIT","ВАШ ОТРЯД"
"ENEMY BUILDING","ПОСТРОЙКА ВРАГА"
"ENEMY UNIT","ОТРЯД ВРАГА"
"BUILDING","ПОСТРОЙКА"
"UNIT","ОТРЯД"
"Under attack by %n of your units","Его атакует %n ваш отряд | Его атакуют %n ваших отряда | Его атакует %n ваших отрядов"
"Not engaged by your army","Ваша армия его не атакует"
"Under attack by %n enemies","Его атакует %n враг | Его атакуют %n врага | Его атакует %n врагов"
"Not under attack","Под ударом не находится"
"SELECTION","ВЫДЕЛЕНИЕ"
"SELECTED UNIT","ВЫДЕЛЕННЫЙ ОТРЯД"
"SELECTED FORCE","ВЫДЕЛЕННЫЕ СИЛЫ"
"%1 soldiers ready","Воинов готово: %1"
"Show what this unit is for","Показать, для чего этот отряд"
"Unit details","Подробности об отряде"
"Enemy","Враг"
"Yours","Ваши"
"Neutral","Нейтральный"
"1 unit","1 отряд"
"%1 units","отрядов: %1"
"%1 units  ·  %2 types","отрядов: %1  ·  типов: %2"
"ATK","АТК"
"RNG","ДАЛЬН"
"SPD","СКОР"
"HEALTH","ЗДОРОВЬЕ"
"%1 soldiers","воинов: %1"
"Drag a box over your troops, or click a unit","Обведите рамкой свои отряды или щёлкните по отряду"
"SOLDIERS","ВОИНЫ"
"%1%","%1%"
"STAMINA","ВЫНОСЛИВОСТЬ"
"soldiers —","воинов —"
"(mixed)","(вперемешку)"
"%1 wounded","ранено: %1"
"Map load failed: %1","Не удалось загрузить карту: %1"
"Prewarming templates: scanning unit profiles...","Прогрев шаблонов: просмотр профилей отрядов..."
"Prewarming templates: %1 / %2","Прогрев шаблонов: %1 / %2"
"Queued deferred template warmup (%1 additional)","Отложенный прогрев шаблонов поставлен в очередь (ещё %1)"
"Template warmup complete (%1 core, %2 total)","Прогрев шаблонов завершён (%1 основных, %2 всего)"
"Template warmup cancelled","Прогрев шаблонов отменён"
"%1h %2m","%1 ч %2 мин"
"%1m","%1 мин"
"Campaign","Кампания"
"Skirmish","Стычка"
"%1 - autosave","%1 — автосохранение"
"%1 - quicksave","%1 — быстрое сохранение"
"Load game","Загрузить игру"
"Cancel","Отмена"
"No saves found","Сохранений не найдено"
"Untitled Save","Сохранение без имени"
"Unknown Map","Неизвестная карта"
"No Preview","Нет предпросмотра"
"%1 · %2","%1 · %2"
"Saved %1","Сохранено %1"
"Played %1","Сыграно %1"
"Export","Экспорт"
"Exported to %1","Экспортировано в %1"
"Export failed","Экспорт не удался"
"Verify","Проверить"
"Verification Passed","Проверка пройдена"
"Verification Failed","Проверка не пройдена"
"""%1"" is intact. The save file has not been corrupted.","«%1» цел. Файл сохранения не повреждён."
"""%1"" is corrupted and cannot be loaded. The save failed its integrity check.","«%1» повреждён и не загружается. Сохранение не прошло проверку целостности."
"Delete","Удалить"
"Import...","Импорт..."
"Load","Загрузить"
"Pick a saved game first.","Сначала выберите сохранённую игру."
"Confirm Delete","Подтвердите удаление"
"Are you sure you want to delete the save:\n""%1""?\n\nThis action cannot be undone.","Точно удалить сохранение:\n«%1»?\n\nЭто действие необратимо."
"Save Verification","Проверка сохранения"
"Import Save","Импорт сохранения"
"Save files found in the exports folder:","Файлы сохранений, найденные в папке экспорта:"
"Import","Импортировать"
"Imported as ""%1""","Импортировано как «%1»"
"Import failed","Импорт не удался"
"No importable save files were found.","Файлов сохранений для импорта не найдено."
"Loading...","Загрузка..."
"Not Started","Не начато"
"Initializing...","Запуск..."
"Loading Map Data...","Загрузка данных карты..."
"Loading Terrain...","Загрузка местности..."
"Loading Biome...","Загрузка биома..."
"Loading Water Features...","Загрузка водоёмов..."
"Loading Roads...","Загрузка дорог..."
"Loading Environment...","Загрузка окружения..."
"Loading Fog...","Загрузка тумана..."
"Loading Units & Buildings...","Загрузка отрядов и построек..."
"Loading Audio...","Загрузка звука..."
"Generating Minimap...","Создание мини-карты..."
"Initializing Game Systems...","Запуск игровых систем..."
"Finalizing...","Завершение..."
"Complete","Готово"
"Failed","Сбой"
"Unknown","Неизвестно"
"A commander who personally investigates every problem soon becomes one of them.","Полководец, лично разбирающий каждую беду, вскоре сам становится одной из них."
"A formation that becomes scattered is easier to surround and destroy.","Рассыпавшийся строй легче окружить и уничтожить."
"A narrow front can prevent a numerically superior enemy from using all of its troops at once.","Узкий фронт может помешать превосходящему числом врагу пустить в дело все отряды сразу."
"A retreat made early can preserve an army. A retreat made late can become a rout.","Отход вовремя сберегает армию. Запоздалый отход превращается в разгром."
"A strong economy cannot help you if the enemy cuts the road between it and your army.","Крепкое хозяйство не поможет, если враг перережет дорогу между ним и вашей армией."
"A unit surrounded on several sides will struggle even if it began the fight at full strength.","Отряд, обойдённый с нескольких сторон, будет бедствовать, даже если вступил в бой в полной силе."
"A well-defended position is one the enemy has not yet discovered a ridiculous way around.","Хорошо защищённая позиция — та, для которой враг ещё не нашёл нелепого обхода."
"An army marches on its stomach. The stomach, regrettably, also requires a supply line.","Армия идёт на желудке. Желудку, увы, нужна ещё и линия снабжения."
"Archers perform best when protected from direct melee combat.","Лучники хороши тогда, когда их берегут от рукопашной."
"Avoid sending cavalry directly into prepared infantry formations.","Не бросайте конницу прямо на изготовившуюся пехоту."
"Battles are often decided before contact through positioning, preparation, and logistics.","Битвы часто решаются ещё до соприкосновения — расположением, подготовкой и снабжением."
"Building near resources can reduce the amount of time workers spend carrying supplies.","Стройка рядом с ресурсами сокращает время, которое работники тратят на переноску."
"Capturing useful infrastructure can be more valuable than destroying it.","Захватить полезное хозяйство бывает ценнее, чем разрушить его."
"Cavalry can arrive quickly. Whether they should have arrived there is another question.","Конница умеет прибыть быстро. А стоило ли ей прибывать именно туда — вопрос отдельный."
"Cavalry is most effective when attacking exposed flanks or isolated units.","Конница действеннее всего, когда бьёт по открытым флангам или по одиноким отрядам."
"Clearing a dangerous area is not the same as securing it. Check what remains nearby.","Зачистить опасный участок — не то же самое, что удержать его. Проверьте, что осталось рядом."
"Concentrating your forces can overwhelm a stronger enemy fighting in separate groups.","Сосредоточенные силы могут смять более сильного врага, который дерётся отдельными группами."
"Destroying an enemy army is useful. Preventing it from fighting effectively is often enough.","Уничтожить армию врага полезно. Часто довольно лишить её возможности драться толком."
"Direct commander control can help turn a critical fight, but exposes your commander to greater danger.","Прямое управление способно переломить решающую схватку, но подставляет полководца под больший риск."
"Do not chase fleeing enemies so far that your own formation collapses.","Не гонитесь за бегущими так далеко, чтобы развалился ваш собственный строй."
"Enemy reinforcements are much less dangerous when they never reach the battlefield.","Подкрепления врага куда менее опасны, когда они вовсе не доходят до поля боя."
"Every commander has a plan until a sheep joins the formation.","У каждого полководца есть план, пока в строй не встанет овца."
"Every supply shortage begins with someone saying, “We probably have enough.”","Любая нехватка припасов начинается со слов «да нам, наверное, хватит»."
"Exhausted troops are less effective. Allow units time to recover when possible.","Измотанные отряды воюют хуже. Когда есть возможность, дайте им время передохнуть."
"Formations are strongest when their flanks are protected.","Строй крепче всего тогда, когда прикрыты его фланги."
"High ground improves your ability to control an engagement.","Высота облегчает управление схваткой."
"History remembers the victorious general. The quartermaster remembers who forgot to bring food.","История помнит победившего полководца. Интендант помнит, кто забыл взять еду."
"If your formation looks impressive from a distance, you are at least halfway to military competence.","Если ваш строй впечатляет издали, вы уже как минимум на полпути к воинскому мастерству."
"Infantry can hold ground that faster units may struggle to defend.","Пехота удержит землю, которую более быстрым отрядам оборонять тяжело."
"Keep an escape route available when fighting near rivers, cliffs, or narrow passages.","Сражаясь у рек, обрывов или теснин, оставляйте себе путь отхода."
"Keep ranged troops away from routes enemy cavalry can reach quickly.","Держите метательные отряды подальше от путей, куда быстро дотянется вражеская конница."
"Keep reserve troops behind the main line to respond to breakthroughs.","Держите резерв за главной линией, чтобы отвечать на прорывы."
"Never underestimate the tactical value of looking busy while someone else carries the stone.","Никогда не недооценивайте тактическую ценность занятого вида, пока камень тащит кто-то другой."
"Protect your commander. Losing leadership at the wrong moment can decide a battle.","Берегите полководца. Потеря начальства в неудачный миг решает битву."
"Repairing damaged defenses before the next attack is usually cheaper than rebuilding them afterward.","Починить повреждённые укрепления до следующего удара обычно дешевле, чем отстраивать их после."
"Scout unfamiliar terrain before committing your main force.","Разведайте незнакомую местность, прежде чем вводить туда главные силы."
"Stockpiles shorten resource delivery routes and improve economic efficiency.","Склады укорачивают пути доставки и повышают отдачу хозяйства."
"Terrain can be as important as numbers. Use forests, hills, and narrow passages to your advantage.","Местность бывает не менее важна, чем численность. Пользуйтесь лесами, холмами и теснинами."
"The Iron Sepulcher is best approached with troops prepared for an unexpected engagement.","К Железной Гробнице лучше подходить с отрядами, готовыми к внезапной схватке."
"The enemy cannot predict your strategy if you have forgotten it yourself.","Враг не разгадает вашу стратегию, если вы сами её забыли."
"The shortest path between two points is rarely the route selected by an army.","Кратчайший путь между двумя точками редко оказывается тем, который выбирает армия."
"Use patrol orders to secure roads, settlements, and vulnerable resource routes.","Приказами патруля прикрывайте дороги, поселения и уязвимые ресурсные пути."
"Walls are excellent defenses until someone remembers gates exist.","Стены — прекрасная защита, пока кто-нибудь не вспомнит, что бывают ворота."
"War elephants are powerful, disciplined weapons of war, right up until they have an opinion.","Боевые слоны — мощное и послушное оружие войны ровно до того мига, когда у них появляется своё мнение."
"War elephants can disrupt formations, but unsupported elephants can quickly become isolated.","Боевые слоны умеют ломать строй, но без поддержки быстро остаются одни."
"Watch your supply routes when advancing deep into hostile territory.","Следите за путями снабжения, уходя вглубь вражеских земель."
"When attacking, look for weak points rather than spreading damage evenly across the enemy line.","Атакуя, ищите слабые места, а не размазывайте урон ровным слоем по всей линии врага."
"When defending, force the enemy to come to you under unfavorable conditions.","Обороняясь, вынудите врага прийти к вам на невыгодных для него условиях."
"Wildlife may react unpredictably to nearby troops and fighting.","Дикое зверьё может повести себя непредсказуемо рядом с войсками и боем."
"Wolves are considerably less impressed by military rank than your soldiers are.","На волков воинские звания производят куда меньшее впечатление, чем на ваших воинов."
"Workers are valuable strategic assets. Do not leave them exposed near the front.","Работники — ценный стратегический ресурс. Не оставляйте их открытыми у передовой."
"Standard of Iron - RTS game","Standard of Iron — стратегия в реальном времени"
"PAUSED","ПАУЗА"
"A new standard in the valley, and nobody under it who has held a spear more than twice.","Новое знамя в долине, и под ним ни одного, кто держал копьё больше двух раз."
"Error","Ошибка"
"Press %1 to resume","Нажмите %1, чтобы продолжить"
"Leave this battle?","Покинуть эту битву?"
"The battle in progress will be lost. Save it first if you want to come back to it.","Текущая битва будет потеряна. Сначала сохраните её, если хотите к ней вернуться."
"Leave the battle","Покинуть битву"
"Keep fighting","Продолжить бой"
"Play Skirmish","Сыграть стычку"
"Choose the field and deploy armies","Выберите поле и расставьте армии"
"Battle","Бой"
"Missions","Задания"
"One small field, one order to carry out","Одно небольшое поле, один приказ к исполнению"
"Detail","Эпизод"
"Campaign","Кампания"
"March through the Second Punic War","Пройдите Вторую Пуническую войну"
"War Map","Карта войны"
"Tutorial","Обучение"
"Learn to command in a guided first battle","Научитесь командовать в первом бою"
"Training","Обучение"
"Objectives","Задачи"
"Review active orders","Просмотреть действующие приказы"
"Orders","Приказы"
"Save game","Сохранить игру"
"Record the current campaign state","Записать нынешнее состояние кампании"
"Archive","Архив"
"Load game","Загрузить игру"
"Return to a saved command","Вернуться к сохранённому командованию"
"Return","Возврат"
"Settings","Настройки"
"Display, audio, and controls","Изображение, звук и управление"
"Options","Опции"
"Field Manual","Полевой устав"
"How selection, economy, buildings and armies work","Выделение, хозяйство, постройки и армии"
"Help","Справка"
"Exit","Выход"
"Leave the war table","Отойти от военного стола"
"Retire","Отставка"
"SPQR","SPQR"
"QART-HADAST","КАРТ-ХАДАШТ"
"STANDARD OF IRON","STANDARD OF IRON"
"Rome and Carthage at the edge of empire","Рим и Карфаген на краю державы"
"Start here","Начните отсюда"
"Enter","Enter"
"Esc","Esc"
"Navigate","Переход"
"Confirm","Подтвердить"
"Resume battle","Продолжить бой"
"SECOND PUNIC WAR","ВТОРАЯ ПУНИЧЕСКАЯ ВОЙНА"
"Legions, fleets, elephants, and contested supply lines","Легионы, флоты, слоны и оспариваемые пути снабжения"
"Hannibal Barca","Ганнибал Барка"
"Scipio Africanus","Сципион Африканский"
"CARTHAGE","КАРФАГЕН"
"ROME","РИМ"
"Centre","Центр"
"East","Восток"
"North-East","Северо-восток"
"North","Север"
"North-West","Северо-запад"
"West","Запад"
"South-West","Юго-запад"
"South","Юг"
"South-East","Юго-восток"
"Maps","Карты"
"No maps available","Карт нет"
"Click a base to reseat","Щёлкните базу, чтобы пересесть"
"Bases in player colours","Базы в цветах игроков"
"%1 — held by %2","%1 — занята: %2"
"%1 — free, click to claim it","%1 — свободна, щёлкните, чтобы занять"
"Select a map\nto see preview","Выберите карту,\nчтобы увидеть предпросмотр"
"No preview available","Предпросмотр недоступен"
"Roman Republic","Римская республика"
"Commander","Полководец"
"Need at least 1 enabled player to start","Для начала нужен хотя бы 1 включённый игрок"
"Need at least 2 enabled players to start","Для начала нужны хотя бы 2 включённых игрока"
"At least two teams must be selected to start a match","Чтобы начать матч, нужно выбрать хотя бы две команды"
"This battlefield only has %1 starting bases","На этом поле боя всего %1 стартовых баз"
"Every player in play needs a starting base","Каждому играющему нужна стартовая база"
"You","Вы"
"CPU %1","ИИ %1"
"%1 gold","%1 золота"
"Skirmish","Стычка"
"Pick a battlefield, then set the colours, nations and commanders that take the field.","Выберите поле боя, затем задайте цвета, народы и полководцев, которые выйдут в поле."
"← Back","← Назад"
"Battlefields","Поля боя"
"Loading maps...","Загрузка карт..."
"No maps available","Карт нет"
"Slots","Места"
"Player slots this battlefield was authored for","Места игроков, под которые сделано это поле боя"
"In play","В игре"
"Players that will take the field","Игроки, которые выйдут в поле"
"Sides","Стороны"
"Distinct teams among the players in play","Отдельные команды среди играющих"
"Opposition","Противники"
"Scripted","По сценарию"
"Players only","Только игроки"
"This battlefield brings its own enemies, so you can start alone","Это поле боя приводит своих врагов, так что начать можно и одному"
"This battlefield needs at least two opposing players","Этому полю боя нужны хотя бы два противостоящих игрока"
"Treasury","Казна"
"Gold every side starts with — click to change","Золото, с которым начинает каждая сторона, — щёлкните, чтобы изменить"
"Select a battlefield to continue","Выберите поле боя, чтобы продолжить"
"Order of Battle","Боевой расчёт"
"Click any chip to change it • pick a base on the map for the highlighted seat","Щёлкните любую метку, чтобы изменить её • выберите базу на карте для подсвеченного места"
"Click any chip to change it","Щёлкните любую метку, чтобы изменить её"
"+ Add CPU","+ Добавить ИИ"
"Every slot on this battlefield is taken","Все места на этом поле боя заняты"
"Add an AI opponent","Добавить противника-ИИ"
"Leave this slot empty","Оставить это место пустым"
"Bring this slot into the battle","Ввести это место в бой"
"Slot %1 • click to move seat","Место %1 • щёлкните, чтобы пересесть"
"Slot %1 • AI","Место %1 • ИИ"
"Colour","Цвет"
"Player colour — click to change","Цвет игрока — щёлкните, чтобы изменить"
"Base","База"
"None","Нет"
"Starting base — click for the next free one, or pick it on the map","Стартовая база — щёлкните, чтобы взять следующую свободную, или укажите её на карте"
"Nation","Народ"
"Nation — click to change","Народ — щёлкните, чтобы изменить"
"%1 — click to change commander","%1 — щёлкните, чтобы сменить полководца"
"Commander — click to change","Полководец — щёлкните, чтобы сменить"
"Team %1","Команда %1"
"Team — click to change sides","Команда — щёлкните, чтобы сменить сторону"
"Remove this opponent","Убрать этого противника"
"↑ ↓ Choose","↑ ↓ Выбор"
"Enter Start","Enter Начать"
"Esc Back","Esc Назад"
"Observe","Наблюдать"
"Pick a battlefield with at least two camps to watch","Выберите поле боя хотя бы с двумя лагерями, чтобы смотреть"
"Watch the computer fight itself on this battlefield","Посмотрите, как ИИ воюет сам с собой на этом поле боя"
"Play ▶","Играть ▶"
"Start the battle (Enter)","Начать бой (Enter)"
"Player %1","Игрок %1"
"AI Player %1","Игрок-ИИ %1"
"Unnamed Map","Карта без имени"
"A fertile valley for two. One channel runs the whole map north to south and only two fords cross it. A cross spur on each bank means you either hug the water or swing wide to reach them, and the boomerang ridge cupping each start makes the back door terrain rather than a wall. Nothing haunts this valley: it is the plain match, with no Sepulcher to distract either side.","Плодородная долина на двоих. Одно русло идёт через всю карту с севера на юг, и пересекают его лишь два брода. Поперечный отрог на каждом берегу заставляет либо жаться к воде, либо делать крюк, чтобы до них добраться, а бумерангом изогнутый гребень, обнимающий каждый старт, превращает задний ход в местность, а не в стену. Эту долину никто не тревожит: это простой матч, без Гробницы, отвлекающей стороны."
"A quiet meadow between a Carthaginian camp and a Roman outpost, laid out for the tutorial: timber, stone and ore within a short walk of the barracks, a scouting party to practise on, and a small enemy camp to take once the army is ready.","Тихий луг между карфагенским лагерем и римской заставой, разложенный под обучение: древесина, камень и руда в двух шагах от казарм, разведывательный отряд для упражнений и небольшой вражеский лагерь, который берут, когда армия готова."
"A redoubt above a dry ford, for one. A spur of rock runs the length of the approach and the two shoulders close the flanks, so everything coming down from the north is committed to one of two lanes -- the cart gate in the west, the goat path in the east -- and they do not meet again until the ground in front of the camp. One line cannot hold both mouths, so holding here is a question of which lane you stand in and when you leave it.","Редут над сухим бродом, для одного. Скальный отрог идёт вдоль всего подхода, а два плеча запирают фланги, так что всё, что спускается с севера, обязано войти в один из двух коридоров — тележные ворота на западе или козью тропу на востоке, — и вновь они сходятся лишь на земле перед лагерем. Одна линия не удержит оба устья, так что оборона здесь сводится к тому, в каком коридоре вы стоите и когда его покидаете."
"A timber detail's cut above the Pinewater, for one. The near stand beside the camp is already half felled, so the levy is only filled out of the deep pines a long haul north-east, past the spine of rock the haul road has to swing around. The scree that gives up the stone lies the other way entirely, and the crew is not big enough to work both without splitting it.","Лесная делянка над Сосновой Водой, для одного. Ближняя роща у лагеря уже наполовину сведена, так что набор пополняют лишь из густых сосен в долгом переходе на северо-восток, за скальным хребтом, который вывозной дороге приходится огибать. Осыпь, дающая камень, лежит совсем в другой стороне, а бригада не так велика, чтобы работать на обеих, не разделившись."
"Amber Delta","Янтарная дельта"
"Battle of Cannae","Битва при Каннах"
"Battle of Lake Trasimene","Битва при Тразименском озере"
"Battle of Ticino","Битва при Тицине"
"Battle of Trebia","Битва при Требии"
"Battle of Zama","Битва при Заме"
"Blackpine Hollow","Чернососновая Лощина"
"Campania Campaign","Кампанский поход"
"Copper Canyons","Медные Каньоны"
"Crossing the Alps","Переход через Альпы"
"Deep wet pine forest for two. A crater wall rings the shrine bowl at the centre and no road enters it - the gates cut through its rim are the only way in, so the middle belongs to whoever will fight for it on foot. Everything else is one ring road and the trees.","Глухой сырой сосновый бор на двоих. Стена кратера окружает котловину со святилищем в середине, и внутрь не входит ни одна дорога — единственный вход через ворота, прорезанные в её кромке, так что середина принадлежит тому, кто будет драться за неё пешим. Всё остальное — одна кольцевая дорога и деревья."
"Four camps in a snowed-in basin. Two melt races cross at its centre and cut the ground into quarters, so every neighbour is a bridge away: an inner crossing in the open, or a longer one out under the rim ranges. Four corner tarns and four barrow cairns fill the rest.","Четыре лагеря в заснеженной котловине. Два талых потока скрещиваются посередине и режут землю на четверти, так что до любого соседа — через мост: внутренняя переправа на открытом месте или более длинная под кряжами по краю. Остальное занимают четыре угловых озерца и четыре курганные пирамиды."
"Four camps on a dry Iberian hillside. No river runs here - the terraces are the map. Each camp looks out through a horned terrace wall with a gate at either horn, and the old press mound in the middle is high ground four worn tracks climb.","Четыре лагеря на сухом иберийском склоне. Реки здесь нет — картой служат террасы. Каждый лагерь смотрит через рогатую террасную стену с воротами у каждого рога, а старый холм давильни посередине — высота, на которую взбираются четыре натоптанные тропы."
"Frostmere Basin","Мёрзлая Котловина"
"Iron Sepulcher Watch","Стража Железной Гробницы"
"Pinewater Cut","Делянка над Сосновой Водой"
"Sallow Ford","Ивовый Брод"
"Six camps in a banded rock desert. Three races cross at the middle and cut the ground into six wedges, so every neighbour is two crossings away: one under the junction knaps, one out at the rim stacks. A mesa lies across each wedge, and the lane past it is where the sector is won.","Шесть лагерей в полосатой скальной пустыне. Три русла скрещиваются посередине и режут землю на шесть клиньев, так что до любого соседа — две переправы: одна под скальными уступами перекрёстка, другая у столбов по краю. Поперёк каждого клина лежит столовая гора, и участок решается коридором рядом с ней."
"Small authored scenario that demonstrates ruins, a shrine, and undead awakening zones.","Небольшой авторский сценарий, показывающий руины, святилище и зоны пробуждения мёртвых."
"Sunbaked Terraces","Выжженные Террасы"
"The Two Fords","Два Брода"
"Three camps a side along one broad channel. The Amber runs the whole map and only three ferry crossings span it, so a bank is a front line: the highway behind each bank links its three camps, and every attack has to buy a bridge first.","По три лагеря с каждой стороны вдоль одного широкого русла. Янтарная течёт через всю карту, и пересекают её лишь три паромные переправы, так что берег — это линия фронта: тракт за каждым берегом связывает его три лагеря, и любое наступление обязано сперва купить себе переправу."
"Training Meadow","Учебный луг"
"Crossing the Rhone","Переправа через Рону"
"CPU %1","ИИ %1"
"This battlefield has fewer than two slots to observe","На этом поле боя меньше двух мест для наблюдения"
"Campaign manager not initialized","Управляющий кампанией не запущен"
"Failed to load mission","Не удалось загрузить задание"
"Failed to load mission preview: %1","Не удалось загрузить предпросмотр задания: %1"
"Rhône","Родан"
"The Alps","Альпы"
"N. Italy","Сев. Италия"
"Trasimene","Тразимен"
"Cannae","Канны"
"Campania","Кампания"
"S. Italy","Юж. Италия"
"Zama","Зама"
"Mission Region","Область задания"
"Rome","Рим"
"Carthage","Карфаген"
"Neutral","Нейтральный"
"Loading map…","Загрузка карты…"
"Tilt -","Наклон -"
"Tilt +","Наклон +"
"Reset view","Сбросить вид"
"Control:","Под властью:"
"Legend","Условные знаки"
"Arrows pan  ·  Drag to rotate  ·  Scroll or +/- to zoom  ·  Home resets","Стрелки двигают  ·  Тяните, чтобы повернуть  ·  Колесо или +/- приближает  ·  Home сбрасывает"
"FINAL MINUTE","ПОСЛЕДНЯЯ МИНУТА"
"CLOSING WINDOW","ОКНО ЗАКРЫВАЕТСЯ"
"MISSION CLOCK","ЧАСЫ ЗАДАНИЯ"
"Time left: %1","Осталось времени: %1"
"TIME LEFT","ОСТАЛОСЬ ВРЕМЕНИ"
"Suffete Command","Командование суффетов"
"Consular Command","Консульское командование"
"Carthaginian High Command","Верховное командование Карфагена"
"Roman High Command","Верховное командование Рима"
"its shortcut","его сокращение"
"Apulian river plain","Апулийская речная равнина"
"Campanian plain","Кампанская равнина"
"Lakeside hill country","Холмистый край у озера"
"Mountain","Горы"
"North African plain","Североафриканская равнина"
"Po valley river plain","Речная равнина долины По"
"River valley","Речная долина"
"Winter river plain","Зимняя речная равнина"
"Unknown","Неизвестно"
"Sealed","Запечатано"
"In Progress","Идёт"
"Rewards: Sealed until prior victories","Награды: запечатаны до прежних побед"
"Rewards: Laurels Inscribed • Veteran Honors Claimed","Награды: лавры высечены • почести ветеранов получены"
"Rewards: Bronze Standard • Veteran Cohort","Награды: бронзовое знамя • ветеранская когорта"
"Dispatch:","Донесение:"
"Campaign Objectives (complete all):","Задачи кампании (выполнить все):"
"Campaign Objectives (complete any):","Задачи кампании (выполнить любую):"
"Campaign Objectives:","Задачи кампании:"
"Complete mission objective","Выполните задачу задания"
"Optional:","Дополнительно:"
"Complete optional objective","Выполните дополнительную задачу"
"Failure:","Поражение:"
"Avoid mission failure","Не допустите провала задания"
"• Complete the mission successfully","• Успешно завершите задание"
"Army Composition:","Состав армии:"
"Historical Ledger:","Историческая запись:"
"Casualties Forecast:","Ожидаемые потери:"
"Tactical Rating:","Тактическая оценка:"
"Campaign Success:","Успех кампании:"
"Opposition Command","Командование противника"
"Field Command Pending","Полевое командование ещё не назначено"
"No named commander assigned to this force.","Именованный полководец этим силам не назначен."
"Orders sealed until prior victories are secured.","Приказы запечатаны, пока не одержаны прежние победы."
"Victory recorded. You may replay this engagement at will.","Победа записана. Это сражение можно переиграть в любой миг."
"Orders issued. Deploy when ready.","Приказы отданы. Разворачивайтесь, когда будете готовы."
"Battle tempo: the speed buttons sit on the top bar beside pause, from %1 up to %2. Press %3 or %4 to change speed without leaving the field.","Темп боя: кнопки скорости стоят на верхней панели рядом с паузой, от %1 до %2. Нажмите %3 или %4, чтобы сменить темп, не покидая поля."
"Replay Mission","Переиграть задание"
"Start Mission","Начать задание"
"Complete previous missions to unlock","Пройдите предыдущие задания, чтобы открыть"
"Locked","Закрыто"
"✓ Completed","✓ Пройдено"
"✓ Archived","✓ В архиве"
"Sealed","Запечатано"
"Open Order","Открыть приказ"
"Difficulty:","Сложность:"
"Player %1","Игрок %1"
"AI Player %1","Игрок-ИИ %1"
"east","востока"
"west","запада"
"south","юга"
"north","севера"
"southeast","юго-востока"
"northeast","северо-востока"
"southwest","юго-запада"
"northwest","северо-запада"
"Enemy","Враг"
"Wave %1/%2 forming to the %3: %4, roughly %5 troops. Brace.","Волна %1/%2 собирается с %3: %4, примерно %5 отрядов. Держитесь."
"Wave %1/%2 broken. The line holds.","Волна %1/%2 сломлена. Линия держит."
"The assault is broken. Nothing else is coming.","Приступ сломлен. Больше ничего не придёт."
"All %1 assault phases broken. Nothing else is coming.","Все фазы приступа (%1) сломлены. Больше ничего не придёт."
"AI Wave %1","Волна ИИ %1"
"Assault phase %1/%2: %3 from the %4 (%5 units)","Фаза приступа %1/%2: %3 с %4 (отрядов: %5)"
"202 BC: Scipio arranged lanes through his infantry to blunt Hannibal's elephants, while Masinissa and Laelius commanded superior allied cavalry. The returning cavalry helped decide the battle. The Sepulcher intervention is the campaign's deliberate dark-fantasy break from history.","202 г. до н. э.: Сципион устроил в своей пехоте проходы, чтобы притупить слонов Ганнибала, а Масинисса и Лелий вели превосходящую союзную конницу. Вернувшаяся конница помогла решить битву. Вмешательство Гробницы — намеренный тёмно-фэнтезийный отход кампании от истории."
"215-212 BC: Hannibal campaigned across Campania while Capua served as his principal Italian ally and winter base. This dark-fantasy composite condenses several Roman attempts to contain and isolate the Carthaginian army.","215–212 гг. до н. э.: Ганнибал воевал по всей Кампании, а Капуя служила его главным италийским союзником и зимней базой. Эта тёмно-фэнтезийная сводка сжимает несколько римских попыток сдержать и изолировать карфагенскую армию."
"216 BC: beside the Aufidus, Hannibal's deliberately yielding center drew a much larger Roman infantry mass forward while African infantry attacked its flanks and Carthaginian cavalry closed the rear. Two Roman camps supported the army.","216 г. до н. э.: у Ауфида намеренно уступавший центр Ганнибала втянул вперёд куда большую массу римской пехоты, пока африканская пехота била по её флангам, а карфагенская конница замыкала тыл. Армию поддерживали два римских лагеря."
"217 BC: Hannibal drew Gaius Flaminius along the narrow northern shore of Lake Trasimene and attacked from concealed high ground in morning mist. The Roman marching column had little room to deploy and Flaminius was killed.","217 г. до н. э.: Ганнибал заманил Гая Фламиния вдоль узкого северного берега Тразименского озера и ударил со скрытой высоты в утреннем тумане. Римской походной колонне негде было развернуться, и Фламиний погиб."
"218 BC: Hannibal crossed the Alps with a multinational army, cavalry, baggage train, and surviving elephants. Ancient sources disagree on the route; this scenario combines contested passes and local attacks into one dark-fantasy ascent.","218 г. до н. э.: Ганнибал перешёл Альпы с разноплемённой армией, конницей, обозом и уцелевшими слонами. Древние источники расходятся о маршруте; этот сценарий сводит спорные перевалы и местные нападения в одно тёмно-фэнтезийное восхождение."
"218 BC: Hannibal crossed the Rhône upstream from its mouth using boats, rafts, and a detached force sent across to turn local opposition. Scipio arrived too late; this altered history places Roman advance camps on the far-bank road to create the opening Carthage-versus-Rome engagement.","218 г. до н. э.: Ганнибал переправился через Родан выше устья, используя лодки, плоты и отдельный отряд, посланный на тот берег, чтобы обойти местное сопротивление. Сципион прибыл слишком поздно; эта изменённая история ставит римские передовые лагеря на дороге за рекой, создавая первое столкновение Карфагена с Римом."
"218 BC: the Ticinus was primarily a cavalry engagement between reconnaissance forces. Roman consul Publius Cornelius Scipio was wounded and rescued during the retreat; the camp assault is a plausible dark-fantasy extension of that pursuit.","218 г. до н. э.: Тицин был прежде всего конной схваткой разведывательных отрядов. Римский консул Публий Корнелий Сципион был ранен и спасён при отходе; штурм лагеря — правдоподобное тёмно-фэнтезийное продолжение той погони."
"A broad river operation with ferries, wooded detours, bridgeheads, and fortified supply quarters; the Iron Sepulcher occupies an avoidable ruin on the southern flank.","Широкая речная операция с паромами, лесными обходами, плацдармами и укреплёнными кварталами снабжения; Железная Гробница занимает руину на южном фланге, которую можно обойти."
"A camp is taken by holding its yard, not by levelling it.","Лагерь берут, удерживая его двор, а не сравнивая с землёй."
"A camp is taken by standing in it, not by levelling it. Nine men cannot kill thirty-eight, but they can hold two gate yards long enough to claim them - and a Roman column without its commander stops being a column.","Лагерь берут, стоя в нём, а не сравнивая с землёй. Девятеро не убьют тридцать восьмерых, но смогут удержать два надворотных двора достаточно долго, чтобы их занять, — а римская колонна без начальника перестаёт быть колонной."
"A camp, and nobody left standing in it. Get up. There is no shame in it. The shame would be in doing it a second time in the same valley.","Лагерь, и ни одного стоящего в нём. Вставайте. Стыда в этом нет. Стыдно будет сделать это второй раз в той же долине."
"A column without its commander stops being a column.","Колонна без начальника перестаёт быть колонной."
"A commander alone cannot defend a city quarter.","Один полководец городской квартал не удержит."
"A general alone on a dead field is just the last corpse standing.","Полководец один на мёртвом поле — просто последний стоящий труп."
"A guided first field, paced by the player rather than the clock: the Roman raid waits until the recruit's army stands, and the enemy camp is small enough to fall to a first attack.","Первое поле с проводником, в темпе игрока, а не часов: римский набег ждёт, пока армия новобранца встанет, а вражеский лагерь достаточно мал, чтобы пасть с первого удара."
"A nation stands on its commander. Kill him and the camps go quiet and unclaimed - which, against a twenty-minute clock, is the only version of this battle that finishes in time.","Народ держится своим полководцем. Убейте его, и лагеря затихнут и останутся ничьими — что при двадцатиминутных часах есть единственная версия этой битвы, успевающая закончиться."
"A new standard in the valley, and nobody under it who has held a spear more than twice. My outpost has orders to go and look at you. Try to still be standing when they arrive; it makes the report worth writing.","Новое знамя в долине, и под ним ни одного, кто держал копьё больше двух раз. Моей заставе приказано пойти и взглянуть на вас. Постарайтесь ещё стоять, когда они дойдут; тогда отчёт будет стоить того, чтобы его писать."
"ASSAULT I: infantry from north and south; cavalry raiders and engineers on the eastern consular road.","ПРИСТУП I: пехота с севера и юга; конные налётчики и сапёры на восточной консульской дороге."
"ASSAULT II: the Roman horns answer one another. Rotate the reserve before all three roads close.","ПРИСТУП II: римские рога перекликаются друг с другом. Перебросьте резерв, прежде чем закроются все три дороги."
"ASSAULT III: siege engines and veteran cohorts. Hold every gate until the twentieth minute.","ПРИСТУП III: осадные машины и ветеранские когорты. Держите каждые ворота до двадцатой минуты."
"Africa, then, and the two of us, and no river to stand behind. I have the measure of your elephants and I have your Numidians. Whatever you mean to do, do it where I can see it. I have waited sixteen years to stand in the same field as you.","Значит, Африка, и мы двое, и никакой реки, за которой можно встать. Я измерил твоих слонов, и твои нумидийцы у меня. Что бы ты ни задумал, делай это там, где я увижу. Я шестнадцать лет ждал, чтобы встать с тобой на одном поле."
"After Cannae, Rome refuses the battle Hannibal wants. The Republic instead presses every road, ally, granary, and walled town. Beneath the orchards, Iron Sepulcher graves make even a successful defense feel temporary.","После Канн Рим отказывается от битвы, которой хочет Ганнибал. Вместо этого Республика давит на каждую дорогу, союзника, житницу и обнесённый стеной город. Под садами могилы Железной Гробницы делают даже удачную оборону лишь временной."
"An assault walks toward your camp but turns for whatever it can see. Bait it with something visible and it will take the ground you chose instead of the ground it wanted.","Приступ идёт к вашему лагерю, но сворачивает на всё, что видит. Приманите его чем-то заметным, и он займёт ту землю, которую выбрали вы, а не ту, которую хотел."
"Another Roman wave is flanking from the southeast. Rotate quickly.","Ещё одна римская волна обходит с юго-востока. Перебрасывайте быстро."
"Battle of Cannae","Битва при Каннах"
"Battle of Lake Trasimene","Битва при Тразименском озере"
"Battle of Ticino","Битва при Тицине"
"Battle of Trebia","Битва при Требии"
"Battle of Zama","Битва при Заме"
"Between assaults, seize the eastern Roman siege camp.","Между приступами возьмите восточный римский осадный лагерь."
"Break all five columns. The ford is held when the last of them is dead in front of it, and not one column sooner.","Сломите все пять колонн. Брод удержан, когда последняя из них лежит перед ним мёртвой, и ни колонной раньше."
"Break all three Roman assault phases. The quarter holds when the last consular column is dead in the streets.","Сломите все три римские фазы приступа. Квартал держится, когда последняя консульская колонна лежит мёртвой на улицах."
"Break both Iron Sepulcher attacks. At Zama, the dead no longer remain outside the battle.","Сломите оба удара Железной Гробницы. При Заме мёртвые больше не остаются вне битвы."
"Break the chiefs contesting the descent.","Сломите вождей, оспаривающих спуск."
"Break the consular line at its centre.","Проломите консульскую линию в её середине."
"Break the siege camp once the assaults are spent.","Разбейте осадный лагерь, когда приступы иссякнут."
"Break the three assault phases","Сломите три фазы приступа"
"Break the three crossings","Сорвите три переправы"
"Break three Roman columns before the survivors find the ford again.","Сломите три римские колонны, прежде чем уцелевшие снова найдут брод."
"Bring the column to the first pass","Доведите колонну до первого перевала"
"Bring the column to the pontoon bridge on the near bank.","Доведите колонну до понтонного моста на ближнем берегу."
"Burn every cursed guardian from the sepulcher ruins. Kill what cannot die.","Выжгите каждого проклятого стража из руин гробницы. Убейте то, что не может умереть."
"Cavalry reaches it first; hold the yard until the standard changes.","Конница доходит первой; держите двор, пока не сменится знамя."
"Clear the pass before the mountain closes it. Every hour lost is more men fed to the cold.","Расчистите перевал, прежде чем гора его закроет. Каждый потерянный час — ещё люди, скормленные холоду."
"Close the encirclement on the Aufidus camp to the north.","Замкните окружение на лагере у Ауфида к северу."
"Close the trap on the column town","Захлопните ловушку на городе колонны"
"Cold water and an early start, and my colleague is very pleased with both. He has the men in the river before their porridge. I said what I thought and was overruled, so I shall stand here and watch your ambush do its arithmetic.","Холодная вода и ранний подъём, и мой коллега весьма доволен и тем и другим. Люди у него в реке ещё до каши. Я сказал, что думаю, и меня перевесили, так что я постою тут и посмотрю, как ваша засада сводит свою арифметику."
"Counterattack now. Break them while they are split by the river.","Контратакуйте сейчас. Сломите их, пока их разделяет река."
"Cross before the Roman runners reach their garrison. Every second spent waiting feeds the blade.","Переправляйтесь, прежде чем римские гонцы добегут до своего гарнизона. Каждая секунда ожидания кормит клинок."
"Cross the Rhône by one of several prepared routes, sever the eastern supply road, and capture two Roman advance camps before Scipio reaches the river.","Переправьтесь через Родан одним из нескольких подготовленных путей, перережьте восточную дорогу снабжения и возьмите два римских передовых лагеря, прежде чем Сципион выйдет к реке."
"Crossing the Alps","Переход через Альпы"
"Crossing the Rhône","Переправа через Родан"
"Crush all three Roman camps and seal the iron tomb shut. No escape.","Сокрушите все три римских лагеря и запечатайте железную гробницу. Без выхода."
"Crush both Roman breakout columns before they claw through the hillside.","Сокрушите обе прорывающиеся римские колонны, прежде чем они выцарапаются по склону."
"Cut the stores for the road","Заготовьте припасы для дороги"
"Cut timber for the sledges, break stone for the road, and draw iron for the shoes and axles. The column crosses on what your builders can carry.","Нарубите древесины на волокуши, набейте камня на дорогу и выберите железа на подковы и оси. Колонна перейдёт на том, что унесут ваши строители."
"December 218 BC: Hannibal provoked Tiberius Sempronius Longus into crossing the cold Trebia before breakfast. Carthaginian infantry, cavalry, elephants, and Mago's hidden detachment struck the exhausted Roman army from front, flanks, and rear.","Декабрь 218 г. до н. э.: Ганнибал спровоцировал Тиберия Семпрония Лонга перейти холодную Требию до завтрака. Карфагенская пехота, конница, слоны и скрытый отряд Магона ударили по измотанной римской армии с фронта, с флангов и с тыла."
"Defend Hannibal's fortified Campanian supply town and break all three coordinated Roman assaults arriving from separate consular roads.","Обороняйте укреплённый кампанский город снабжения Ганнибала и сломите все три согласованных римских приступа, идущих по разным консульским дорогам."
"Drive the dead from the shrine. Salt the earth where they stood.","Изгоните мёртвых из святилища. Засыпьте солью землю, где они стояли."
"Eighty thousand. I would rather you heard the number than saw it, because seeing it takes most of a morning. Varro has the command today, and Varro believes in going forward. Stand wherever you like.","Восемьдесят тысяч. Пусть лучше ты услышишь это число, чем увидишь, потому что осмотр отнимает половину утра. Сегодня командует Варрон, а Варрон верит в движение вперёд. Становись где хочешь."
"End the war with the men who lead it.","Закончите войну вместе с теми, кто её ведёт."
"Endure both waves from the depths. Do not flinch when the ground tears open.","Переживите обе волны из глубин. Не дрогните, когда земля разверзнется."
"Enemy camps fall neutral once their commander is dead.","Вражеские лагеря становятся ничьими, когда их полководец мёртв."
"Every soldier lost is counted by the enemy tonight.","Каждого потерянного воина враг сегодня же ночью занесёт в счёт."
"Every system a first match asks for, in the order a new commander meets them: selection and orders, the resource loop from tree to yard, construction cost and placement, recruitment and the population that limits it, stances, the commander's aura and rally, camera, speed and objectives - then one small assault to put it all together.","Все механики, каких требует первый матч, в том порядке, в каком с ними знакомится новый полководец: выделение и приказы, ресурсная петля от дерева до двора, цена и постановка построек, набор и ограничивающее его население, стойки, аура и сбор полководца, камера, темп и задачи — а затем один небольшой приступ, чтобы всё это сложилось."
"Execute the encirclement, then seize all three Roman camps before their reserves can restore the line.","Проведите окружение, а затем займите все три римских лагеря, прежде чем их резервы восстановят линию."
"Field Training","Полевая подготовка"
"Fifteen thousand in the shallows, and the augurs will say the sacred chickens warned us. Kill a consul and Rome elects another by market day. That is the trick of us: we are not a man.","Пятнадцать тысяч на отмелях, а гадатели скажут, что священные куры нас предупреждали. Убей консула — и Рим изберёт другого к базарному дню. В том и весь наш фокус: мы не один человек."
"Final battle in Africa: blunt Scipio's line, survive the Numidian cavalry, and seize all four Roman camps while breaking both risings of the dead.","Последняя битва в Африке: притупите линию Сципиона, переживите нумидийскую конницу и займите все четыре римских лагеря, сломив при этом оба восстания мёртвых."
"Final ridge ahead. Break the last camp to open the descent.","Впереди последний гребень. Разбейте последний лагерь, чтобы открыть спуск."
"Fine. Sempronius rides to Rome to explain his morning. Half a legion walked out of that water and kept walking, and they will meet you again in the spring with dry feet and long memories.","Ладно. Семпроний едет в Рим объяснять своё утро. Половина легиона вышла из той воды и пошла дальше, и они встретят тебя весной — с сухими ногами и долгой памятью."
"Finish the consular officers on the field.","Добейте консульских командиров на поле."
"Finish the officers inside the ring.","Добейте командиров внутри кольца."
"First battle on Italian soil. Win the cavalry duel, then seize the Roman reserve camp before fresh reinforcements regroup.","Первый бой на италийской земле. Выиграйте конный поединок, затем возьмите римский резервный лагерь, прежде чем свежие подкрепления перестроятся."
"Five columns and the ford still ours. Count the men twice and do not write the number down until morning; it is always worse in the dark and always worse again in daylight.","Пять колонн, а брод всё ещё наш. Пересчитайте людей дважды и не записывайте число до утра; в темноте всегда выходит хуже, а при свете — ещё хуже."
"Fix the Roman center in place. Keep both cavalry wings active.","Прикуйте римский центр к месту. Держите оба конных крыла в деле."
"Flaminius must not leave the shore.","Фламиний не должен уйти с берега."
"Follow the valley floor east; the mountain peoples hold the switchbacks above.","Идите дном долины на восток; горцы держат серпантины выше."
"Grave-lights move among the western orchards. The Iron Sepulcher is watching, but the legions remain the greater danger.","Могильные огни ходят среди западных садов. Железная Гробница смотрит, но легионы опаснее."
"Hannibal falls, and the allied towns abandon the field.","Ганнибал пал, и союзные города покидают поле."
"Hannibal's first Italian victory is a test of tempo and cavalry control. Ford-shades complicate the flanks but do not replace the Roman enemy.","Первая италийская победа Ганнибала — испытание темпа и власти над конницей. Тени брода усложняют фланги, но римского врага не заменяют."
"Hannibal's masterpiece becomes a prolonged operational battle, not a single frontal collision.","Шедевр Ганнибала становится затяжной операцией, а не единственным лобовым столкновением."
"High ground doubles a bowman and hardens him against what shoots back. The ridge over the Roman camp is worth more than the extra squadron you would have spent the same minutes recruiting.","Высота удваивает лучника и делает его крепче к тому, что стреляет в ответ. Гребень над римским лагерем стоит больше, чем лишний эскадрон, на который ушли бы те же минуты."
"Hold discipline. Let the Romans commit at the ford.","Держите дисциплину. Пусть римляне ввяжутся у брода."
"Hold the Punic quarter through every consular column.","Удержите пунический квартал через каждую консульскую колонну."
"Hold the Sallow Ford","Удержите Ивовый Брод"
"Hold the field, then. My horse is dead, my son is dragging me off it by the arm, and I find I can still count. You have won a ford. Italy is nine hundred miles long.","Что ж, держи поле. Конь мой мёртв, сын тащит меня с него за руку, и я, оказывается, ещё умею считать. Ты выиграл брод. Италия длиной в девятьсот миль."
"Hold the gate yard of Scipio's forward town.","Удержите надворотный двор передового города Сципиона."
"Hold the river line and break all three Roman crossings. Let the cold and the water do the work Sempronius will not.","Держите речную линию и сорвите все три римские переправы. Пусть холод и вода сделают работу, которой Семпроний не сделает."
"Hold the ruins. Force the Romans to fight on two grounds at once.","Удержите руины. Заставьте римлян драться на двух землях сразу."
"Hold the southern bank through all three crossings. Sempronius spends his army on the ice; you have only to still be standing.","Удержите южный берег через все три переправы. Семпроний тратит армию на льду; вам довольно просто устоять."
"Hold the southern bank through every Roman assault phase.","Удержите южный берег через каждую римскую фазу приступа."
"If the central camp falls, the Campanian alliance dies with it.","Если падёт средний лагерь, вместе с ним умрёт кампанский союз."
"Iron Sepulcher Watch","Стража Железной Гробницы"
"Iron bells answer beneath the south-western crossing. The Sepulcher is advancing on Carthage as well as Rome.","Железные колокола отзываются под юго-западной переправой. Гробница идёт и на Карфаген, и на Рим."
"It is finished. Carthage will have terms, and the terms will be her fleet burned in her own harbour where she can watch it. You were the better general. It has not turned out to matter.","Кончено. Карфаген получит условия, и условием будет его флот, сожжённый в его же гавани, чтобы он мог на это смотреть. Ты был лучшим полководцем. Оказалось, это неважно."
"It is the closest camp to your hill; take it before the wings close.","Это ближайший к вашему холму лагерь; возьмите его, прежде чем сомкнутся крылья."
"It is the closest of the four camps to your line.","Это ближайший к вашей линии из четырёх лагерей."
"Keep Capua, then. I shall come back after the harvest, and after the one following it. I have buried three consuls who were in a hurry. Patience is cheaper, and it does not require a triumph.","Что ж, оставь себе Капую. Я вернусь после жатвы, а потом после следующей. Я похоронил трёх консулов, которые спешили. Терпение дешевле, и триумфа оно не требует."
"Keep both towers standing. Lose one and the lane it watches is yours to walk yourself.","Удержите обе башни. Потеряете одну — и коридор, за которым она следила, придётся закрывать собой."
"Kill Sempronius and his officers","Убейте Семпрония и его командиров"
"Kill every enemy commander. A nation dies with the man who leads it: its camps fall neutral, its works come down and its troops leave the field.","Убейте каждого вражеского полководца. Народ умирает вместе с тем, кто его ведёт: его лагеря становятся ничьими, укрепления рушатся, а войска покидают поле."
"Kill the Roman commander and take the outpost. A nation dies with the man who leads it.","Убейте римского полководца и возьмите заставу. Народ умирает вместе с тем, кто его ведёт."
"Kill the Roman commanders","Убейте римских полководцев"
"Kill the consular commanders","Убейте консульских полководцев"
"Kill the mountain commanders","Убейте горных вождей"
"Learn to command before Rome comes looking for you: select and move troops, drive off a scouting party, put builders to work on timber, stone and ore, raise a Home, recruit an army, break a Roman raid, and take the enemy camp.","Научитесь командовать, пока Рим не отправился вас искать: выделяйте и двигайте отряды, отгоните разведку, поставьте строителей на древесину, камень и руду, возведите Дом, наберите армию, сломите римский набег и возьмите вражеский лагерь."
"Levy filled. Stack it by the road and let the carts argue about it. We cut a wood down to feed a siege that has not started yet — remember that the next time somebody calls this the quiet posting.","Набор выполнен. Сложите это у дороги, и пусть телеги спорят о нём. Мы свели лес, чтобы кормить осаду, которая ещё не началась, — вспомните об этом, когда в следующий раз кто-нибудь назовёт эту службу тихой."
"Lose the redoubt and there is nothing behind it for forty miles.","Потеряете редут — и за ним на сорок миль нет ничего."
"Lose the river camp and the cold takes what the Romans couldn't.","Потеряете речной лагерь — и мороз возьмёт то, чего не смогли римляне."
"Lose the supply camp and the army starves before it reaches the snow line.","Потеряете лагерь снабжения — и армия изголодает раньше, чем дойдёт до линии снега."
"Lose your camp and the tempo dies with it.","Потеряете лагерь — и вместе с ним умрёт темп."
"Masinissa's Numidian horse is entering from the north-eastern road.","Нумидийская конница Масиниссы входит с северо-восточной дороги."
"Mist on a lake road. Flaminius holds that a column moves faster than an ambush can close, and he is a consul, so he must be right. Do enjoy the next hour. I shall be the one writing the account of it.","Туман на дороге у озера. Фламиний считает, что колонна движется быстрее, чем успевает сомкнуться засада, а он консул, значит, должен быть прав. Приятного часа. Отчёт о нём буду писать я."
"Move the army up to the lower pass camp before the snow closes it.","Подведите армию к нижнему перевальному лагерю, прежде чем его закроет снег."
"Navigate through the maze of hills and valleys. Watch for enemy patrols!","Пройдите лабиринт холмов и долин. Берегитесь вражеских дозоров!"
"No living formation remains to hold the gates.","Не осталось ни одного живого строя, чтобы держать ворота."
"Nothing new is taught here. The ridge, the bait and the beheading are all things you already know; Cannae only asks whether you can run three of them at once against four times your number.","Ничему новому здесь не учат. Гребень, приманка и обезглавливание — всё это вы уже знаете; Канны спрашивают лишь, сумеете ли вы провести три приёма разом против четырёхкратного превосходства."
"Nothing on the shore road survives once both ends are held.","Ничто на прибрежной дороге не уцелеет, когда оба её конца в ваших руках."
"One minute. Spend the reserve; save the camp.","Одна минута. Тратьте резерв; спасайте лагерь."
"One officer, no line. The next column will not even slow down.","Один командир, никакой линии. Следующая колонна даже не сбавит шаг."
"One redoubt, two mouths, five columns. Break every assault that comes down the cart gate and the goat path, and still be standing when the fifth is spent.","Один редут, два устья, пять колонн. Сломите каждый приступ, спускающийся через тележные ворота и козью тропу, и всё ещё стойте, когда иссякнет пятый."
"Overcut the levy. A surplus is the only thing a quartermaster has ever thanked anyone for.","Заготовьте сверх набора. Излишек — единственное, за что интендант хоть кого-то когда-то поблагодарил."
"Preserve the market and four homes: Campania is being defended for its people and supplies, not merely its walls.","Сберегите рынок и четыре дома: Кампанию обороняют ради её людей и припасов, а не одних лишь стен."
"Provision the column for the descent: harvest timber, stone and iron from the pass while the mountain tribes contest every switchback.","Снарядите колонну для спуска: добудьте на перевале древесину, камень и железо, пока горные племена оспаривают каждый поворот."
"Raze every Roman post. Leave Scipio nothing to rally behind.","Сровняйте с землёй каждый римский пост. Не оставьте Сципиону ничего, вокруг чего можно собраться."
"Reach the Rhone crossing","Выйдите к переправе через Родан"
"Rear guard deployment detected across the southern wadi. This is the final phase.","Замечено развёртывание арьергарда за южным вади. Это последняя фаза."
"Ride down the commanders once the crossings break.","Стопчите полководцев, когда переправы рухнут."
"Roman cavalry is attempting a breakout from the south. Intercept them.","Римская конница пытается прорваться с юга. Перехватите её."
"Roman cavalry screens the field. Punch through before reserves arrive.","Римская конница прикрывает поле. Пробейтесь, пока не подошли резервы."
"Roman cavalry waves intensify. Collapse one flank before the rear guard arrives.","Волны римской конницы усиливаются. Обрушьте один фланг, пока не подошёл арьергард."
"Roman reinforcements are approaching from the eastern road.","Римские подкрепления подходят по восточной дороге."
"Roman reserves are entering from the northern camp. Close the pocket faster.","Римские резервы входят из северного лагеря. Замыкайте котёл быстрее."
"Roman reserves are moving from the western bank.","Римские резервы идут с западного берега."
"Scipio extends the line. Keep your center steady and protect elephants from isolation.","Сципион растягивает линию. Держите центр твёрдо и не давайте слонам остаться в одиночестве."
"Scipio inherits any crossing you leave behind.","Сципиону достанется любая переправа, которую вы оставите."
"Seal the road. Let no scout cross the Ticino alive.","Запечатайте дорогу. Пусть ни один разведчик не перейдёт Тицин живым."
"Second pass defenders are reinforcing. Keep the column moving.","Защитники второго перевала получают подкрепление. Не останавливайте колонну."
"Second-wave Roman cavalry is maneuvering for your rear. Rebalance your flanks.","Римская конница второй волны заходит вам в тыл. Перебалансируйте фланги."
"Seize Masinissa's camp to finish the four.","Займите лагерь Масиниссы, чтобы дополнить четвёрку."
"Seize Varro's town at the centre of the Roman line.","Займите город Варрона в середине римской линии."
"Seize all four Roman camps — the consular line, Masinissa's Numidians, the rear guard, and the northern camp — before the cavalry closes your rear.","Займите все четыре римских лагеря — консульскую линию, нумидийцев Масиниссы, арьергард и северный лагерь, — прежде чем конница замкнёт вам тыл."
"Seize both Roman camps. The ambush is not finished until their flags come down.","Займите оба римских лагеря. Засада не окончена, пока не спущены их знамёна."
"Seize the Roman hill fort","Займите римское городище на холме"
"Seize the camp guarding Scipio's rear.","Займите лагерь, прикрывающий тыл Сципиона."
"Seize the river town","Займите речной город"
"Seize the second Roman camp on the north-east road.","Займите второй римский лагерь на северо-восточной дороге."
"Seize the second camp at the eastern end of the lake.","Займите второй лагерь на восточном краю озера."
"Seize the two river forts. Leave no crossing for Scipio's army to inherit.","Займите оба речных форта. Не оставьте армии Сципиона в наследство ни одной переправы."
"Sempronius spends his army on the ice; you only have to still be standing.","Семпроний тратит армию на льду; вам довольно просто устоять."
"Set builders on the slopes; the pass is paid for in materials, not blood.","Поставьте строителей на склоны; за перевал платят материалами, а не кровью."
"Sixty men and a shrine the local people will not walk past after dark. My orders say investigate. I would sooner burn it and write that we investigated, but the Senate reads.","Шестьдесят человек и святилище, мимо которого местные после темноты не ходят. В приказе сказано: обследовать. Я бы охотнее сжёг его и написал, что обследовали, но Сенат читает."
"So the centre gave and the wings did not. That was well done, and I say so, and I was inside it. Rome has lost an army and a ring for every knight in it. Rome has not yet lost anything that matters.","Итак, центр подался, а крылья нет. Сделано хорошо, я это говорю, и я был внутри. Рим потерял армию и по перстню за каждого всадника в ней. Ничего, что имеет значение, Рим ещё не потерял."
"So you came down the far side. Fewer, and on foot, and I am told you left the baggage up in the snow along with the men who were carrying it. Italy is waiting. Italy is not empty.","Значит, ты спустился с той стороны. Вас меньше, и вы пешие, и мне говорят, что обоз ты оставил в снегу вместе с теми, кто его нёс. Италия ждёт. Италия не пуста."
"So you have come down out of the rocks after all. Fewer than the count they gave me, and greyer. Well. The Ticinus is shallow, the ground beyond it is ours, and I have a great deal of time in which to be wrong about you.","Значит, ты всё-таки спустился со скал. Вас меньше, чем в поданном мне счёте, и вы седее. Что ж. Тицин мелок, земля за ним наша, а у меня уйма времени, чтобы в тебе ошибаться."
"So. The Barcid crawls down to the Rhone. Cross where you like - the river is not particular about whose bones it keeps, and Rome has a great deal of patience and a very great many shovels. My surveyors are already pacing out your grave. They tell me the ground here drinks well.","Итак, Баркид сползает к Родану. Переправляйся где хочешь — река не привередлива насчёт того, чьи кости оставить себе, а у Рима бездна терпения и очень, очень много лопат. Мои землемеры уже вышагивают твою могилу. Говорят, земля здесь хорошо пьёт."
"Spring the ambush and capture both Roman field camps within twenty minutes, before the mist lifts and a cohort escapes the basin.","Захлопните засаду и возьмите оба римских полевых лагеря за двадцать минут, прежде чем поднимется туман и когорта уйдёт из котловины."
"Stand in the gate yard of the northern advance camp until it falls to Carthage.","Стойте в надворотном дворе северного передового лагеря, пока он не отойдёт Карфагену."
"Stand your ground. The last soldier alone is not a force — he is a sacrifice.","Стойте насмерть. Последний воин в одиночку — не сила, а жертва."
"Strike now. Close the western route and split their line.","Бейте сейчас. Закройте западный путь и расколите их линию."
"Supply is a target - and it cuts both ways. Your market and your homes are what the Romans are actually marching at, and their siege camp keeps its own stockpile within reach of a raid.","Снабжение — это цель, и она режет в обе стороны. Ваш рынок и ваши дома — вот на что на самом деле идут римляне, а их осадный лагерь держит собственный склад в досягаемости для вылазки."
"Take Scipio's town","Возьмите город Сципиона"
"Take the Numidian camp","Возьмите нумидийский лагерь"
"Take the Roman marching town at the head of the lakeside road.","Возьмите римский походный город в начале приозёрной дороги."
"Take the allied camp","Возьмите союзнический лагерь"
"Take the bridge camp and the eastern reserve quarter before the Roman scouts vanish into the fog.","Возьмите мостовой лагерь и восточный резервный квартал, прежде чем римские разведчики растворятся в тумане."
"Take the consular town","Возьмите консульский город"
"Take the crossings, then. Take the whole cold length of the road north and every stone laid on it. Rome does not lose provinces - she lends them, at interest, and I am told the collectors on this road wear no faces at all.","Что ж, бери переправы. Бери всю холодную длину дороги на север и каждый камень, что на неё положен. Рим не теряет провинций — он одалживает их под процент, и мне говорят, что у сборщиков на этой дороге вовсе нет лиц."
"Take the cursed shrine above the sepulcher ruins and hold what you take: clear the guardians out of the ruins, then drive the dead off the shrine itself.","Возьмите проклятое святилище над руинами гробницы и удержите взятое: очистите руины от стражей, а затем изгоните мёртвых с самого святилища."
"Take the first pass quickly before the next ambush line assembles.","Возьмите первый перевал быстро, пока не собралась следующая линия засады."
"Take the northern camp","Возьмите северный лагерь"
"Take the rearguard camp","Возьмите лагерь арьергарда"
"Take the reserve camp","Возьмите резервный лагерь"
"Take the river camp","Возьмите речной лагерь"
"Take the second camp on the southern supply road.","Возьмите второй лагерь на южной дороге снабжения."
"Take the shore camp","Возьмите прибрежный лагерь"
"Taking the rear first denies the cavalry a place to rally.","Взять сперва тыл — значит лишить конницу места сбора."
"The Campanian Vigil","Кампанское бдение"
"The Roman column enters the corridor. Wait for full commitment.","Римская колонна входит в коридор. Дождитесь, пока она войдёт целиком."
"The Roman column walks into a geographical trap and is destroyed by converging attacks while the lakeside Sepulcher altar remains an optional horror.","Римская колонна входит в ловушку местности и гибнет от сходящихся ударов, а алтарь Гробницы у озера остаётся необязательным ужасом."
"The Roman villages are heavily defended. Coordinate your attacks!","Римские деревни хорошо защищены. Согласуйте свои удары!"
"The Romans are baited into the winter river and punished by Mago's concealed force, then the defense becomes an assault on a complete winter camp.","Римлян заманивают в зимнюю реку и карают скрытыми силами Магона, а затем оборона превращается в штурм полноценного зимнего лагеря."
"The Timber Levy","Древесный набор"
"The centre gives way once the wings are wrapped around it.","Центр подаётся, когда крылья обхватят его."
"The centre is the strongest camp; bring the elephants up first.","Центр — самый сильный лагерь; подведите сперва слонов."
"The commander falls and the line behind him is just men standing in a dry riverbed.","Полководец падает, и линия за ним — просто люди, стоящие в сухом русле."
"The commander falls — and every line collapses behind him.","Полководец падает — и каждая линия за ним рушится."
"The commander falls — the vigil ends. And the dead keep walking.","Полководец падает — бдение окончено. А мёртвые идут дальше."
"The crew is gone and the officer is standing in a clearing with an axe. That is not a work party.","Бригады нет, а командир стоит на поляне с топором. Это уже не рабочая партия."
"The crossing is a running battle against terrain, local resistance, and Roman influence. Sepulcher grave-lights remain a dangerous side path rather than the campaign's main enemy.","Переправа — это подвижный бой с местностью, местным сопротивлением и римским влиянием. Могильные огни остаются опасной боковой тропой, а не главным врагом кампании."
"The dead of the Iron Sepulcher still contest the field; keep a reserve.","Мёртвые Железной Гробницы всё ещё оспаривают поле; держите резерв."
"The final confrontation is Carthage against three coordinated Roman commands, until an Iron Sepulcher host attacks from the battlefield's neglected flank.","Последнее столкновение — Карфаген против трёх согласованных римских командований, пока с забытого фланга поля не ударит воинство Железной Гробницы."
"The last camp lies to the north-east, beyond the consular line.","Последний лагерь лежит на северо-востоке, за консульской линией."
"The lights are out and the ground is quiet. Count them twice and burn what will burn. Whatever was in there stood here before Rome and will stand here after it. Tonight it simply has other business.","Огни погасли, и земля тиха. Пересчитайте их дважды и сожгите то, что горит. Что бы там ни было, оно стояло здесь до Рима и будет стоять после. Сегодня ночью у него просто другие дела."
"The mist lifted a little early for you. It happens. The lake will keep what it has been given, and the thing beneath the altar on the shore is not particular about whose it is.","Туман поднялся для тебя чуть раньше времени. Бывает. Озеро оставит себе то, что ему дали, а тому, что под алтарём на берегу, всё равно, чьё оно."
"The officer of the detail falls. Nobody else here can sign for the levy.","Командир партии падает. Больше некому расписаться за набор."
"The pass keeps them, then. A word of advice to whoever reads this: do not follow the lights on the snowfield. Whatever carries a lantern at that height stopped being a shepherd a long time ago.","Что ж, перевал оставит их себе. Совет тому, кто это прочтёт: не иди за огнями по снежному полю. То, что несёт фонарь на такой высоте, давно перестало быть пастухом."
"The quarter holds when the last column is dead in the streets.","Квартал держится, когда последняя колонна лежит мёртвой на улицах."
"The redoubt is gone. Go south, keep the spur on your left, and do not stop to look at the ford. There is nothing there now that is worth a second of your life.","Редута нет. Идите на юг, держите отрог слева и не останавливайтесь взглянуть на брод. Там теперь нет ничего, что стоило бы секунды вашей жизни."
"The reserve feeds the consular line; cut it and the line thins.","Резерв кормит консульскую линию; перережьте его, и линия поредеет."
"The river keeps whatever it is given. Your elephants went in and not all of them came out, and the Trebia is not a large river. Rome has never needed a large one.","Река оставляет себе всё, что ей дали. Твои слоны вошли, и вышли не все, а Требия — река невеликая. Риму большая никогда и не требовалась."
"The river runs north to south across the middle of the valley; the nearest crossing is due east of camp.","Река течёт с севера на юг через середину долины; ближайшая переправа лежит прямо к востоку от лагеря."
"The road runs north-west along the shore; strike the head of the column first.","Дорога идёт на северо-запад вдоль берега; ударьте сперва по голове колонны."
"The scouts are not coming back, then. Well - everyone begins somewhere, and you have begun by killing eleven men who were expecting their lunch. Rome will send someone who counts next time.","Значит, разведчики не возвращаются. Что ж, все с чего-то начинают, а ты начал с того, что убил одиннадцать человек, ждавших обеда. В следующий раз Рим пришлёт того, кто умеет считать."
"The shrines you have walked past all campaign were never scenery. Zama reads back over every map behind it - and the Sepulcher has no commander to kill, so the one rule that has served you since Trasimene is the one rule that will not work here.","Святилища, мимо которых вы шли всю кампанию, никогда не были декорацией. Зама перечитывает каждую карту позади себя — а у Гробницы нет полководца, которого можно убить, так что единственное правило, служившее вам с Тразимена, здесь как раз и не сработает."
"The siege works stand to the east of the quarter.","Осадные работы стоят к востоку от квартала."
"The spur splits them for us, which is the only kindness this ground offers. Cart gate west, goat path east, and they only meet where we are standing. You cannot hold both mouths. Pick one, hold it, and move when the horns tell you to.","Отрог делит их за нас, и это единственная милость этой земли. Тележные ворота на западе, козья тропа на востоке, а сходятся они лишь там, где стоим мы. Оба устья вам не удержать. Выберите одно, держите его и двигайтесь, когда протрубят рога."
"The winter camp lies north across the river.","Зимний лагерь лежит к северу, за рекой."
"Their camps fall neutral once their commander is dead.","Их лагеря становятся ничьими, когда их полководец мёртв."
"Their troops leave the field with them.","Их войска уходят с поля вместе с ними."
"Then it holds a little longer. Go home to your Senate and tell them what a Roman looks like from close to. I shall be here in the spring, and the spring after that, and I am younger than you.","Значит, продержится ещё немного. Возвращайся к своему Сенату и расскажи, как римлянин выглядит вблизи. Я буду здесь весной и следующей весной, а я моложе тебя."
"There. No battle, no glory, no monument: a town with nothing left in it and a road with my army standing on it. They will call me the Delayer. Let them. Your dead will not care what I am called.","Вот. Ни битвы, ни славы, ни памятника: город, в котором ничего не осталось, и дорога, на которой стоит моя армия. Меня назовут Медлителем. Пусть. Твоим мёртвым всё равно, как меня зовут."
"There. Sit down in the mud with the others. They tell me the men who die on this road do not stay where they are put - that they rise about the third watch and go on marching north without their officers. Do continue. You are expected.","Вот. Садись в грязь вместе с остальными. Мне говорят, что те, кто гибнет на этой дороге, не остаются там, где их положили, — что около третьей стражи они встают и идут дальше на север без командиров. Продолжай, сделай милость. Тебя ждут."
"There. That is what the river was for. Have your surgeons work quickly, and tell whatever is left of your baggage train that the road home goes back up the mountain.","Вот. Вот для чего была река. Пусть твои лекари работают быстро и скажи тому, что осталось от твоего обоза, что дорога домой идёт обратно в гору."
"They are getting up again. Do not look at the faces; you will know some of them. Fall back to the road, keep walking, and do not stop to bury anything. It does not stay buried here.","Они снова встают. Не смотрите на лица; некоторые вы узнаете. Отходите на дорогу, идите не останавливаясь и не задерживайтесь никого хоронить. Здесь похороненное не лежит."
"They tell me you have taken an army into the Alps in October, with elephants. I have stopped chasing you. The mountain is a more thorough officer than I am and it does not require pay.","Мне говорят, что ты завёл армию в Альпы в октябре, со слонами. Я перестал за тобой гнаться. Гора — офицер добросовестнее меня и жалованья не требует."
"Three Roman columns have entered the consular roads. The first coordinated assault arrives at 17:00.","Три римские колонны вышли на консульские дороги. Первый согласованный приступ придёт в 17:00."
"Timber for the sledges, stone for the roadbed, iron for shoes and axles.","Древесина на волокуши, камень на полотно дороги, железо на подковы и оси."
"Timber only counts once a builder unloads it at the camp. The richest stands are the furthest from the stockpile, so the mission is won on the length of the walk, not the swing of the axe.","Древесина идёт в счёт лишь тогда, когда строитель сгрузит её в лагере. Самые богатые рощи дальше всего от склада, так что задание выигрывает длина пути, а не взмах топора."
"Turn the nearest Roman allied camp south of the field.","Переманите ближайший союзный Риму лагерь к югу от поля."
"Turn the nearest Roman camp before the cavalry returns.","Переманите ближайший римский лагерь, пока не вернулась конница."
"Twenty minutes before the mist lifts. If a cohort clears the basin, Rome learns the shape of the trap.","Двадцать минут, пока не поднимется туман. Если когорта выйдет из котловины, Рим узнает очертания ловушки."
"Two bridges cross the Rhône. Choose your path wisely - you may need both routes!","Родан пересекают два моста. Выбирайте путь с умом — могут понадобиться оба!"
"With the river camp taken there is nowhere left for the legions to reform.","Когда речной лагерь взят, легионам больше негде перестроиться."
"You bent us and we did not break, and that is the only sentence anyone will need. Gather your dead off the Aufidus. The river runs slow here; they will be a long time going by.","Ты нас согнул, а мы не сломались, и это единственная фраза, которая кому-либо понадобится. Собери своих мёртвых с Ауфида. Река здесь течёт медленно; плыть им будет долго."
"You have a walled town, an orchard, and a very great many mouths. I have the roads. I am not going to fight you. I am going to stand between you and every granary in Campania until winter explains my position better than I can.","У тебя обнесённый стеной город, сад и очень, очень много ртов. У меня дороги. Я не собираюсь с тобой драться. Я собираюсь стоять между тобой и каждой житницей Кампании, пока зима не объяснит мою позицию лучше, чем это сделаю я."
"You have the river town. My congratulations - you now own three hundred mouths, two wells, and a temple whose god has lately been asking after Carthage by name. Feed them. I shall come back in the spring and count what is left.","Речной город твой. Поздравляю — теперь тебе принадлежат триста ртов, два колодца и храм, чей бог в последнее время спрашивает о Карфагене по имени. Корми их. Я вернусь весной и пересчитаю, что осталось."
"You killed a consul. Good. Rome keeps forty more in cupboards in the city, and I promise you the ones still in the cupboards are worse. He will be missed - briefly, and only by his creditors.","Ты убил консула. Хорошо. У Рима в городе ещё сорок таких по шкафам, и уверяю тебя, те, что ещё в шкафах, хуже. По нему будут скучать — недолго и только кредиторы."
"Your camp falls — the field goes with it.","Ваш лагерь падает — а с ним и поле."
"Your command falls — and the wings fold inward.","Ваше командование падает — и крылья складываются внутрь."
"Your commander falls - and every line collapses behind him.","Ваш полководец падает — и каждая линия за ним рушится."
"A few of the screen left, and me. My son is somewhere on this field; if he finds me, he will be insufferable about it for the rest of his life.","От завесы осталась горстка, и я. Мой сын где-то на этом поле; если он меня найдёт, то будет невыносим с этим до конца своих дней."
"Cut and carry home eight hundred of timber and two hundred and ten of stone. The near stand was stripped bare; the deep pines and the east screen are the only timber left standing.","Сруби и привези домой восемьсот дерева и двести десять камня. Ближнюю рощу свели подчистую; глубокие сосны и восточная завеса — единственный лес, что ещё стоит."
"Eight hundred of timber and two hundred of stone, and the near stand was stripped by the last detail. That means the deep pines, which means the long road, which means whatever is living in the deep pines gets a look at us. The column comes back through at dusk and it does not wait. Split the crew. Escort the far one.","Восемьсот дерева и двести камня, а ближнюю рощу свела прошлая артель. Значит, глубокие сосны, значит, долгая дорога, значит, то, что живёт в глубоких соснах, на нас поглядит. Колонна возвращается в сумерках и не ждёт. Раздели артель. Дай дальней охрану."
"Fill the levy out of the Pinewater cut: eight hundred of timber and two hundred and ten of stone, cut and carried home before the column comes back through at dusk.","Выполни повинность на Сосновой Воде: восемьсот дерева и двести десять камня, срубить и привезти домой, пока колонна не вернётся в сумерках."
"First column on the cart gate. Spears up. Let them come to the stakes; the stakes do not get tired.","Первая колонна у обозных ворот. Копья вверх. Пусть идут на колья; колья не устают."
"Hannibal dies in the snow. Then the elephants were for nothing, and so was the road. History will find that very tidy.","Ганнибал гибнет в снегу. Тогда слоны были ни к чему, и дорога тоже. История сочтёт это весьма опрятным."
"Hannibal falls at the Rhone. Then Rome never sees the elephants, and I never see Cannae. I shall spend the rest of my life not knowing what I was spared.","Ганнибал падёт у Родана. Тогда Рим не увидит слонов, а я не увижу Канн. Всю оставшуюся жизнь я не буду знать, от чего меня избавили."
"Hannibal falls in Campania, among the orchards, in a war he did not choose. There is a kind of mercy in that, and I did not intend it.","Ганнибал падёт в Кампании, среди садов, на войне, которую не выбирал. В этом есть своего рода милость, и я её не замышлял."
"Hannibal has fallen at Zama. I wanted to meet him after, and ask him about Cannae. I shall have to ask the ground instead.","Ганнибал пал при Заме. Я хотел встретиться с ним после и спросить о Каннах. Придётся спрашивать землю."
"Hannibal is down in the Trebia mud. Whatever Mago has hidden in the gullies, it will not bring him back.","Ганнибал лежит в грязи Требии. Что бы Магон ни спрятал в оврагах, это его не вернёт."
"Hannibal is down. The Senate will strike a coin. I shall keep one and never spend it, which I am told is what he would have done.","Ганнибал пал. Сенат отчеканит монету. Я оставлю себе одну и никогда её не потрачу — говорят, он поступил бы так же."
"Here they come - the whole consular line, in step, at Varro's tempo. Eighty thousand men do not turn. Remember that when you want them to.","Вот и они — вся консульская линия, в ногу, в темпе Варрона. Восемьдесят тысяч человек не поворачивают. Помни об этом, когда захочешь, чтобы повернули."
"Leave the axes. Leave the carts. A detail that cannot fill its own levy before the column comes through does not get to carry anything.","Оставь топоры. Оставь повозки. Артель, не выполнившая свою повинность до прохода колонны, не везёт ничего."
"Legionaries at your works. Not Varro's legions; mine. Men who were at Cannae and remember exactly how it felt.","Легионеры у твоих укреплений. Не легионы Варрона; мои. Люди, которые были при Каннах и точно помнят, каково это было."
"Light is going. Five minutes of road left in the day, and whatever is on the carts when the column reaches us is what we levied. Bring them home.","Свет уходит. В дне осталось пять минут дороги, и что окажется на повозках, когда колонна нас настигнет, то и будет нашей повинностью. Приведи их домой."
"Masinissa's camp is yours. His riders will not care; they were never in it. Watch the horizon, not the tents.","Лагерь Масиниссы твой. Его всадникам всё равно; они в нём и не были. Смотри на горизонт, а не на шатры."
"My forward town, taken by horsemen. Horsemen. My father would have said something cutting; I find I am simply cold.","Мой передовой город, взятый всадниками. Всадниками. Отец сказал бы что-нибудь язвительное; я же просто холоден."
"My men are at your walls. Not to break them - to remind you they are walls, and that everything outside them is mine.","Мои люди у твоих стен. Не чтобы сломать их — чтобы напомнить тебе, что это стены и что всё за ними моё."
"My scouting party is on the road. Cavalry, mostly, and a tribune who wants to be noticed. Do notice him.","Мой разъезд на дороге. В основном конница и трибун, желающий, чтобы его заметили. Заметь его, будь любезен."
"My town. You have taken my town, at Zama, with Masinissa's horse behind you. I begin to think the gods have a sense of proportion after all.","Мой город. Ты взял мой город, при Заме, с конницей Масиниссы за спиной. Я начинаю думать, что у богов всё же есть чувство меры."
"Patrols at your works. You are trying to cross a river with your back to my roads. It is bold. It is also how one drowns.","Дозоры у твоих укреплений. Ты пытаешься перейти реку спиной к моим дорогам. Это смело. Это ещё и способ утонуть."
"Sempronius has a handful left and they are on the wrong side of a winter river. He will still call it a victory in Rome. He always does.","У Семпрония осталась горстка, и они на неправильном берегу зимней реки. В Риме он всё равно назовёт это победой. Он всегда называет."
"Sempronius is crossing. Now, in the cold, without breakfast, because a consul's year ends in March and he wants his battle before it does.","Семпроний переправляется. Сейчас, в холод, без завтрака, потому что год консула кончается в марте, а он хочет свою битву раньше."
"So he dies by his own lake in his own fog. Rome will call it justice. I call it weather, and I have always respected weather.","Итак, он гибнет у собственного озера в собственном тумане. Рим назовёт это справедливостью. Я называю это погодой, а погоду я всегда уважал."
"Somebody is trying to cut a way out along the shore. Good. Somebody should get home and describe this accurately.","Кто-то пробивается вдоль берега. Хорошо. Кому-то следует добраться домой и описать это точно."
"The Aufidus camp. So the ring closes. I told the Senate a ring was what he wanted. They told me I was old.","Лагерь у Ауфида. Значит, кольцо смыкается. Я говорил Сенату, что кольцо — это то, чего он хочет. Мне сказали, что я стар."
"The Barcid falls at the Ticinus. Then this was the whole war, and it fit inside an afternoon. I expected more of it; I am not sure I wanted more.","Баркид падёт при Тицине. Значит, это и была вся война, и она уместилась в один день. Я ждал от неё большего; не уверен, что хотел большего."
"The Numidians are riding. Your Numidians, once. Now they ride for Rome, and they ride the same way they always did - around you.","Нумидийцы скачут. Когда-то твои нумидийцы. Теперь они скачут за Рим и скачут как всегда — вокруг тебя."
"The allied wing is at your works. Italians, mostly. They fight for Rome because the alternative is fighting Rome, which is a very persuasive argument.","Союзное крыло у твоих укреплений. В основном италики. Они бьются за Рим, потому что иначе пришлось бы биться против Рима, а это довод весьма убедительный."
"The allied wing is down to a handful. I have counted them twice, because there was time. Whatever happens next on this field, remember someone counted.","От союзного крыла осталась горстка. Я сосчитал их дважды, потому что было время. Что бы дальше ни случилось на этом поле, помни: кто-то считал."
"The allied wing is on the southern road. They know this country - they own most of it, or did, before you started eating it.","Союзное крыло на южной дороге. Они знают этот край — почти весь он их, или был, пока ты не начал его поедать."
"The column came back through and the carts were still empty. A levy that misses the road is a levy nobody signed for.","Колонна прошла обратно, а повозки всё ещё были пусты. Повинность, опоздавшая к дороге, — повинность, под которой никто не подписался."
"The column is nearly gone. What is left of it will hold until the fog lifts, because that is the only order anyone can still hear.","Колонны почти не осталось. То, что от неё есть, продержится, пока не поднимется туман, потому что это единственный приказ, который ещё слышно."
"The column is on the lakeside road. In fog, in a defile, in a hurry. Every word of that sentence is a mistake and Flaminius owns them all.","Колонна на прибрежной дороге. В тумане, в теснине, в спешке. Каждое слово этой фразы — ошибка, и все они принадлежат Фламинию."
"The final pass is nearly cleared. Whatever comes down the far side, I shall be in Italy waiting for it with a great many more men than this.","Последний перевал почти расчищен. Что бы ни спустилось с той стороны, я буду ждать это в Италии с гораздо большим войском, чем это."
"The high pass is sending everything it has. They have been paid in Roman silver to hold that road, and mountain men earn their silver.","Высокий перевал шлёт всё, что имеет. Им заплатили римским серебром за эту дорогу, а горцы своё серебро отрабатывают."
"The hill fort is yours. It was built to watch a river; now it will watch you cross one. Forts do not much care who is inside them.","Крепость на холме твоя. Её строили, чтобы стеречь реку; теперь она будет смотреть, как ты её переходишь. Крепостям мало дела, кто внутри."
"The last column. Everything they have left is on the road. Hold this one and the ford is ours until the spring.","Последняя колонна. Всё, что у них осталось, на дороге. Удержи эту — и брод наш до весны."
"The last of the legions is in the water. Everything Rome has north of the Apennines is coming at you wet. Hold this and you hold Italy for a winter.","Последние легионы в воде. Всё, что есть у Рима к северу от Апеннин, идёт на тебя мокрым. Удержи это — и удержишь Италию на зиму."
"The last of the northern columns is moving. I have spent a year making you hold this quarter. Hold it one more hour and I will have spent it well.","Последняя из северных колонн двинулась. Я потратил год, заставляя тебя держать эту четверть. Удержи ещё час — и год будет потрачен хорошо."
"The last pass camp. So you are through - what is left of you. Italy is below. Italy has been waiting, and Italy is not friendly.","Последний лагерь на перевале. Значит, ты прошёл — то, что от тебя осталось. Италия внизу. Италия ждала, и Италия недружелюбна."
"The line is nearly broken. Nearly. I was at Cannae, you understand. I know exactly what nearly looks like from the other side, and I am still here.","Строй почти сломлен. Почти. Я был при Каннах, понимаешь. Я в точности знаю, как «почти» выглядит с другой стороны, и я всё ещё здесь."
"The lower pass camp is yours. Keep it warm. The tribes will want it back in the spring and I will not be here to stop them.","Нижний лагерь на перевале твой. Держи его тёплым. Весной племена захотят его назад, а меня здесь не будет, чтобы им помешать."
"The main line is advancing. No trumpets, no tricks, no gaps between the maniples for your elephants to find. I learned. You taught me.","Главная линия наступает. Ни труб, ни хитростей, ни просветов между манипулами, куда бы нашли дорогу твои слоны. Я научился. Ты меня научил."
"The northern camp is gone. Fine. It was a camp. Scipio's line still stands, and that is the only thing on this plain that matters.","Северный лагерь пал. Ладно. Это был лагерь. Строй Сципиона ещё стоит, и это единственное на этой равнине, что важно."
"The northern legion is coming down through the orchards. Slowly. I ordered slowly. Every tree they pass is one you will not harvest.","Северный легион спускается через сады. Медленно. Я велел медленно. Каждое дерево, мимо которого они проходят, — то, что ты не соберёшь."
"The northern legion is spent. I have others. I have always had others. That is what the delaying was for.","Северный легион истрачен. У меня есть другие. У меня всегда были другие. Ради этого и было промедление."
"The patrols are nearly finished. So be it. I shall take the fleet back to Italy and wait for you there with the rest of the Republic.","Дозоры почти покончены. Пусть так. Я уведу флот обратно в Италию и подожду тебя там с остальной Республикой."
"The rearguard camp falls. I held it the way I hold everything - long enough, and no longer. Scipio will manage without an old man's tents.","Лагерь арьергарда падает. Я держал его так, как держу всё: достаточно долго и ни мгновением дольше. Сципион обойдётся без шатров старика."
"The reserve camp is yours. It was never meant to fight - it was meant to be there afterwards. There is not going to be an afterwards, is there.","Резервный лагерь твой. Он никогда не был для боя — он был для того, чтобы быть там после. А ведь никакого «после» не будет, правда?"
"The reserve is moving, and moving fast. I do not hold men back for the look of the thing.","Резерв двинулся, и двинулся быстро. Я не держу людей позади ради приличий."
"The screen is coming across the flats. Velites, cavalry, the usual arrangement. Please try to stand still; it makes the reports so much tidier.","Завеса идёт через равнину. Велиты, конница, обычное построение. Постарайся стоять смирно; так отчёты выходят куда опрятнее."
"The second pass. You are buying road with men and paying in snow. I have never seen an army spend itself so willingly on scenery.","Второй перевал. Ты покупаешь дорогу людьми и платишь снегом. Я не видел войска, которое так охотно тратит себя на пейзаж."
"The shore camp. That was the way out, and now there is only the lake. Romans are not, on the whole, a swimming people.","Береговой лагерь. Это был путь наружу, а теперь остаётся только озеро. Римляне в целом не плавающий народ."
"The siege column is at the run. Engines behind, ladders in front. I do not besiege towns. I take them.","Осадная колонна идёт бегом. Машины сзади, лестницы впереди. Я не осаждаю города. Я их беру."
"The tribes are coming down the slope. They do not fight in lines. They fight in rockfalls.","Племена спускаются по склону. Они не дерутся линиями. Они дерутся камнепадом."
"The western reserve is moving, against my advice. I gave the advice knowing it would be ignored; it is still worth having given.","Западный резерв двинулся, вопреки моему совету. Я дал совет, зная, что им пренебрегут; его всё равно стоило дать."
"They are hitting your camp, because it is the only thing on this road they can see. Men in fog attack whatever is nearest. Remember it.","Они бьют по твоему лагерю, потому что это единственное, что они видят на этой дороге. Люди в тумане нападают на ближайшее. Запомни это."
"Varro's town. Varro is not in it; Varro is out front, being brave at other people. Enjoy the walls. I never needed them.","Город Варрона. Варрона в нём нет; Варрон впереди, храбрится за чужой счёт. Наслаждайся стенами. Мне они никогда не были нужны."
"We are losing men on the goat path. Pull the wounded back and put fresh spears in the gap. Nobody dies standing in a hole.","Мы теряем людей на козьей тропе. Оттяни раненых и поставь в брешь свежие копья. Никто не умирает, стоя в яме."
"We are on your bank and at your works. A river only stops men who are not already freezing.","Мы на твоём берегу и у твоих укреплений. Река останавливает лишь тех, кто ещё не замерзает."
"You have the allied camp. Socii - allies. They were promised land for this war, and you have just handed them the first piece of it face down.","У тебя союзный лагерь. Socii — союзники. Им обещали землю за эту войну, и ты только что вручил им первый её кусок лицом вниз."
"You have the marching town. Flaminius built it in a fog and never looked back. There is a lesson there; he will not be the one to learn it.","У тебя походный город. Фламиний построил его в тумане и ни разу не оглянулся. В этом есть урок; выучит его не он."
"Your camp is under the screen's spears. A camp on the wrong bank of a cold river - I would not have chosen it, and now you cannot un-choose it.","Твой лагерь под копьями завесы. Лагерь на неправильном берегу холодной реки — я бы его не выбрал, а ты теперь не можешь его развыбрать."
"Your garrison is bleeding. You cannot replace those men from Africa in time, and I can replace mine from the next valley. That is the whole war.","Твой гарнизон истекает кровью. Ты не успеешь заменить этих людей из Африки, а я заменяю своих из соседней долины. В этом вся война."
"Your line is bleeding along the bank. Wet ground is slow ground, and slow men are what spears are for.","Твой строй кровоточит вдоль берега. Мокрая земля — медленная земля, а медленные люди — то, для чего и нужны копья."
"Your men are dying on the ice. Not from spears - from cold, and hunger, and the arithmetic of a road that is longer than your grain.","Твои люди гибнут на льду. Не от копий — от холода, голода и арифметики дороги, которая длиннее твоего зерна."
"Your men are dying too. A trap costs the trapper something; the good ones simply cost him less.","Твои люди тоже гибнут. Ловушка чего-то стоит и ловчему; хорошие просто стоят ему меньше."
"Your men are falling at the water. The Rhone is not particular about whose bones it keeps; I did tell you.","Твои люди падают у воды. Родану всё равно, чьи кости он оставит себе; я ведь говорил."
"Your men are going down in the centre. I know - that is where you put the Gauls, and Gauls are for spending. It is still a great many funerals.","Твои люди валятся в центре. Знаю — туда ты поставил галлов, а галлы на то и есть, чтобы их тратить. Похорон всё равно очень много."
"Your riders are dying by the ford. Numidians, I think. They ride beautifully, and they die at the ordinary speed.","Твои всадники гибнут у брода. Нумидийцы, полагаю. Скачут они прекрасно, а гибнут с обычной скоростью."
"Your veterans are dying. Italy's veterans, really; you took them from us sixteen years ago and now we are taking them back one at a time.","Твои ветераны гибнут. По сути, ветераны Италии; вы забрали их у нас шестнадцать лет назад, а теперь мы забираем их обратно по одному."
"%1 × %2","%1 × %2"
"Orders","Приказы"
"Orders — any one of these ends it","Приказы — довольно любого из них"
"Orders — all of them, or none","Приказы — все или ни одного"
"You","Вы"
"Missions","Задания"
"One small field, one order to carry out. No campaign to lose, no second army to worry about.","Одно небольшое поле, один приказ к исполнению. Ни кампании, которую можно проиграть, ни второй армии, о которой надо помнить."
"No missions are installed.","Ни одного задания не установлено."
"Carried out","Исполнено"
"Worth doing as well","Стоит сделать и это"
"You bring","Вы приводите"
"It ends badly if","Кончится плохо, если"
"Take it again","Исполнить снова"
"Take the field","Выйти в поле"
"%1 %2","%1 %2"
"Mission orders","Приказы задания"
"FIELD ORDERS  /  SECOND PUNIC WAR","ПОЛЕВЫЕ ПРИКАЗЫ  /  ВТОРАЯ ПУНИЧЕСКАЯ ВОЙНА"
"ORDERS FULFILLED","ПРИКАЗЫ ИСПОЛНЕНЫ"
"Mission completion","Завершение задания"
"Back ›","Назад ›"
"‹ Back","‹ Назад"
"Back","Назад"
"AVAILABLE DISPATCHES","ДОСТУПНЫЕ ДЕПЕШИ"
"DONE","ГОТОВО"
"MISSION BRIEF","СВОДКА ЗАДАНИЯ"
"ORDER FULFILLED","ПРИКАЗ ИСПОЛНЕН"
"OPEN ORDER","ОТКРЫТЬ ПРИКАЗ"
"COMMANDER'S INTENT","ЗАМЫСЕЛ КОМАНДУЮЩЕГО"
"You start with","Вы начинаете с"
"Nothing in the stores. Everything you spend, you gather first.","На складах пусто. Всё, что потратишь, сперва добудешь."
"FIELD RECONNAISSANCE","ПОЛЕВАЯ РАЗВЕДКА"
"Enter","Начать"
"Previously carried out","Выполнено ранее"
"Choose a dispatch to review its field orders.","Выберите депешу, чтобы прочесть её полевые приказы."
"Roman Republic","Римская республика"
"Carthaginian Empire","Карфагенская держава"
"Shield Wall","Стена щитов"
"Testudo","Черепаха"
"The Iron Sepulcher","Железная Гробница"
"%1h %2m","%1 ч %2 мин"
"%1m %2s","%1 мин %2 с"
"%1s","%1 с"
"Mission briefing","Инструктаж перед заданием"
"Mission Briefing","Инструктаж перед заданием"
"Close the briefing","Закрыть инструктаж"
"To Battle","В бой"
"Move","Идти"
"Attack","Атака"
"Guard","Охрана"
"Patrol","Патруль"
"Hold position","Удерживать позицию"
"Stop","Стоп"
"Build","Строить"
"Gather","Собирать"
"Deliver","Доставить"
"Repair","Ремонт"
"Rally point","Точка сбора"
"Formation","Строй"
"Squad","Отряд"
"You are not in command of these units.","Этими отрядами вы не командуете."
"That target is already gone.","Этой цели уже нет."
"Cannot attack your own or an allied unit.","Нельзя атаковать свой или союзный отряд."
"That target is not a threat.","Эта цель не представляет угрозы."
"That building no longer exists.","Этой постройки больше нет."
"That building is not yours.","Эта постройка не ваша."
"That order is not available here.","Этот приказ здесь недоступен."
"That order could not be carried out.","Этот приказ выполнить не удалось."
"%1: %2 units","%1: отрядов: %2"
"No units selected.","Отряды не выделены."
"Cannot reach that spot.","До этого места не добраться."
"That target is out of range.","Эта цель вне досягаемости."
"Those units are busy with another order.","Эти отряды заняты другим приказом."
"Hauling a load - it cannot be interrupted until the load is dropped off.","Везут груз — прервать нельзя, пока груз не сдан."
"Not enough resources.","Не хватает ресурсов."
"The selected units cannot attack.","Выделенные отряды атаковать не могут."
"The selected units cannot guard.","Выделенные отряды охранять не могут."
"The selected units cannot patrol.","Выделенные отряды патрулировать не могут."
"The selected units cannot hold position.","Выделенные отряды удерживать позицию не могут."
"The selected units cannot build.","Выделенные отряды строить не могут."
"The selected units cannot gather.","Выделенные отряды собирать не могут."
"Only civilians can be delivered to a barracks.","В казармы можно доставить только гражданских."
"Only builders can repair structures.","Постройки чинят только строители."
"Only a squad of several individuals can be divided or joined.","Делить и сливать можно только отряд из нескольких человек."
"The selected units cannot take that order.","Выделенные отряды такой приказ не примут."
"No enemy under the cursor.","Под курсором врага нет."
"Select a friendly barracks with room for more people.","Укажите свои казармы, где ещё есть место для людей."
"Select a damaged friendly building to repair.","Укажите повреждённую свою постройку для ремонта."
"Nothing to target there.","Там нечего брать в цель."
"Choose a spot on the map.","Выберите место на карте."
"That barracks has no room for more people.","В этих казармах больше нет места для людей."
"That building does not need repairs.","Эта постройка в ремонте не нуждается."
"Your builders only take down your own buildings.","Ваши строители разбирают только ваши собственные постройки."
"That building cannot be taken down.","Эту постройку разобрать нельзя."
"Continue","Далее"
"CAMPAIGN DECREE","УКАЗ О КАМПАНИИ"
"FIELD ASSESSMENT","ПОЛЕВАЯ ОЦЕНКА"
"BATTLEFIELD VERDICT","ПРИГОВОР ПОЛЯ БОЯ"
"COMMAND REPORT","ДОНЕСЕНИЕ КОМАНДОВАНИЯ"
"Select a map","Выберите карту"
"Players (%1)","Игроки (%1)"
"Click color/team to cycle","Щёлкайте цвет или команду, чтобы перебрать"
"Select a map to configure players","Выберите карту, чтобы настроить игроков"
"+ Add CPU","+ Добавить ИИ"
"Add AI player to the game","Добавить в игру игрока-ИИ"
"Every slot on this map is taken","Все места на этой карте заняты"
"Max players reached","Достигнут предел игроков"
"%1 slot available","Свободных мест: %1"
"%1 slots available","Свободных мест: %1"
"(map preview)","(предпросмотр карты)"
"Player %1","Игрок %1"
"Color","Цвет"
"Click to change color","Щёлкните, чтобы сменить цвет"
"Click to change team","Щёлкните, чтобы сменить команду"
"Remove player","Убрать игрока"
"Select a tree to chop.","Укажите дерево для рубки."
"Select a boulder to collect.","Укажите валун для сбора."
"Select iron ore to collect.","Укажите железную руду для сбора."
"No available builder can chop that tree.","Ни один свободный строитель это дерево срубить не может."
"No available builder can collect that boulder.","Ни один свободный строитель этот валун собрать не может."
"No available builder can collect that iron ore.","Ни один свободный строитель эту железную руду собрать не может."
"No available builder can collect that resource.","Ни один свободный строитель этот ресурс собрать не может."
"No walkable spot near that tree.","У этого дерева нет проходимого места."
"No walkable spot near that boulder.","У этого валуна нет проходимого места."
"No walkable spot near that iron ore.","У этой железной руды нет проходимого места."
"No walkable spot near that resource.","У этого ресурса нет проходимого места."
"Select a tree, boulder, ore deposit, ripe farm or sheep.","Укажите дерево, валун, залежь руды, созревшее поле или овцу."
"Something is already standing here.","Здесь уже что-то стоит."
"This ground cannot be cleared to build on.","Эту землю под стройку не расчистить."
"Nothing can be built on the water.","На воде строить нельзя."
"The ground here is too steep to build on.","Земля здесь слишком крута для стройки."
"That is beyond the edge of the battlefield.","Это за краем поля боя."
"That structure cannot be placed.","Эту постройку сюда не поставить."
"Building factory unavailable.","Фабрика построек недоступна."
"A wall already stands here.","Здесь уже стоит стена."
"No part of this wall can stand there.","Ни одна часть этой стены там встать не может."
"Drag out a wall line first.","Сначала протяните линию стены."
"Choose a build location.","Выберите место стройки."
"That resource is already assigned.","Этот ресурс уже занят."
"Nothing here is worth harvesting.","Здесь нечего собирать."
"No resource here to work.","Здесь нет ресурса для работы."
"No valid wall segments in that drag.","В этом протягивании нет годных участков стены."
"No available builder.","Свободного строителя нет."
"Mounted Knight","Конный рыцарь"
"Horse Archer","Конный лучник"
"Horse Spearman","Конный копейщик"
"War Elephant","Боевой слон"
"reserve","резерва"
"Recruit %1\nCost: %2\nBuild time: %3s\nCarthage exclusive","Нанять: %1\nЦена: %2\nВремя: %3 с\nТолько для Карфагена"
"Recruit %1\nCost: %2\nBuild time: %3s","Нанять: %1\nЦена: %2\nВремя: %3 с"
"Food","Еда"
"Wood","Древесина"
"Stone","Камень"
"Iron","Железо"
"Catapult","Катапульта"
"Long-range siege weapon\nEffective against structures","Дальнобойная осадная машина\nДейственна против построек"
"Ballista","Баллиста"
"Precision siege weapon\nEffective against units","Точная осадная машина\nДейственна против отрядов"
"Defense Tower","Оборонительная башня"
"Stationary defense structure\nShoots arrows at enemies","Неподвижная оборонительная постройка\nСтреляет по врагам из лука"
"Home","Дом"
"Residential building\nAdds +50 reserve to the nearest barracks","Жилая постройка\nДобавляет +50 резерва ближайшим казармам"
"Marketplace","Рынок"
"Trade building\nBuy or sell resources for gold","Торговая постройка\nПокупайте и продавайте ресурсы за золото"
"Wall Segment","Участок стены"
"Wooden defensive wall\nBlocks enemy movement","Деревянная оборонительная стена\nПерекрывает движение врага"
"Wall Gate","Ворота в стене"
"Gated opening in a wall\nOpens for your troops and allies","Проём с воротами в стене\nОткрывается вашим отрядам и союзникам"
"Need %1","Не хватает: %1"
"%1 %2","%1 %2"
"Cannot recruit","Нанять нельзя"
"Queue is full (5/5)","Очередь заполнена (5/5)"
"Not enough reserve","Не хватает резерва"
"Already building...","Уже строит..."
"QUEUE","ОЧЕРЕДЬ"
"Barracks reserve: %1 / %2","Резерв казарм: %1 / %2"
"%1s","%1 с"
"Idle","Простой"
"RECRUIT UNITS","НАБОР ВОЙСК"
"HOME RECRUITMENT","НАБОР В ДОМЕ"
"Available civilians: %1 / %2","Доступно гражданских: %1 / %2"
"Recruit %1\nCost: %2\nBuild time: %3s\nUse Deliver mode, then click a friendly barracks to add to its reserve.","Нанять: %1\nЦена: %2\nВремя: %3 с\nВключите режим «Доставить», затем щёлкните свои казармы, чтобы пополнить их резерв."
"families","семьи"
"This home already committed its 3 civilians","Этот дом уже отдал своих 3 гражданских"
"Click Map to Set Rally","Щёлкните карту, чтобы задать сбор"
"Set Rally Point","Задать точку сбора"
"Set where newly recruited units will gather.\nRight-click to cancel.","Укажите, где будут собираться новобранцы.\nПравая кнопка отменяет."
"Select a barracks or temple before setting a rally point.","Выделите казармы или храм, прежде чем задавать точку сбора."
"Right-click to cancel","Правая кнопка отменяет"
"BUILDER CONSTRUCTION","СТРОИТЕЛЬСТВО"
"Build siege weapons, structures, and gather wood, stone, iron, and food","Стройте осадные машины и постройки, собирайте древесину, камень, железо и еду"
"Select a structure to build","Выберите постройку для возведения"
"Cut Tree","Срубить дерево"
"Collect Stone","Собрать камень"
"Collect Iron Ore","Собрать железную руду"
"Harvest Grain","Сжать зерно"
"Slaughter Sheep","Забить овцу"
"Farm","Ферма"
"Task: %1","Работа: %1"
"Building: %1","Строит: %1"
"Build Catapult\n%1\nCost: %2\nBuild time: %3s","Построить катапульту\n%1\nЦена: %2\nВремя: %3 с"
"Build Ballista\n%1\nCost: %2\nBuild time: %3s","Построить баллисту\n%1\nЦена: %2\nВремя: %3 с"
"Build Defense Tower\n%1\nCost: %2\nBuild time: %3s","Построить оборонительную башню\n%1\nЦена: %2\nВремя: %3 с"
"Build Home\n%1\nCost: %2\nBuild time: %3s","Построить дом\n%1\nЦена: %2\nВремя: %3 с"
"Build Farm\n%1\nCost: %2\nBuild time: %3s","Построить ферму\n%1\nЦена: %2\nВремя: %3 с"
"Grows grain in cycles\nBuilders reap it for the food that recruits civilians","Растит зерно циклами\nСтроители жнут его на еду, за которую нанимают гражданских"
"Build Wall Segment\n%1\nCost: %2\nBuild time: %3s","Построить участок стены\n%1\nЦена: %2\nВремя: %3 с"
"Build Wall Gate\n%1\nCost: %2\nBuild time: %3s","Построить ворота в стене\n%1\nЦена: %2\nВремя: %3 с"
"Build Marketplace\n%1\nCost: %2\nBuild time: %3s","Построить рынок\n%1\nЦена: %2\nВремя: %3 с"
"Temple","Храм"
"Build Temple\n%1\nCost: %2\nBuild time: %3s","Построить храм\n%1\nЦена: %2\nВремя: %3 с"
"Sanctuary of the nation\nWide vision and a durable settlement anchor","Святыня народа\nШирокий обзор и прочная опора поселения"
"MARKETPLACE","РЫНОК"
"Trade resources for gold at fixed exchange rates","Меняйте ресурсы на золото по твёрдому курсу"
"Select your marketplace to trade","Выделите свой рынок, чтобы торговать"
"Gold: %1    Trade size: %2","Золото: %1    Размер сделки: %2"
"Trading is available only for your own marketplace.","Торговать можно только на своём рынке."
"You have %1","У вас %1"
"Buy %1 (%2g)","Купить %1 (%2 зол.)"
"Spend %1 gold to buy %2 %3","Потратьте %1 золота, чтобы купить %2 %3"
"Sell %1 (+%2g)","Продать %1 (+%2 зол.)"
"Sell %1 %2 for %3 gold","Продайте %1 %2 за %3 золота"
"TEMPLE","ХРАМ"
"The sanctuary of your nation, raised in its own architectural style","Святыня вашего народа, возведённая в его собственном стиле"
"Watches over a wide stretch of ground and holds a settlement together","Смотрит за широкой полосой земли и скрепляет поселение"
"TAKE VOWS","ПРИНЯТЬ ОБЕТ"
"Temple reserve: %1 / %2","Резерв храма: %1 / %2"
"Deliver civilians here to raise the temple's reserve","Доставляйте сюда гражданских, чтобы поднять резерв храма"
"FARM","ФЕРМА"
"Grain ripens every %1s and a builder reaps %2 food from it","Зерно созревает каждые %1 с, и строитель снимает с него %2 еды"
"Ripe","Созрело"
"%1% grown · %2s","рост %1% · %2 с"
"Select your farm to see its crop.","Выделите свою ферму, чтобы увидеть её урожай."
"A builder is on its way to harvest.","Строитель уже идёт на жатву."
"Send a builder with Collect, or leave Auto Gather running.","Отправьте строителя приказом «Собрать» либо оставьте автосбор включённым."
"Harvested %1 times so far.","Собрано урожаев: %1."
"No Barracks","Казарм нет"
"Select a barracks to recruit units","Выделите казармы, чтобы нанимать отряды"
"food","еды"
"wood","древесины"
"stone","камня"
"iron","железа"
"Select your marketplace to trade.","Выделите свой рынок, чтобы торговать."
"The marketplace does not trade that.","Рынок этим не торгует."
"Not enough gold to buy %1.","Не хватает золота, чтобы купить %1."
"Not enough %1 to sell.","Не хватает %1 на продажу."
"System","Система"
"Camera","Камера"
"Selection","Выделение"
"Orders","Приказы"
"Commander movement","Движение полководца"
"Commander combat","Бой полководца"
"Open menu","Открыть меню"
"Also cancels a placement or rally in progress","Отменяет и начатую постановку постройки или сбор"
"Switch between army and commander","Переключение между армией и полководцем"
"Quick save","Быстрое сохранение"
"Quick load","Быстрая загрузка"
"Pause","Пауза"
"Speed up the battle","Ускорить бой"
"Steps through the speeds shown on the top bar","Перебирает темпы, показанные на верхней панели"
"Slow down the battle","Замедлить бой"
"Pan camera up","Сдвинуть камеру вверх"
"Slides the view north over the battlefield. Hold Shift to cover twice the ground per step.","Сдвигает вид на север над полем боя. Удерживайте Shift, чтобы за шаг проходить вдвое больше."
"Pan camera down","Сдвинуть камеру вниз"
"Slides the view south. Hold Shift to move faster.","Сдвигает вид на юг. Удерживайте Shift, чтобы двигаться быстрее."
"Pan camera left","Сдвинуть камеру влево"
"Slides the view west. Hold Shift to move faster.","Сдвигает вид на запад. Удерживайте Shift, чтобы двигаться быстрее."
"Pan camera right","Сдвинуть камеру вправо"
"Slides the view east. Hold Shift to move faster.","Сдвигает вид на восток. Удерживайте Shift, чтобы двигаться быстрее."
"Rotate camera left","Повернуть камеру влево"
"Swings the view anticlockwise around the point you are looking at. Hold Shift to swing further.","Вращает вид против часовой стрелки вокруг точки, на которую вы смотрите. Удерживайте Shift, чтобы повернуть дальше."
"Rotate camera right","Повернуть камеру вправо"
"Swings the view clockwise around the point you are looking at. Hold Shift to swing further.","Вращает вид по часовой стрелке вокруг точки, на которую вы смотрите. Удерживайте Shift, чтобы повернуть дальше."
"Tilt camera up","Наклонить камеру вверх"
"Raises the camera towards an overhead view. Hold Shift to tilt further.","Поднимает камеру к виду сверху. Удерживайте Shift, чтобы наклонить дальше."
"Tilt camera down","Наклонить камеру вниз"
"Lowers the camera towards the horizon. Hold Shift to tilt further.","Опускает камеру к горизонту. Удерживайте Shift, чтобы наклонить дальше."
"Zoom in","Приблизить"
"Moves the camera closer. The mouse wheel does the same.","Придвигает камеру ближе. Колесо мыши делает то же самое."
"Zoom out","Отдалить"
"Pulls the camera back. The mouse wheel does the same.","Отводит камеру назад. Колесо мыши делает то же самое."
"Reset camera","Сбросить камеру"
"Returns to your own camp at the framing the mission opened with. The top bar has the same button.","Возвращает к вашему лагерю в том кадре, с которого началось задание. Та же кнопка есть на верхней панели."
"Select unit or drag a selection box","Выделить отряд или обвести рамкой"
"Select all troops","Выделить все отряды"
"Move or attack-move to the cursor","Идти или атаковать на ходу к курсору"
"Stop","Стоп"
"Attack","Атака"
"Move","Идти"
"Patrol","Патруль"
"Guard","Охрана"
"Hold position","Удерживать позицию"
"Deploy the selection in a formation","Выставить выделенных в строй"
"Opens the formation planner for the selected troops","Открывает планировщик строя для выделенных отрядов"
"Place commander rally flag","Поставить знамя сбора полководца"
"Takes priority over anything else on its key while a rally can be placed","Имеет преимущество над всем прочим на этой клавише, пока сбор можно поставить"
"Rotate structure outline left","Повернуть контур постройки влево"
"Turns the structure or wall you are placing anticlockwise. The mouse wheel does the same.","Поворачивает ставимую постройку или стену против часовой стрелки. Колесо мыши делает то же самое."
"Rotate structure outline right","Повернуть контур постройки вправо"
"Turns the structure or wall you are placing clockwise. The mouse wheel does the same.","Поворачивает ставимую постройку или стену по часовой стрелке. Колесо мыши делает то же самое."
"Move forward","Вперёд"
"Move back","Назад"
"Strafe left","Шаг влево"
"Strafe right","Шаг вправо"
"Turn left","Повернуть влево"
"Turn right","Повернуть вправо"
"Sprint","Рывок"
"Dodge","Уклон"
"Jump","Прыжок"
"Heavy attack","Тяжёлый удар"
"Branches or finishes the current commander combo","Ветвит или завершает текущую связку полководца"
"Block","Блок"
"Cycle locked target","Сменить захваченную цель"
"Weapon special","Приём оружием"
"Use while guarding to shield bash","Примените в защите, чтобы ударить щитом"
"Vanguard rush","Рывок авангарда"
"Second wind","Второе дыхание"
"Commanding aura","Аура командования"
"Rally nearby troops","Собрать отряды рядом"
"Switch between melee weapon and bow","Переключить оружие ближнего боя и лук"
"Toggle first and third person","Переключить вид от первого и третьего лица"
"No ground under the cursor","Под курсором нет земли"
"Cannot reach","Не добраться"
"Hauling a load - cannot be interrupted","Везёт груз — прервать нельзя"
"No match is running","Матч не идёт"
"Spectating","Наблюдение"
"Nothing selected","Ничего не выделено"
"No target under the cursor","Под курсором нет цели"
"Save: the match advanced while it was being captured. Please try again.","Сохранение: матч продвинулся во время записи состояния. Попробуйте снова."
"Recruit %1","Нанять: %1"
"Show unit details","Показать подробности об отряде"
"Gold","Золото"
"Food","Еда"
"Timber","Древесина"
"Stone","Камень"
"Iron","Железо"
"%1 %2/%3","%1 %2/%3"
"GUARD BROKEN","ЗАЩИТА СЛОМАНА"
"PUNISH","РАСПЛАТА"
"FINISHER","ДОБИВАНИЕ"
"HP %1/%2","ХП %1/%2"
"TARGET","ЦЕЛЬ"
"%1%","%1%"
"STAGGERED","ОГЛУШЁН"
"BOW  ·  X","ЛУК  ·  X"
"BLADE  ·  X","КЛИНОК  ·  X"
"SPECIAL","ПРИЁМ"
"RUSH","РЫВОК"
"WIND","ДЫХАНИЕ"
"READY","ГОТОВО"
"Save payload has no checksum","У содержимого сохранения нет контрольной суммы"
"Save payload is corrupted (stored checksum mismatch)","Содержимое сохранения повреждено (записанная контрольная сумма не сходится)"
"Save payload is corrupted (decompression failed)","Содержимое сохранения повреждено (распаковка не удалась)"
"Save payload is corrupted (expected %1 bytes, got %2)","Содержимое сохранения повреждено (ожидалось %1 байт, получено %2)"
"Save payload is corrupted (content checksum mismatch)","Содержимое сохранения повреждено (контрольная сумма содержимого не сходится)"
"Not a Standard of Iron save file","Это не файл сохранения Standard of Iron"
"Unsupported save file version %1 (expected %2)","Неподдерживаемая версия файла сохранения %1 (ожидалась %2)"
"Save file header is truncated","Заголовок файла сохранения обрезан"
"Save file header is corrupted: %1","Заголовок файла сохранения повреждён: %1"
"Save file uses an unknown compression format","Файл сохранения использует неизвестный формат сжатия"
"Save file declares implausible sizes","Файл сохранения объявляет неправдоподобные размеры"
"Save file body is truncated","Тело файла сохранения обрезано"
"Save file preview image is corrupted","Картинка предпросмотра в файле сохранения повреждена"
"Save game","Сохранить игру"
"Cancel","Отмена"
"Save Name:","Имя сохранения:"
"Enter save name...","Введите имя сохранения..."
"Save","Сохранить"
"Name the save first.","Сначала дайте сохранению имя."
"Existing Saves","Существующие сохранения"
"Untitled Save","Сохранение без имени"
"Unknown Map","Неизвестная карта"
"No Preview","Нет предпросмотра"
"Slot: %1","Слот: %1"
"%1 - %2 (%3 KB on disk)","%1 — %2 (%3 КБ на диске)"
"Campaign","Кампания"
"Skirmish","Стычка"
"Last saved: %1","Последнее сохранение: %1"
"Overwrite","Перезаписать"
"Confirm Overwrite","Подтвердите перезапись"
"Are you sure you want to overwrite the save:\n""%1""?","Точно перезаписать сохранение:\n«%1»?"
"Save failed","Сохранить не удалось"
"Saving ""%1""","Сохранение «%1»"
"Cancel","Отмена"
"Cannot export a save with an empty name","Нельзя экспортировать сохранение с пустым именем"
"Failed to begin transaction","Не удалось начать транзакцию"
"Failed to commit transaction","Не удалось зафиксировать транзакцию"
"Failed to open save database","Не удалось открыть базу сохранений"
"Failed to read schema version","Не удалось прочитать версию схемы"
"Failed to record schema version","Не удалось записать версию схемы"
"Failed to drop table %1","Не удалось удалить таблицу %1"
"Failed to create save schema","Не удалось создать схему сохранений"
"Failed to prepare save query","Не удалось подготовить запрос сохранения"
"Failed to persist save slot","Не удалось сохранить слот"
"Failed to read save slot","Не удалось прочитать слот сохранения"
"Save slot '%1' not found","Слот сохранения «%1» не найден"
"Save slot '%1' uses unsupported format version %2","Слот сохранения «%1» использует неподдерживаемую версию формата %2"
"Save slot '%1' uses an unknown compression format","Слот сохранения «%1» использует неизвестный формат сжатия"
"Failed to enumerate save slots","Не удалось перечислить слоты сохранений"
"Failed to look up save slot","Не удалось найти слот сохранения"
"Failed to store save preview","Не удалось сохранить предпросмотр"
"Failed to delete save slot","Не удалось удалить слот сохранения"
"Failed to get campaign progress","Не удалось получить ход кампании"
"Failed to mark campaign as completed","Не удалось отметить кампанию как пройденную"
"Failed to prepare mission result insert","Не удалось подготовить вставку результата задания"
"Failed to save mission result","Не удалось сохранить результат задания"
"Failed to get mission progress","Не удалось получить ход задания"
"Failed to get campaign mission progress","Не удалось получить ход заданий кампании"
"Failed to register campaign mission","Не удалось зарегистрировать задание кампании"
"Failed to prune removed campaign missions","Не удалось вычистить удалённые задания кампании"
"Failed to look up the completed mission","Не удалось найти пройденное задание"
"Mission %1 is not part of campaign %2","Задание %1 не входит в кампанию %2"
"Failed to mark mission as completed","Не удалось отметить задание как пройденное"
"Failed to find the next mission","Не удалось найти следующее задание"
"Failed to unlock next mission","Не удалось открыть следующее задание"
"Failed to count remaining missions","Не удалось сосчитать оставшиеся задания"
"Protanopia (red-blind)","Протанопия (нечувствительность к красному)"
"Deuteranopia (green-blind)","Дейтеранопия (нечувствительность к зелёному)"
"Tritanopia (blue-blind)","Тританопия (нечувствительность к синему)"
"Standard","Обычный"
"Camera legend","Подсказки камеры"
"Economy prompts","Подсказки по хозяйству"
"Formation readout","Сводка строя"
"Lists the camera controls the first time a mission starts","Перечисляет управление камерой при первом запуске задания"
"Walks through the opening economy steps of a mission","Проводит по первым хозяйственным шагам задания"
"Shows cohesion and phase after you send several units somewhere together, until the selection changes","Показывает слаженность и фазу после того, как вы отправите несколько отрядов вместе, пока не сменится выделение"
"Off","Выключено"
"Important only","Только важное"
"All hits","Все попадания"
"Borderless","Без рамки"
"Windowed","В окне"
"Fullscreen","Полный экран"
"Settings","Настройки"
"Close","Закрыть"
"Audio Settings","Настройки звука"
"Master Volume:","Общая громкость:"
"Music Volume:","Громкость музыки:"
"SFX Volume:","Громкость эффектов:"
"Voice Volume:","Громкость голосов:"
"Ambience Volume:","Громкость окружения:"
"Display Settings","Настройки экрана"
"Window Mode:","Режим окна:"
"VSync","Вертикальная синхронизация"
"Synchronises frames with your display to remove tearing. Toggling it takes effect the next time the game starts.","Согласует кадры с вашим экраном, чтобы убрать разрывы. Переключение вступает в силу при следующем запуске игры."
"Show FPS counter","Показывать счётчик кадров"
"Displays a small frame-rate readout during battle","Показывает небольшую сводку частоты кадров во время боя"
"Graphics Settings","Настройки графики"
"Graphics Quality:","Качество графики:"
"Controls","Управление"
"Edge scrolling","Прокрутка у края"
"Pans the camera when the cursor reaches the edge of the screen. Keyboard panning, right-drag and the minimap keep working either way.","Двигает камеру, когда курсор доходит до края экрана. Сдвиг с клавиатуры, перетаскивание правой кнопкой и мини-карта работают в любом случае."
"Edge scroll strength:","Сила прокрутки у края:"
"Sets both how far in from the edge the band reaches and how fast the camera moves inside it. At this setting the band is %1 px along the sides and %2 px along the top and bottom, measured at your interface scale.","Задаёт и то, как далеко от края тянется полоса, и то, как быстро камера в ней движется. При этой настройке полоса — %1 пикс. по бокам и %2 пикс. сверху и снизу, в вашем масштабе интерфейса."
"Camera pan speed:","Скорость сдвига камеры:"
"Camera zoom speed:","Скорость приближения камеры:"
"Camera rotation speed:","Скорость поворота камеры:"
"Scales keyboard panning, zooming and rotation; drag and minimap movement stay unchanged.","Масштабирует сдвиг, приближение и поворот с клавиатуры; движение перетаскиванием и мини-картой не меняется."
"Autosave","Автосохранение"
"Autosaves to keep:","Сколько автосохранений хранить:"
"Autosave every:","Автосохранение каждые:"
"%1 min","%1 мин"
"Older autosaves beyond this count are deleted automatically.","Автосохранения сверх этого числа удаляются сами."
"Accessibility","Доступность"
"Interface Scale:","Масштаб интерфейса:"
"Colour Vision:","Цветовое зрение:"
"Reduce motion","Меньше движения"
"Removes transitions and idle animations across every screen","Убирает переходы и холостую анимацию на всех экранах"
"High contrast","Высокая контрастность"
"Raises panel and text contrast for low vision","Повышает контраст панелей и текста для слабого зрения"
"Always show keyboard focus","Всегда показывать фокус клавиатуры"
"Keeps the focus outline visible even after clicking","Оставляет обводку фокуса видимой даже после щелчка"
"Team ring patterns","Узоры колец команд"
"On automatically while a colour vision mode is selected","Включается само, когда выбран режим цветового зрения"
"Marks each side with its own selection ring shape as well as its colour","Отмечает каждую сторону собственной формой кольца выделения, а не только цветом"
"Damage numbers:","Числа урона:"
"Numbers are a readout, not the feedback. Combat stays readable from motion, sound and hit reactions with them off.","Числа — это сводка, а не отклик. Даже с выключенными числами бой читается по движению, звуку и реакциям на попадания."
"Economy numbers","Числа хозяйства"
"Floats resource, trade and reserve changes over the building they happened at","Показывает изменения ресурсов, торговли и резерва над той постройкой, где они произошли"
"Prompts and readouts:","Подсказки и сводки:"
"Screen effects:","Экранные эффекты:"
"Camera motion:","Движение камеры:"
"Reduces head bob and sway while leading the commander. It never limits camera movement you ask for.","Уменьшает покачивание и раскачку головы, когда вы ведёте полководца. Движение камеры, о котором вы просите сами, оно не ограничивает никогда."
"These settings apply to the campaign, skirmish and editor tools alike.","Эти настройки одинаково действуют в кампании, стычке и в средствах редактора."
"Language","Язык"
"Select Language:","Выберите язык:"
"Language changes apply immediately","Смена языка действует сразу"
"About","О игре"
"Standard of Iron - RTS game","Standard of Iron — стратегия в реальном времени"
"Version %1","Версия %1"
"Third-Party Software","Стороннее программное обеспечение"
"This game uses the Qt framework, licensed under the GNU Lesser General Public License v3 (LGPL v3).","Эта игра использует Qt по лицензии GNU Lesser General Public License v3 (LGPL v3)."
"Qt is dynamically linked, allowing you to replace Qt libraries with your own versions.","Qt подключается динамически, так что вы можете заменить библиотеки Qt собственными версиями."
"LGPL v3 License","Лицензия LGPL v3"
"Qt Website","Сайт Qt"
"Music and sound effects generated with ElevenLabs under a licence that permits commercial use.","Музыка и звуковые эффекты созданы в ElevenLabs по лицензии, разрешающей коммерческое использование."
"Voice lines recorded by Adam Djellouli.","Голосовые реплики записал Adam Djellouli."
"ElevenLabs","ElevenLabs"
"Invalid team configuration: At least two teams must be selected to start a match.","Неверная настройка команд: чтобы начать матч, нужно выбрать хотя бы две команды."
"The order was excellent. It was given to nobody.","Приказ был превосходен. Отдан он был никому."
"There is no road to that place. There may never have been one.","Туда дороги нет. Возможно, её никогда и не было."
"The quartermaster has checked twice. There is nothing behind the second check.","Интендант проверил дважды. За второй проверкой ничего нет."
"We have the barracks, the coin and the will. We lack the people.","У нас есть казармы, деньги и воля. Нам не хватает людей."
"They are carrying something heavier than your orders.","Они несут кое-что потяжелее ваших приказов."
"Willing, sir. Simply not that willing, and not from here.","Готовы, командир. Просто не настолько готовы и не отсюда."
"Those are not ours to command. They have been very clear about it.","Не нам ими командовать. Они высказались об этом предельно ясно."
"Nothing there answers to that order. We checked.","Ничто там на этот приказ не отзывается. Мы проверили."
"Red","Красный"
"Blue","Синий"
"Brown","Коричневый"
"Green","Зелёный"
"Yellow","Жёлтый"
"Orange","Оранжевый"
"Purple","Фиолетовый"
"Cyan","Бирюзовый"
"Pink","Розовый"
"stone %1 / %2 · iron %3 / %4","камень %1 / %2 · железо %3 / %4"
"Builders cannot fight. This order needs soldiers - select the spearmen, archers or swordsmen near your camp.","Строители не воюют. Этому приказу нужны воины — выделите копейщиков, лучников или мечников у своего лагеря."
"That is a building. Orders in this step need soldiers - left-click one of the troops standing near your camp.","Это постройка. Приказам этого шага нужны воины — щёлкните левой по одному из отрядов у лагеря."
"Nothing is selected, so there is nobody to receive the order. Left-click a soldier or drag a box around several.","Ничего не выделено, значит, приказ принять некому. Щёлкните левой по воину или обведите рамкой нескольких."
"Collect and Build are only available to builders - soldiers and buildings cannot do this work. Select a builder (the worker with the hammer) first.","«Собрать» и «Строить» доступны только строителям — воины и постройки такой работы не делают. Сначала выделите строителя (работника с молотом)."
"No builder is selected. Left-click one of the builders standing by your barracks.","Строитель не выделен. Щёлкните левой по одному из строителей у ваших казарм."
"That is a building. Left-click one of the soldiers standing near your camp instead.","Это постройка. Щёлкните лучше левой по одному из воинов у лагеря."
"A Home costs %1 wood and %2 stone; you have %3 wood and %4 stone. The Build card stays grey until the yard holds enough - send a builder to collect the difference.","Дом стоит %1 древесины и %2 камня; у вас %3 древесины и %4 камня. Карточка стройки остаётся серой, пока во дворе не наберётся достаточно, — отправьте строителя добрать недостающее."
"A red outline means the site is blocked: too close to another building, on water or on a slope. Move it onto flat, open ground and left-click to confirm. Right-click cancels.","Красный контур означает, что площадка занята: слишком близко к другой постройке, на воде или на склоне. Сдвиньте его на ровную открытую землю и подтвердите левой кнопкой. Правая отменяет."
"Recruits come from the barracks. Left-click your barracks to open its production panel on the right.","Новобранцы приходят из казарм. Щёлкните левой по своим казармам, чтобы справа открылась их панель найма."
"The barracks has only %1 reserve left to draw on. Every recruit costs reserve; when it runs dry, build Homes - each Home raises families, and a civilian recruited there and sent to the barracks with Deliver refills it.","У казарм осталось всего %1 резерва. Каждый новобранец стоит резерва; когда он иссякнет, стройте Дома — каждый Дом растит семьи, а гражданский, нанятый там и посланный в казармы приказом «Доставить», его пополняет."
"A recruit card turns grey when a resource is short: soldiers need wood for shafts and iron for blades. Send a builder to collect more.","Карточка новобранца сереет, когда не хватает ресурса: воинам нужна древесина на древки и железо на наконечники. Отправьте строителя за добавкой."
"The raiders are here. Keep your soldiers together near the barracks: spearmen in front, archers behind, and the commander close so his aura reaches them.","Налётчики здесь. Держите воинов вместе у казарм: копейщики впереди, лучники позади, а полководец рядом, чтобы его аура их накрывала."
"The Roman raid is on its way. The wave tracker under the top bar counts it down and the minimap marks where it will enter.","Римский набег в пути. Счётчик волн под верхней панелью отсчитывает его, а мини-карта отмечает, где он войдёт."
"The Aura command only appears when your commander is selected. He is the standard-bearer with the crown badge, near the barracks.","Приказ «Аура» появляется только тогда, когда выделен ваш полководец. Это знаменосец со знаком короны, рядом с казармами."
"The aura is recharging or the commander is wounded; the button lights up again when it is ready.","Аура перезаряжается или полководец ранен; кнопка загорится снова, когда она будет готова."
"The Roman commander is still alive. A nation dies with the man who leads it - kill him and the camp falls.","Римский полководец ещё жив. Народ умирает вместе с тем, кто его ведёт: убейте его, и лагерь падёт."
"Select your troops","Выделите свои отряды"
"Move, and read the feedback","Идите и читайте отклик"
"Attack the Roman scouts","Атакуйте римских разведчиков"
"Fell timber","Нарубите древесины"
"Quarry stone, mine iron","Бейте камень, добывайте железо"
"Raise a Home","Возведите Дом"
"Recruit a soldier","Наймите воина"
"Assemble an army","Соберите армию"
"Defend the camp","Обороняйте лагерь"
"Guard, Hold and Patrol","Охрана, «Держать» и патруль"
"Your commander","Ваш полководец"
"The camera","Камера"
"Pause and game speed","Пауза и темп игры"
"Objectives","Задачи"
"Take the Roman camp","Возьмите римский лагерь"
"Everything starts with a selection. Left-click a soldier to select it, or hold the left button and drag a box around several. Selected troops show a ring at their feet, and the panel at the bottom lists who is under your command.","Всё начинается с выделения. Щёлкните левой по воину, чтобы выделить его, или зажмите левую и обведите рамкой нескольких. У выделенных под ногами кольцо, а нижняя панель перечисляет тех, кто под вашим началом."
"With troops selected, right-click on the ground to march there. A marker appears where they are headed and the banner above the command grid confirms the order. A rejected order says why it could not be carried out - read the banner when nothing happens.","Выделив отряды, щёлкните правой по земле, чтобы они туда пошли. Там, куда они идут, появляется метка, а полоса над сеткой команд подтверждает приказ. Отклонённый приказ объясняет, почему его не выполнить, — читайте полосу, когда ничего не происходит."
"A Roman scouting party stands just beyond your tents; the minimap marks enemies in red. Right-click an enemy to attack it, or press Attack and click the target. While your troops fight, the target panel above the command grid tracks the enemy's health.","Римский разведывательный отряд стоит сразу за вашими шатрами; мини-карта помечает врагов красным. Щёлкните правой по врагу, чтобы атаковать его, или нажмите «Атака» и щёлкните цель. Пока ваши отряды дерутся, панель цели над сеткой команд следит за здоровьем врага."
"Wood pays for nearly everything. Select a builder, press Collect and click a pine tree. The builder fells it, carries the logs to the stone yard beside your barracks, and only when the load is dropped there does the wood counter in the top bar rise. Auto Gather keeps a builder working the nearest nodes on its own.","Древесиной платят почти за всё. Выделите строителя, нажмите «Собрать» и щёлкните по сосне. Строитель свалит её, отнесёт брёвна во двор при казармах — и только когда груз сдан там, счётчик древесины на верхней панели вырастет. Автосбор заставляет строителя самому работать на ближайших источниках."
"Boulders yield stone for buildings and towers; ore seams yield iron for blades and armour. Both are hauled to the same barracks yard, which fills up as your stores grow. Gold comes with the camp and from trade at a marketplace. Set one builder on the boulders and another on the ore.","Валуны дают камень для построек и башен; рудные жилы дают железо для клинков и доспехов. И то и другое свозят в один и тот же двор казарм, который наполняется вместе с вашими запасами. Золото приходит с лагерем и от торговли на рынке. Поставьте одного строителя на валуны, а другого на руду."
"Select a builder and press Build to open the structure list. Each card shows its cost in wood, stone and gold; a grey card means you cannot afford it yet. Choose Home, then move the outline: green means the ground is flat and clear, red means it is blocked. Scroll to rotate, left-click to confirm. Homes raise the families your barracks will later recruit from.","Выделите строителя и нажмите «Строить», чтобы открыть список построек. Каждая карточка показывает цену в древесине, камне и золоте; серая карточка значит, что вам это пока не по средствам. Выберите Дом, затем наведите контур: зелёный означает ровную свободную землю, красный — что она занята. Колесо поворачивает, левая кнопка подтверждает. Дома растят семьи, из которых потом набирают ваши казармы."
"Left-click your barracks and pick a soldier from the production panel. Every recruit costs population and resources: the population comes from the barracks' own pool, shown on the card, and refills when civilians from your Homes are delivered to it. The bar in the top panel shows your army against the map's population cap.","Щёлкните левой по своим казармам и выберите воина в панели найма. Каждый новобранец стоит населения и ресурсов: население берётся из собственного запаса казарм, показанного на карточке, и пополняется, когда вы доставите туда гражданских из своих Домов. Полоса на верхней панели показывает вашу армию против предела населения карты."
"One soldier is not an army. Keep recruiting until you field eight - mix spearmen to hold a line with archers to punish whatever charges it. If a card turns grey, the tutorial hint tells you what ran short. New recruits gather at the barracks' rally flag; set one from the production panel.","Один воин — ещё не армия. Набирайте, пока не выставите восьмерых: смешивайте копейщиков, что держат линию, с лучниками, что карают всякого, кто на неё бросится. Если карточка посереет, подсказка обучения скажет, чего не хватило. Новобранцы собираются у знамени сбора казарм; задайте его в панели найма."
"A Roman raid is coming. The wave tracker counts it down and the minimap marks its entry point. Form up near your barracks: spearmen in front, archers behind, and the commander close so his aura reaches them. Break the raid to continue.","Идёт римский набег. Счётчик волн отсчитывает его, а мини-карта отмечает место входа. Стройтесь у казарм: копейщики впереди, лучники позади, а полководец рядом, чтобы его аура их накрывала. Сломите набег, чтобы продолжить."
"Soldiers can be told how to behave, and the three orders are not the same. Guard: click a spot; they meet anything that comes near it, then walk back to it. Hold: they never take a step, but they reach further, hit harder and brace against a charge - archers and spearmen only. Patrol: click two waypoints and they march the beat between them, fighting whatever crosses it. Hover any of the three to read the full rules, then give one of them to your soldiers.","Воинам можно указать, как себя вести, и эти три приказа не одно и то же. «Охрана»: щёлкните точку; они выходят навстречу тому, что подойдёт, и возвращаются. «Держать»: они не делают ни шага, но достают дальше, бьют сильнее и упираются против натиска — только лучники и копейщики. «Патруль»: щёлкните две точки, и они будут ходить между ними, вступая в бой со всем, что их пересечёт. Наведите на любой из трёх, чтобы прочитать все правила, затем отдайте один из них своим воинам."
"Your commander carries the standard. Troops near him fight with higher morale, and while he is selected two commands appear: Aura empowers every soldier in a ring around him for a stretch and then recharges - the button prints the radius, how long it lasts and how long until it returns - and Rally plants a flag that the army marches to. If he dies, your lines break and the mission is lost - keep him behind the spears. Trigger the Aura now.","Ваш полководец несёт знамя. Отряды рядом с ним сражаются с большим духом, а пока он выделен, появляются две команды: «Аура» на время усиливает каждого воина в круге вокруг него, а затем перезаряжается (кнопка печатает радиус, длительность и время до возврата), а «Сбор» водружает знамя, к которому идёт армия. Если он погибнет, ваши линии рухнут и задание провалено — держите его за копьями. Включите «Ауру» сейчас."
"Move the view with the arrow keys or WASD, or push the mouse to the screen edge. Scroll to zoom, Q and E rotate, Ctrl with the up and down arrows tilts, and Home returns to your camp. Follow keeps the camera on your selection. Move the camera now.","Двигайте вид стрелками или WASD либо прижмите мышь к краю экрана. Колесо приближает, Q и E поворачивают, Ctrl со стрелками вверх-вниз наклоняет, а Home возвращает в лагерь. «Следовать» держит камеру на выделенном. Подвигайте камеру сейчас."
"The top-left buttons pause the battle and set the speed, from half up to quadruple. Space pauses too, and + and - step through the speeds without reaching for the bar. The active speed stays lit while paused, and you can change it there. Change the speed or pause and resume now.","Кнопки в левом верхнем углу ставят бой на паузу и задают темп, от половинного до четырёхкратного. Пробел тоже ставит паузу, а + и - перебирают темпы, не тянясь к панели. Выбранный темп остаётся подсвечен и на паузе, там же его можно сменить. Смените темп либо поставьте паузу и продолжите сейчас."
"The star in the top bar shows your current objective. Press Escape and choose Objectives to read the full briefing: what wins the mission, what loses it, and any optional goals. Open it now, then return to the battle.","Звезда на верхней панели показывает вашу нынешнюю задачу. Нажмите Escape и выберите «Задачи», чтобы прочитать полный инструктаж: что выигрывает задание, что его проваливает и какие есть дополнительные цели. Откройте его сейчас, затем вернитесь в бой."
"You know everything the field will ask of you. The Roman camp lies across the meadow. Gather your army, keep the commander behind the line, and take the camp: kill the Roman commander and the mission is won.","Вы знаете всё, о чём вас попросит поле. Римский лагерь лежит по ту сторону луга. Соберите армию, держите полководца за линией и возьмите лагерь: убейте римского полководца — и задание выиграно."
"Select at least one of your soldiers","Выделите хотя бы одного своего воина"
"Right-click the ground to move your selected troops","Щёлкните правой по земле, чтобы двинуть выделенные отряды"
"Destroy the Roman scouting party (%1 soldiers)","Уничтожьте римский разведывательный отряд (воинов: %1)"
"Deliver %1 wood to your barracks yard","Доставьте %1 древесины во двор казарм"
"Deliver %1 stone and %2 iron","Доставьте %1 камня и %2 железа"
"Build a Home with a builder","Постройте Дом строителем"
"Recruit a soldier at the barracks and wait for it to march out","Наймите воина в казармах и дождитесь, пока он выйдет"
"Field at least %1 soldiers","Выставьте не меньше %1 воинов"
"Break the Roman raid","Сломите римский набег"
"Give a Guard, Hold or Patrol order","Отдайте приказ «Охрана», «Держать» или «Патруль»"
"Select your commander and trigger the Aura","Выделите полководца и включите «Ауру»"
"Move, zoom or rotate the camera","Сдвиньте, приблизьте или поверните камеру"
"Change the game speed or pause and resume","Смените темп игры либо поставьте паузу и продолжите"
"Open the Objectives screen","Откройте экран задач"
"Kill the Roman commander and take the camp","Убейте римского полководца и возьмите лагерь"
"Tutorial","Обучение"
"Tutorial %1/%2 · %3","Обучение %1/%2 · %3"
"Show","Показать"
"Tutorial step","Шаг обучения"
"TUTORIAL · STEP %1 OF %2","ОБУЧЕНИЕ · ШАГ %1 ИЗ %2"
"Open the help screen","Открыть экран справки"
"Hide the tutorial card (it can be shown again)","Скрыть карточку обучения (её можно показать снова)"
"Well done - the tutorial is complete.","Отлично — обучение пройдено."
"Well done. The next step follows in a moment, or press Continue.","Отлично. Следующий шаг через миг, или нажмите «Далее»."
"Resume","Продолжить"
"Pause","Пауза"
"Show me","Покажи"
"Replay step","Повторить шаг"
"Skip step","Пропустить шаг"
"Continue","Далее"
"End tutorial","Завершить обучение"
"Iron Sepulcher %1","Железная Гробница %1"
"The shrine answers to you now. Its dead fall still.","Святилище теперь слушается вас. Его мёртвые падают и не встают."
"The shrine is broken. Every risen guardian crumbles.","Святилище сломано. Каждый восставший страж рассыпается."
"The barrow gives up its hoard: %1.","Курган отдаёт свой клад: %1."
"Wave %1/%2","Волна %1/%2"
"The Iron Sepulcher wakes. %1 rises to meet you.","Железная Гробница пробуждается. %1 встаёт вам навстречу."
"%1 claws out of the ground.","%1 выцарапывается из земли."
"The risen guardians are put down. The ground is quiet.","Восставшие стражи уложены. Земля тиха."
"Attack","Атака"
"Guard","Охрана"
"Hold","Держать"
"Patrol","Патруль"
"Medic","Лекарь"
"Build","Строить"
"Collect","Собрать"
"Repair","Ремонт"
"Unit details","Подробности об отряде"
"Close the unit details","Закрыть подробности об отряде"
"No details are available for this unit.","Подробностей об этом отряде нет."
"In the field","В поле"
"Damage per second","Урон в секунду"
"Range","Дальность"
"Health","Здоровье"
"Speed","Скорость"
"Sight","Обзор"
"What it can do","Что умеет"
"Highlighted orders are the ones this selection can carry out right now.","Подсвеченные приказы — те, что это выделение может исполнить прямо сейчас."
"What it costs","Сколько стоит"
"Reserve %1  ·  Build time %2s","Резерв %1  ·  Время %2 с"
"Fields %n soldier(s) in one squad.","Выставляет %n воина в одном отряде. | Выставляет %n воинов в одном отряде. | Выставляет %n воинов в одном отряде."
"Strengths and weaknesses","Сильные и слабые стороны"
"History","История"
"Line infantry","Линейная пехота"
"Heavy infantry","Тяжёлая пехота"
"Spear infantry","Копейная пехота"
"Ranged","Стрелковый"
"Skirmisher","Застрельщик"
"Cavalry","Конница"
"War beast","Боевой зверь"
"Siege","Осадный"
"Command","Командование"
"Support","Поддержка"
"Worker","Работник"
"Civilian","Гражданский"
"Caster","Заклинатель"
"Shielded","Со щитом"
"Mounted","Верховой"
"Expendable","Расходный"
"Awakened","Пробуждённый"
"Elite","Отборный"
"Archer","Лучник"
"Swordsman","Мечник"
"Spearman","Копейщик"
"Mounted Knight","Конный рыцарь"
"Horse Archer","Конный лучник"
"Horse Spearman","Конный копейщик"
"Healer","Целитель"
"Skeleton Swordsman","Скелет-мечник"
"Skeleton Archer","Скелет-лучник"
"Grave Priest","Могильный жрец"
"Catapult","Катапульта"
"Ballista","Баллиста"
"War Elephant","Боевой слон"
"Quintus Fabius Maximus","Квинт Фабий Максим"
"Publius Cornelius Scipio","Публий Корнелий Сципион"
"Marcus Claudius Marcellus","Марк Клавдий Марцелл"
"Hanno the Great","Ганнон Великий"
"Hasdrubal Barca","Гасдрубал Барка"
"Hannibal Barca","Ганнибал Барка"
"Builder","Строитель"
"Sheep","Овца"
"Wolf","Волк"
"Unknown Troop","Неизвестный отряд"
"African War Elephant","Африканский боевой слон"
"An ancient army marched with its own carpenters and masons, raising and fortifying a camp every night.","Древняя армия шла со своими плотниками и каменщиками, возводя и укрепляя лагерь каждую ночь."
"Ancient armies kept surgeons close to the line; the wounded who walked away were the difference between a campaign and a rout.","Древние армии держали лекарей близко к линии; раненые, ушедшие на своих ногах, и были разницей между кампанией и разгромом."
"Anti-cavalry spear line","Копейная линия против конницы"
"Archers are the answer to it, and massed bows bring it down before it closes.","Ответ на это — лучники: масса луков валит его прежде, чем он сойдётся."
"As brittle as any archer, and it withers as soon as the line in front of it fails.","Хрупок, как любой лучник, и вянет, едва линия перед ним рухнет."
"Auxiliary Archer","Вспомогательный лучник"
"Battle caster","Боевой заклинатель"
"Behind every field army stood the farms and quarries that fed it, and the people who worked them.","За каждой полевой армией стояли хозяйства и каменоломни, которые её кормили, и люди, которые в них работали."
"Bows decided few ancient battles outright, but a volley loosed before contact could break a formation's nerve.","Луки редко решали древние битвы напрямую, но залп, пущенный до соприкосновения, мог сломать нервы строю."
"Breaks on a braced spear line, which cuts mounted troops down at more than twice the usual rate.","Разбивается об упёртую копейную линию, которая режет верховых более чем вдвое быстрее обычного."
"Cannot fight. Left unguarded it dies to anything that reaches it.","Драться не умеет. Без охраны гибнет от всего, что до него дойдёт."
"Carries more health than any squad on the field, and its reach breaks a line that stands to receive it.","Здоровья у него больше, чем у любого отряда на поле, а его размах ломает линию, что встанет его принять."
"Carthage bought its archers from Libya and the islands, paying in silver what Rome demanded of its citizens.","Карфаген покупал лучников в Ливии и на островах, платя серебром за то, чего Рим требовал от своих граждан."
"Carthage sent its own citizens into the line only when the city itself was threatened. The rest of the army was hired.","Карфаген посылал собственных граждан в строй лишь тогда, когда угроза нависала над самим городом. Остальная армия была наёмной."
"Carthage took its elephants from the forests south of the Atlas, smaller than the Indian beasts but the terror of Italy.","Карфаген брал слонов из лесов к югу от Атласа: они были меньше индийских, но стали ужасом Италии."
"Carthaginian Ballista","Карфагенская баллиста"
"Carthaginian Catapult","Карфагенская катапульта"
"Carthaginian engineers learned artillery from the Greek cities of Sicily, and then improved on it.","Карфагенские инженеры переняли метательные машины у греческих городов Сицилии, а затем улучшили их."
"Cavalry rarely charged an unbroken line. It waited for a flank to open and then finished the day.","Конница редко бросалась на нетронутую линию. Она ждала, когда откроется фланг, и тогда решала исход дня."
"Citizen Infantry","Гражданская пехота"
"Close-order swordsmen were the expensive core of a Mediterranean army, drilled to hold a line rather than to duel.","Мечники в сомкнутом строю были дорогим ядром средиземноморской армии, обученным держать линию, а не биться в поединках."
"Costs nothing to raise and never breaks, so it buys time no living troop would.","Выставить его не стоит ничего, и он не ломается никогда, так что он покупает время, какого не купит ни один живой отряд."
"Cursed Arrow Volley","Залп проклятых стрел"
"Cursed missile line","Проклятая стрелковая линия"
"Defenceless at close quarters. Infantry that reaches it kills it in a few seconds.","Беззащитен в ближнем бою. Пехота, что до него дошла, убивает его за считаные секунды."
"Denies ground nothing else can reach, at well over twice an archer's range.","Отнимает землю, до которой ничто другое не достаёт, — более чем на двойной дальности лучника."
"Engineer and labourer","Инженер и работник"
"Equites","Эквиты"
"Every arrow that lands leaves a curse on its target, draining the will of the formation it struck.","Каждая попавшая стрела оставляет на цели проклятие, вытягивающее волю из строя, в который она ударила."
"Expendable line infantry","Расходная линейная пехота"
"Faber","Фабер"
"Faction-defining heavy beast","Тяжёлый зверь, определяющий фракцию"
"Fast enough to choose its own fight, and it rides down archers left without a screen.","Достаточно быстр, чтобы самому выбирать себе бой, и топчет лучников, оставленных без прикрытия."
"Field surgeon","Полевой лекарь"
"Fireball","Огненный шар"
"Fragile once contacted. Cavalry overruns it whenever it has no melee screen.","Хрупок при соприкосновении. Конница топчет его всякий раз, когда нет прикрытия в ближнем бою."
"Gathers and delivers the resources every other unit is paid for with.","Собирает и доставляет ресурсы, которыми оплачен любой другой отряд."
"Has no melee worth the name, and spears punish it the moment it is caught.","Ближнего боя, достойного этого имени, у него нет, и копья карают его в тот же миг, когда он пойман."
"Heavy line infantry","Тяжёлая линейная пехота"
"Horse archers came from the steppe and the desert margins, and Mediterranean armies hired them rather than raised them.","Конные лучники приходили из степи и с окраин пустыни, и средиземноморские армии их нанимали, а не растили своих."
"Hurls fire that bursts across a formation and clings to the ground where it lands.","Мечет огонь, который взрывается над строем и липнет к земле там, куда упал."
"Hurls fire that bursts across a formation and leaves the ground burning where it lands.","Мечет огонь, который взрывается над строем и оставляет землю горящей там, куда упал."
"Its arrows carry a curse that drains the will of everything they strike.","Его стрелы несут проклятие, вытягивающее волю из всего, во что они попадают."
"Its quiver was buried with it, and the curse worked into the shafts outlasted the hand that drew the bow.","Колчан похоронили вместе с ним, и проклятие, вплетённое в древки, пережило руку, что натягивала лук."
"Lancer cavalry","Копейная конница"
"Legionary","Легионер"
"Liby-Phoenician Spear","Ливо-финикийское копьё"
"Libyan Archer","Ливийский лучник"
"Loses the straight infantry fight to swords, and caught in the open it is only a slower line.","Проигрывает прямой пехотный бой мечам, а пойманный в открытом поле — просто более медленная линия."
"Massed missile line","Массовая стрелковая линия"
"Medicus","Медик"
"Mends nearby wounded without being told to, so a line that holds keeps its strength.","Сам, без приказа, лечит раненых рядом, так что держащаяся линия сохраняет силу."
"Mounted skirmisher","Конный застрельщик"
"Not a soldier. It cannot hold ground and should never be the last thing guarding a camp.","Это не воин. Землю он не удержит и никогда не должен быть последним, кто стережёт лагерь."
"Numidian Cavalry","Нумидийская конница"
"Onager","Онагр"
"One slow body, helpless in melee, and it needs the awakened dead between it and the enemy.","Одно медленное тело, беспомощное в ближнем бою, и ему нужны пробуждённые мёртвые между ним и врагом."
"Out-trades everything at range, and massed bows are the answer to a war elephant.","Выигрывает любой размен на расстоянии, а масса луков — ответ на боевого слона."
"Outranges troops on foot and can withdraw from any fight it cannot win.","Достаёт дальше пехоты и может выйти из любого боя, которого не выиграет."
"Overrun in seconds by any infantry that reaches it, and far too slow to withdraw.","Растоптан за считаные секунды любой пехотой, что до него дошла, и слишком медлителен, чтобы отойти."
"Phoenician Craftsman","Финикийский ремесленник"
"Phoenician craftsmen raised the harbours and walls that made Carthage the richest city in the western sea.","Финикийские ремесленники возвели гавани и стены, сделавшие Карфаген богатейшим городом западного моря."
"Raised from the burial ranks of an army that was interred still holding its shields.","Поднят из погребённых рядов армии, которую предали земле всё ещё держащей щиты."
"Raises every building an army needs and repairs what the enemy breaks.","Возводит любую постройку, нужную армии, и чинит то, что ломает враг."
"Repays its cost against cavalry, and braced on high ground it holds against far heavier attacks.","Окупает себя против конницы, а упёршись на высоте, держится против куда более тяжёлых ударов."
"Rome raised few archers of its own and drew them from Crete and the eastern allies instead.","Рим выставлял мало своих лучников и брал их скорее с Крита и у восточных союзников."
"Rome standardised the bolt thrower until every legion carried its own, mounted on carts and served by trained crews.","Рим стандартизировал стреломёт настолько, что каждый легион возил свои, на телегах и с обученными расчётами."
"Sacred Band Healer","Целитель Священной дружины"
"Settlement population","Население поселения"
"Shock cavalry","Ударная конница"
"Siege artillery","Осадные машины"
"Siege bolt thrower","Осадный стреломёт"
"Slower and weaker than the living line it imitates, and nothing in the field can mend it.","Медленнее и слабее живой линии, которой подражает, и в поле его ничто не починит."
"Still cavalry. A braced spear line stops it, and it cannot trade with archers at range.","Всё же конница. Упёртая копейная линия её останавливает, а с лучниками на расстоянии ей не разменяться."
"The Liby-Phoenician spear was the steady centre that a mercenary army could be built around.","Ливо-финикийское копьё было тем твёрдым центром, вокруг которого можно было построить наёмную армию."
"The Numidians rode without bridles and were the finest light horse in the Mediterranean. Rome's worst day, at Cannae, was their work.","Нумидийцы ездили без узды и были лучшей лёгкой конницей Средиземноморья. Худший день Рима, при Каннах, — их рук дело."
"The Sacred Band kept physicians of its own, an honour reserved for the citizen elite.","У Священной дружины были свои врачи — честь, оставленная за гражданской знатью."
"The bolt thrower was the accurate half of a siege train, used against men and gates alike.","Стреломёт был точной половиной осадного парка, годной и против людей, и против ворот."
"The bolt throwers of Carthage were built in the same yards as its fleet, by the same shipwrights.","Стреломёты Карфагена строили на тех же верфях, что и его флот, и те же корабельные мастера."
"The equites were drawn from the wealthiest citizens, and Rome's cavalry was never the equal of its infantry.","Эквитов брали из богатейших граждан, и конница Рима никогда не сравнялась с его пехотой."
"The fabri built the roads, the bridges and the fortified camp that went up every single night of a march.","Фабры строили дороги, мосты и укреплённый лагерь, который вставал каждую ночь похода."
"The legionary's short sword and heavy javelin were built for one thing: closing the last twenty paces and winning there.","Короткий меч и тяжёлое копьё легионера созданы ради одного: пройти последние двадцать шагов и победить там."
"The longest reach in any army, and quick enough to loose again before its target closes.","Самая большая дальность во всей армии и достаточная быстрота, чтобы выпустить ещё залп, прежде чем цель сойдётся."
"The longest reach of any mounted troop, striking before the enemy line can answer.","Самая большая дальность среди верховых войск: бьёт прежде, чем линия врага успеет ответить."
"The medicus marched with the legion, and Roman field medicine was the best organised in the ancient world.","Медик шёл вместе с легионом, и римская полевая медицина была лучше всех устроена в древнем мире."
"The mounted lance traded the sword's flexibility for reach, striking before an enemy could bring a weapon to bear.","Всадническое копьё сменяло гибкость меча на дальность, ударяя прежде, чем враг успеет пустить в ход оружие."
"The onager kicked like the wild ass it was named for, and was Rome's answer to a wall that would not fall.","Онагр лягался, как дикий осёл, чьё имя носил, и был ответом Рима на стену, которая не хотела падать."
"The priests who sealed the tombs learned to open them, and now walk ahead of what they woke.","Жрецы, что запечатывали гробницы, научились их открывать — и теперь идут впереди того, что разбудили."
"The slowest troops in the line, and they take losses crossing open ground under archery.","Самые медленные войска в линии; они несут потери, пересекая открытую землю под стрелами."
"The spear was the cheapest way to make a horse refuse a charge, and every ancient army kept a wall of them.","Копьё было самым дешёвым способом заставить коня отказаться от натиска, и каждая древняя армия держала их стену."
"The triarii were the oldest and steadiest men in the legion, knelt behind the line and committed only when the day was in doubt.","Триарии были старейшими и твёрдыми людьми легиона: они стояли на колене за линией и вступали в дело лишь тогда, когда исход дня был под сомнением."
"The weakest body on the field. Anything that finds it kills it.","Самое слабое тело на поле. Что бы его ни нашло, оно его убьёт."
"Torsion artillery was built on the spot from local timber and abandoned when the army moved on.","Торсионные машины строили на месте из местного леса и бросали, когда армия шла дальше."
"Triarius","Триарий"
"War elephants terrified armies that had never met them, and were nearly useless against those that had.","Боевые слоны ужасали армии, которые их не видели, и были почти бесполезны против тех, кто их уже знал."
"Wins the straight infantry fight against spears, and overruns unescorted siege in seconds.","Выигрывает прямой пехотный бой у копий и топчет неприкрытые осадные машины за секунды."
"Blocked by an existing wall.","Перекрыто существующей стеной."
"Cannot build there.","Там строить нельзя."
"Probing column","Разведывательная колонна"
"Assault line","Штурмовая линия"
"Cavalry flank","Конный фланг"
"Skirmish screen","Завеса застрельщиков"
"Siege column","Осадная колонна"
"Elite guard","Отборная стража"
"All waves broken","Все волны сломлены"
"Incoming","Подходит"
"Engaged","В бою"
"Next wave","Следующая волна"
"Wave %1 / %2","Волна %1 / %2"
"%1 left","Осталось: %1"
"Wolves are moving on the valley.","Волки идут на долину."
"Failed to initialize OpenGL renderer.\n\nThis usually means:\n1. Graphics drivers don't support required OpenGL 3.3 Core Profile\n2. Running in a VM with incomplete OpenGL support\n3. Qt software OpenGL fallback is unavailable or failed to initialize\n\nTo fix:\n- Run run_debug_softwaregl.cmd or set QT_OPENGL=software\n- Update graphics drivers\n- On VMs: Enable 3D acceleration in VM settings","Не удалось запустить отрисовщик OpenGL.\n\nОбычно это означает:\n1. Драйверы видеокарты не поддерживают требуемый профиль OpenGL 3.3 Core\n2. Игра работает в виртуальной машине с неполной поддержкой OpenGL\n3. Программная замена OpenGL в Qt недоступна или не запустилась\n\nКак починить:\n- Запустите run_debug_softwaregl.cmd или задайте QT_OPENGL=software\n- Обновите драйверы видеокарты\n- В виртуальных машинах включите 3D-ускорение в настройках"
