"source","translation_pl_PL"
"Idle","Bezczynny"
"Standing by and awaiting orders.","W gotowości, czeka na rozkazy."
"Moving","W ruchu"
"Marching to the ordered position.","Maszeruje na wyznaczoną pozycję."
"Attacking","Atakuje"
"Engaging the assigned target.","Naciera na wyznaczony cel."
"Patrolling","Patroluje"
"Walking the patrol route between its waypoints.","Obchodzi trasę patrolu między punktami."
"Guarding","Strzeże"
"Holding a guard post and answering threats near it.","Trzyma posterunek i odpowiada na zagrożenia w pobliżu."
"Holding position","Trzyma pozycję"
"Rooted in place; it will not pursue.","Zakorzeniony w miejscu; nie ruszy w pościg."
"Building","Buduje"
"Raising a structure on the marked site.","Wznosi budowlę na oznaczonym placu."
"Repairing","Naprawia"
"Mending a damaged structure.","Naprawia uszkodzoną budowlę."
"Dismantling","Rozbiera"
"Taking a structure apart.","Rozbiera budowlę na części."
"Cutting timber","Ścina drewno"
"Felling a tree for wood.","Ścina drzewo na drewno."
"Quarrying stone","Łamie kamień"
"Breaking a boulder for stone.","Rozbija głaz na kamień."
"Mining iron","Wydobywa żelazo"
"Working an ore deposit for iron.","Pracuje przy złożu rudy, wydobywając żelazo."
"Harvesting grain","Zbiera zboże"
"Reaping a ripe farm for food.","Zżyna dojrzałe pole na żywność."
"Butchering","Ubija zwierzęta"
"Slaughtering a sheep for food.","Ubija owcę na żywność."
"Auto gathering","Zbiera automatycznie"
"Standing order: seek out the nearest resource and keep collecting.","Rozkaz stały: znajdź najbliższy surowiec i zbieraj bez przerwy."
"Delivering","Dostarcza"
"Carrying its load to the barracks; it cannot be interrupted until the load is dropped off.","Niesie ładunek do koszar; nie można mu przerwać, dopóki go nie odda."
"Healing","Leczy"
"Tending wounded allies nearby.","Opatruje rannych sojuszników w pobliżu."
"Training","Szkolenie"
"Producing the next unit in the queue.","Wytwarza kolejną jednostkę z kolejki."
"Blocked","Zablokowany"
"Waiting: the way is blocked or the target is gone.","Czeka: droga jest zablokowana albo cel zniknął."
"Active","Aktywne"
"Work is under way.","Praca trwa."
"Queued","W kolejce"
"Ordered, but the unit is still on its way.","Rozkaz wydany, ale jednostka jest jeszcze w drodze."
"Unavailable","Niedostępne"
"The target cannot be worked; give a new order.","Przy tym celu nie da się pracować; wydaj nowy rozkaz."
"Interrupted","Przerwane"
"Work stopped part-way; re-issue the order to resume.","Praca przerwana w połowie; wydaj rozkaz ponownie, aby ją wznowić."
"Cannot be interrupted","Nie można przerwać"
"Hauling a load to the barracks. New orders wait until the load is dropped off.","Wiezie ładunek do koszar. Nowe rozkazy poczekają, aż go odda."
"%1 — %2","%1 — %2"
"%1 (%2 units)","%1 (jednostki: %2)"
"Automatic","Automatycznie"
"%1 of %2 positions do not fit on this ground.","%1 z %2 pozycji nie mieści się na tym terenie."
"Barracks production queue","Kolejka produkcji koszar"
"BARRACKS","KOSZARY"
"Reserve %1 / %2","Rezerwa %1 / %2"
"Manpower this barracks still holds. Every recruit spends some; civilians raised at a Home deliver more.","Zapas ludzi, jaki wciąż mają te koszary. Każdy rekrut go zużywa; cywile wychowani w Domu dostarczają nowych."
"Recruiting now","Rekrutacja w toku"
"Queued unit %1","Jednostka w kolejce: %1"
"Set where newly recruited units will gather","Wyznacz miejsce zbiórki nowo rekrutowanych jednostek"
"Set barracks rally point","Wyznacz punkt zbiórki koszar"
"Select a barracks before setting a rally point","Zaznacz koszary, zanim wyznaczysz punkt zbiórki"
"RECRUIT UNITS","REKRUTUJ JEDNOSTKI"
"Scroll for more","Przewiń, by zobaczyć więcej"
"Return to Menu","Powrót do menu"
"Close Report","Zamknij raport"
"Kills","Zabici wrogowie"
"Losses","Straty"
"Trained","Wyszkoleni"
"Barracks","Koszary"
"Held the Field","Utrzymał pole"
"Routed","Rozbity"
"Score","Wynik"
"YOUR COMMAND","TWOJE DOWÓDZTWO"
"ARMIES OF THE FIELD","ARMIE NA POLU BITWY"
"Army","Armia"
"YOU","TY"
"Esc closes the report","Esc zamyka raport"
"Mission Steps — in order","Kroki misji — po kolei"
"Victory Conditions","Warunki zwycięstwa"
"Victory Conditions — complete all","Warunki zwycięstwa — spełnij wszystkie"
"Victory Conditions — complete any","Warunki zwycięstwa — spełnij dowolny"
"Next step","Następny krok"
"%1 of %2","%1 z %2"
"Complete the objective","Wykonaj cel"
"Defeat Conditions","Warunki porażki"
"Avoid this condition","Nie dopuść do tego"
"Optional Objectives","Cele opcjonalne"
"Optional objective","Cel opcjonalny"
"No mission objectives available.\nThis may be a skirmish, or objectives have not been configured.","Brak celów misji.\nTo może być potyczka albo cele nie zostały skonfigurowane."
"unbound","nieprzypisane"
"%1 or %2","%1 lub %2"
"on, %1 px","wł., %1 px"
"off","wył."
"Screen edge","Krawędź ekranu"
"Edge scroll","Przewijanie przy krawędzi"
"Cursor to a screen edge","Kursor na krawędź ekranu"
"Push the pointer into any edge of the screen and the camera follows. Turn it off or change how wide the band is under Settings › Accessibility.","Dosuń wskaźnik do dowolnej krawędzi ekranu, a kamera podąży za nim. Wyłącz to lub zmień szerokość pasa w Ustawieniach › Ułatwienia dostępu."
"Keyboard pan","Ruch klawiaturą"
"Slides the view over the battlefield and keeps going while held. Either the arrows or WASD; hold Shift to cover twice the ground per step.","Przesuwa widok nad polem bitwy i jedzie dalej, dopóki trzymasz klawisz. Strzałki albo WASD; przytrzymaj Shift, by na krok pokonać dwa razy więcej terenu."
"Middle-drag","Przeciąganie środkowym"
"Drag pan","Przesuwanie przeciąganiem"
"Hold middle button and drag","Przytrzymaj środkowy przycisk i przeciągnij"
"Drags the ground under the cursor. Edge scroll pauses while you drag so the two never fight.","Ciągnie ziemię pod kursorem. Przewijanie przy krawędzi zamiera na czas przeciągania, żeby jedno nie walczyło z drugim."
"Wheel or %1","Kółko lub %1"
"Zoom","Przybliżenie"
"Mouse wheel, or %1","Kółko myszy lub %1"
"Moves the camera closer to and further from the battle.","Przysuwa kamerę do bitwy i odsuwa ją od niej."
"Rotate","Obrót"
"Swings the view around the point you are looking at. Hold Shift to swing further, or hold Alt and drag with the middle button.","Obraca widok wokół punktu, na który patrzysz. Przytrzymaj Shift, by obrócić dalej, albo przytrzymaj Alt i przeciągnij środkowym przyciskiem."
"Tilt","Pochylenie"
"Raises the camera towards an overhead view or lowers it towards the horizon. Hold Shift to tilt further.","Podnosi kamerę ku widokowi z góry albo opuszcza ją ku horyzontowi. Przytrzymaj Shift, by pochylić dalej."
"Click minimap","Kliknięcie minimapy"
"Minimap jump","Skok po minimapie"
"Click or drag the minimap","Kliknij lub przeciągnij minimapę"
"Left-click jumps the camera there; right-click sends the selection there.","Lewy przycisk przenosi tam kamerę; prawy wysyła tam zaznaczone jednostki."
"Top bar button","Przycisk na górnym pasku"
"Follow selection","Śledź zaznaczenie"
"Follow button, top bar","Przycisk śledzenia na górnym pasku"
"Keeps the camera on whatever you have selected until you switch it off.","Trzyma kamerę na tym, co masz zaznaczone, dopóki tego nie wyłączysz."
"Reset camera","Zresetuj kamerę"
"%1, or the Reset button in the top bar","%1 albo przycisk Resetuj na górnym pasku"
"Returns the view to your own camp, framed the way the battle opened.","Przywraca widok do twojego obozu, ustawiony tak jak na początku bitwy."
"Moving the camera","Poruszanie kamerą"
"Hide the camera legend","Ukryj legendę kamery"
"Camera settings","Ustawienia kamery"
"Aleria","Aleria"
"Ariminum","Ariminum"
"Capua","Kapua"
"Caralis","Caralis"
"Carthage","Kartagina"
"Carthage Core","Rdzeń Kartaginy"
"Carthaginian Iberia","Iberia kartagińska"
"Cirta","Cirta"
"Cisalpine Gaul","Galia Przedalpejska"
"Corsica","Korsyka"
"Emporiae","Emporiae"
"Etruria","Etruria"
"Iberian Interior","Wnętrze Iberii"
"Illyrian Coast","Wybrzeże iliryjskie"
"Illyrian Interior","Wnętrze Ilirii"
"Leptis","Leptis"
"Libya","Libia"
"Lilybaeum","Lilybaeum"
"Massalia","Massalia"
"Mediolanum","Mediolanum"
"New Carthage","Nowa Kartagina"
"Numantia","Numancja"
"Numidia","Numidia"
"Placentia","Placentia"
"Roman Core","Rdzeń rzymski"
"Rome","Rzym"
"Saguntum","Sagunt"
"Salona","Salona"
"Sardinia","Sardynia"
"Sicily","Sycylia"
"Southern Italy","Italia południowa"
"Syracuse","Syrakuzy"
"Tarentum","Tarent"
"Tarraco","Tarraco"
"Tingis","Tingis"
"Transalpine Gaul","Galia Zaalpejska"
"Veii","Weje"
"Campaign War Table • Mediterranean Theater","Stół wojenny kampanii • teatr śródziemnomorski"
"Campaign","Kampania"
"Campaign Chronicle •","Kronika kampanii •"
"← Back","← Wstecz"
"Campaign Chronicle","Kronika kampanii"
"Campaign Progress:","Postęp kampanii:"
"202 BC: recalled to Africa, Hannibal faces Scipio and Masinissa on the plain near Zama. The elephant lanes are prepared, the Roman camps are fortified, and the Iron Sepulcher no longer waits at the edge of history. Take all four camps and break both risings of the dead — nothing less ends this war.","202 p.n.e.: odwołany do Afryki Hannibal staje naprzeciw Scypiona i Masynissy na równinie pod Zamą. Korytarze dla słoni są przygotowane, obozy rzymskie ufortyfikowane, a Żelazny Grobowiec nie czeka już na skraju historii. Zdobądź wszystkie cztery obozy i złam oba powstania zmarłych — nic mniejszego nie zakończy tej wojny."
"215-212 BC: Capua and the Campanian allies sustain Hannibal while Rome avoids another Cannae and attacks roads, farms, and loyalties. Fortify the Punic supply quarter and break all three coordinated assaults — the quarter is not held until the last consular column lies dead in the streets.","215-212 p.n.e.: Kapua i sprzymierzeńcy z Kampanii żywią Hannibala, a Rzym unika drugich Kann i uderza w drogi, gospodarstwa i lojalność. Ufortyfikuj punicką dzielnicę zaopatrzeniową i złam wszystkie trzy zgrane natarcia — dzielnica nie jest utrzymana, dopóki ostatnia kolumna konsularna nie legnie na ulicach."
"216 BC: the consuls mass Rome's greatest field army beside the Aufidus. Yield the Punic center by design, win both cavalry wings, close the double envelopment, then take the principal camp, the reserve camp, and the allied camp across the river road.","216 p.n.e.: konsulowie gromadzą nad Aufidusem największą armię polową Rzymu. Ustąp punickim środkiem zgodnie z planem, wygraj oba skrzydła jazdy, zamknij podwójne okrążenie, a potem zdobądź obóz główny, obóz odwodowy i obóz sprzymierzeńców przy drodze za rzeką."
"217 BC: Flaminius pursues along the northern shore of Lake Trasimene. Mist closes the road between lake and wooded height — and it will not hold for long. Strike the length of the column and seize both field posts within twenty minutes, before the air clears and a cohort carries word out of the basin.","217 p.n.e.: Flaminiusz idzie w pościg wzdłuż północnego brzegu Jeziora Trazymeńskiego. Mgła zamyka drogę między jeziorem a zalesionym wzgórzem — i nie utrzyma się długo. Uderz na całą długość kolumny i zajmij oba posterunki polowe w ciągu dwudziestu minut, zanim powietrze się przejaśni i kohorta wyniesie wieść z kotliny."
"218 BC, winter: Sempronius Longus accepts the bait and drives his hungry army through the freezing Trebia. Hold the southern line and break all three crossings. You need not take his camp — you need only be standing when the river has finished with him.","218 p.n.e., zima: Semproniusz Longus łyka przynętę i pędzi swą głodną armię przez lodowatą Trebię. Utrzymaj południową linię i złam wszystkie trzy przeprawy. Nie musisz zdobywać jego obozu — musisz tylko stać, gdy rzeka skończy z nim swoje."
"218 BC: Hannibal turns from the Rhône into the Alps with soldiers, cavalry, baggage animals, and elephants. The pass cannot be taken by the sword alone — it must be paid for in timber, stone and iron. Set your builders to the slopes while the mountain peoples contest every switchback; do not follow the grave-lights into the snow.","218 p.n.e.: Hannibal skręca znad Rodanu w Alpy z piechotą, jazdą, jucznymi zwierzętami i słoniami. Przełęczy nie zdobędzie sam miecz — trzeba za nią zapłacić drewnem, kamieniem i żelazem. Poślij budowniczych na stoki, gdy górskie ludy bronią każdego zakrętu; nie idź za grobowymi światłami w śnieg."
"218 BC: near the Ticinus, Scipio's reconnaissance force tests Hannibal's cavalry. Win the mounted engagement, cut the bridge road, and overrun both Roman camps before their scouts carry a clean account back to the consul.","218 p.n.e.: nad Ticinusem siły rozpoznawcze Scypiona wystawiają na próbę jazdę Hannibala. Wygraj starcie konne, przetnij drogę mostową i rozbij oba obozy rzymskie, zanim ich zwiadowcy zaniosą konsulowi rzetelną relację."
"218 BC: the Rhône must be secured faster than Publius Cornelius Scipio can bring his army from Massalia. In this altered campaign, Roman advance posts hold the eastern approaches. Cross by ford, pontoon, or wooded detour and seize their river camps.","218 p.n.e.: Rodan trzeba opanować szybciej, niż Publiusz Korneliusz Scypion zdoła sprowadzić armię z Massalii. W tej odmienionej kampanii rzymskie posterunki przednie trzymają wschodnie podejścia. Przepraw się brodem, po pontonach albo leśnym obejściem i zajmij ich obozy nad rzeką."
"At dawn the market still stands and the consular roads are choked with Roman shields. Campania has bought the army another season, though every ally now understands how long Rome is willing to bleed.","O świcie targ wciąż stoi, a drogi konsularne są zapchane rzymskimi tarczami. Kampania kupiła armii kolejny sezon, choć każdy sprzymierzeniec rozumie już, jak długo Rzym gotów jest krwawić."
"Command Hannibal's Carthaginian army from the Alpine invasion of 218 BC to Zama in 202 BC. Break Roman camps, take fortified towns, preserve allied economies, and survive the Republic's answering legions while the Iron Sepulcher watches from roads older than either empire.","Dowodź armią kartagińską Hannibala od inwazji alpejskiej w 218 p.n.e. po Zamę w 202 p.n.e. Rozbijaj rzymskie obozy, zdobywaj ufortyfikowane miasta, chroń gospodarki sprzymierzeńców i przetrwaj odpowiedź legionów Republiki, gdy Żelazny Grobowiec patrzy z dróg starszych niż oba imperia."
"Flaminius and much of his army are lost beside the lake. Rome names Fabius dictator. In the drowned reeds, an Iron Sepulcher altar has fed well without choosing a side.","Flaminiusz i większość jego armii giną nad jeziorem. Rzym mianuje Fabiusza dyktatorem. W zatopionych trzcinach ołtarz Żelaznego Grobowca najadł się do syta, nie wybierając strony."
"The Barcid Road","Droga Barkidów"
"The Roman army is destroyed and the camps are taken, yet Rome refuses negotiation. So many dead lie on the plain that the Sepulcher's iron bells sound beneath the earth for seven nights.","Armia rzymska jest zniszczona, obozy zdobyte, a jednak Rzym odmawia rokowań. Na równinie leży tylu zabitych, że żelazne dzwony Grobowca biją pod ziemią przez siedem nocy."
"The Roman screen breaks and Scipio is carried from the field wounded. The Insubres see that Carthage can defeat Rome on Italian ground—but pale riders still haunt the abandoned ford.","Rzymska zasłona pęka, a rannego Scypiona wynoszą z pola. Insubrowie widzą, że Kartagina potrafi pokonać Rzym na italskiej ziemi — lecz przy opuszczonym brodzie wciąż straszą bladzi jeźdźcy."
"The column reaches the plain of the Po diminished but unbroken. Italy lies below, and fires answer from Gallic settlements. Behind you, the sealed shrine in the pass begins counting the dead.","Kolumna schodzi na równinę Padu przerzedzona, lecz niezłamana. Italia leży niżej, a z osad galijskich odpowiadają ogniska. Za tobą zapieczętowana kaplica na przełęczy zaczyna liczyć zmarłych."
"The ferries and supply road belong to Carthage. Scipio finds abandoned standards and cold cooking fires; Hannibal is already turning toward the mountains.","Promy i droga zaopatrzeniowa należą do Kartaginy. Scypion zastaje porzucone znaki i wystygłe ogniska; Hannibal już zwraca się ku górom."
"The last standards fall under an African sky. Rome and Carthage will remember the field differently; the Iron Sepulcher remembers only that both armies finally entered its reach.","Ostatnie znaki padają pod afrykańskim niebem. Rzym i Kartagina zapamiętają to pole inaczej; Żelazny Grobowiec pamięta tylko tyle, że obie armie w końcu weszły w jego zasięg."
"The survivors flee toward Placentia through sleet and mud. Roman tents, grain, and weapons are captured; bodies beneath the ice rise only when nobody is watching.","Ocaleni uciekają ku Placentii przez deszcz ze śniegiem i błoto. Rzymskie namioty, zboże i broń zostają zdobyte; ciała pod lodem podnoszą się tylko wtedy, gdy nikt nie patrzy."
"Not enough wood, stone, or iron to recruit this unit.","Za mało drewna, kamienia lub żelaza, by rekrutować tę jednostkę."
"Click to dismiss","Kliknij, aby zamknąć"
"Their commander is dead. The host breaks and its camps stand empty.","Ich dowódca nie żyje. Zastęp pierzcha, a jego obozy stoją puste."
"%1 has lost its commander. The host breaks and its camps stand empty.","%1 stracił dowódcę. Zastęp pierzcha, a jego obozy stoją puste."
"Quintus Fabius Maximus","Kwintus Fabiusz Maksymus"
"Rome's delaying strategist who preserves armies through discipline and staying power.","Rzymski strateg zwłoki, który ocala armie dyscypliną i wytrwałością."
"A campaign and scenario commander; never produced from a barracks.","Dowódca kampanii i scenariuszy; nigdy nie powstaje w koszarach."
"Heavy spear commander who anchors a disciplined battle line.","Dowódca ciężkiej włóczni, który spina zdyscyplinowaną linię bojową."
"Boosts nearby troop endurance and slows collapse in grind fights.","Zwiększa wytrzymałość pobliskich oddziałów i spowalnia załamanie w walkach na wyniszczenie."
"Lower offensive pressure and weaker pursuit potential.","Mniejszy napór ofensywny i słabszy potencjał pościgu."
"Fabian Endurance keeps nearby cohorts in line for prolonged fighting.","Fabiańska Wytrwałość utrzymuje pobliskie kohorty w szyku podczas długiej walki."
"Nearby allied spearmen regenerate health fastest inside the aura.","Pobliscy sojuszniczy włócznicy najszybciej odzyskują zdrowie w zasięgu aury."
"Rally of Patience stabilizes wavering lines during attritional combat.","Zbiórka Cierpliwości stabilizuje chwiejące się linie w walce na wyniszczenie."
"If killed or wounded, nearby allies lose confidence and the aura shuts off.","Gdy zginie lub odniesie rany, pobliscy sojusznicy tracą pewność, a aura gaśnie."
"Bracing Thrust","Podparte pchnięcie"
"Publius Cornelius Scipio","Publiusz Korneliusz Scypion"
"Aggressive Roman consul focused on decisive strikes and tactical initiative.","Zaczepny konsul rzymski nastawiony na rozstrzygające uderzenia i inicjatywę taktyczną."
"Sword-and-shield infantry commander who leads close behind the main assault line.","Dowódca piechoty z mieczem i tarczą, który idzie tuż za główną linią natarcia."
"Improves nearby offensive output and enables sharper counter-pushes.","Zwiększa siłę ognia pobliskich oddziałów i umożliwia ostrzejsze kontrnatarcia."
"More vulnerable if isolated away from supporting infantry.","Bardziej narażony, gdy odetnie się go od wspierającej piechoty."
"Consular Assault boosts nearby legion attack tempo.","Szturm Konsularny przyspiesza tempo ataku pobliskiego legionu."
"Nearby allied swordsmen gain the most bonus damage in aura range.","Pobliscy sojuszniczy miecznicy zyskują w zasięgu aury najwięcej dodatkowych obrażeń."
"Consular Rally rapidly restores morale to wavering assault cohorts.","Zbiórka Konsularna szybko przywraca morale chwiejącym się kohortom szturmowym."
"Death of the consul causes a severe morale shock to nearby Romans.","Śmierć konsula wywołuje ciężki wstrząs morale u pobliskich Rzymian."
"Consular Riposte","Riposta konsularna"
"Marcus Claudius Marcellus","Marek Klaudiusz Marcellus"
"Roman field commander known for fast shock actions and relentless pressure.","Rzymski dowódca polowy znany z szybkich uderzeń i nieustępliwego naporu."
"Lightly armored bow commander who supports aggressive vanguard action.","Lekko opancerzony dowódca łuczników, który wspiera zaczepne działania straży przedniej."
"Raises maneuver speed for nearby troops, enabling faster local redeployment.","Podnosi szybkość manewru pobliskich oddziałów, ułatwiając szybkie przegrupowania."
"Lower staying power than other Roman commanders.","Mniejsza odporność niż u innych rzymskich dowódców."
"Vanguard Tempo accelerates nearby infantry movement and line repositioning.","Tempo Straży Przedniej przyspiesza ruch pobliskiej piechoty i przestawianie linii."
"Nearby allied archers move fastest while in aura range.","Pobliscy sojuszniczy łucznicy poruszają się najszybciej w zasięgu aury."
"Vanguard Rally snaps wavering attackers back into coherent motion.","Zbiórka Straży Przedniej z powrotem wprowadza chwiejących się napastników w zwarty ruch."
"If Marcellus falls, nearby attackers suffer immediate morale drop.","Gdy Marcellus padnie, pobliscy napastnicy natychmiast tracą morale."
"Point-blank Volley","Salwa z bliska"
"Hanno the Great","Hannon Wielki"
"Carthaginian phalanx commander who holds ground with hired spear levies.","Kartagiński dowódca falangi, który trzyma teren najemnym pospolitym ruszeniem włóczników."
"Bronze-spear commander coordinating disciplined mercenary infantry.","Dowódca spiżowej włóczni, który zgrywa zdyscyplinowaną piechotę najemną."
"Keeps a braced spear line standing far longer than it should.","Utrzymuje podpartą linię włóczni na nogach o wiele dłużej, niż powinna wytrzymać."
"Mediocre direct combat impact and risky if exposed.","Przeciętny wpływ na walkę wręcz i ryzykowny, gdy się odsłoni."
"Contract Discipline knits nearby spear levies into an unbroken hedge.","Kontraktowa Dyscyplina zbija pobliskie oddziały włóczników w nieprzerwany żywopłot."
"Nearby allied spearmen recover health fastest inside the aura.","Pobliscy sojuszniczy włócznicy najszybciej odzyskują zdrowie w zasięgu aury."
"Treasury Rally restores wavering troops and keeps formations from breaking.","Zbiórka Skarbca podnosi chwiejące się oddziały i nie pozwala szykom pęknąć."
"Death triggers contract panic, reducing confidence in nearby troops.","Jego śmierć wywołuje kontraktową panikę, obniżając pewność pobliskich oddziałów."
"Phalanx Sweep","Zamiatanie falangi"
"Hasdrubal Barca","Hazdrubal Barkas"
"Mobile Carthaginian field commander built around decisive flanking momentum.","Ruchliwy kartagiński dowódca polowy zbudowany wokół rozstrzygającego rozpędu na skrzydle."
"Fast bow commander built around flanking pressure and withdrawal.","Szybki dowódca łuczników nastawiony na napór ze skrzydła i odskok."
"Increases nearby unit speed for coordinated flanks and withdrawals.","Zwiększa szybkość pobliskich jednostek dla zgranych oskrzydleń i odwrotów."
"Less resilient in prolonged frontal attrition.","Mniej odporny w długiej walce czołowej na wyniszczenie."
"Barcid Maneuver grants nearby troops superior movement control.","Manewr Barkidów daje pobliskim oddziałom lepszą kontrolę ruchu."
"Nearby allied archers gain the most movement speed in aura range.","Pobliscy sojuszniczy łucznicy zyskują w zasięgu aury najwięcej szybkości."
"Flank Rally rapidly restores wavering units preparing to maneuver.","Zbiórka Skrzydłowa szybko podnosi chwiejące się jednostki szykujące się do manewru."
"Loss of Hasdrubal sharply drops morale among nearby mobile forces.","Utrata Hazdrubala gwałtownie obniża morale pobliskich sił ruchomych."
"Hunting Shot","Strzał myśliwski"
"Hannibal Barca","Hannibal Barkas"
"Carthage's premier battlefield commander from the Hannibal campaign.","Główny dowódca polowy Kartaginy z kampanii Hannibala."
"Elite sword commander with an iconic standard and sacred-band armor.","Elitarny dowódca miecza z rozpoznawalnym znakiem i zbroją świętego zastępu."
"Delivers a strong nearby attack bonus and elite crisis rally response.","Daje silną premię do ataku w pobliżu i elitarną zbiórkę w chwili kryzysu."
"High-value target; losing him causes severe local collapse.","Cel wysokiej wartości; jego utrata powoduje ciężkie miejscowe załamanie."
"Hannibalic Offensive amplifies nearby attack power before decisive engagements.","Ofensywa Hannibalska wzmacnia siłę ataku w pobliżu przed rozstrzygającym starciem."
"Nearby allied swordsmen gain substantial attack damage in aura range.","Pobliscy sojuszniczy miecznicy zyskują w zasięgu aury znaczne obrażenia ataku."
"Supreme Rally restores routing or wavering units to fighting order.","Zbiórka Najwyższa przywraca uciekające lub chwiejące się jednostki do porządku bojowego."
"If Hannibal is killed or wounded, nearby allied morale takes a heavy shock and aura ends.","Gdy Hannibal zginie lub odniesie rany, morale pobliskich sojuszników mocno leci w dół, a aura gaśnie."
"Encircling Cut","Cięcie okrążające"
"Iron and Ember","Żelazo i żar"
"Scale %1×  ·  %2  ·  colour vision: %3","Skala %1×  ·  %2  ·  widzenie barw: %3"
"reduced motion","ograniczony ruch"
"full motion","pełny ruch"
"Typefaces","Kroje pisma"
"Display: the quick brown fox","Nagłówkowy: zażółć gęślą jaźń"
"Body: the quick brown fox jumps over the lazy dog","Tekstowy: pchnąć w tę łódź jeża lub ośm skrzyń fig"
"Buttons","Przyciski"
"Primary","Główny"
"Secondary","Drugorzędny"
"Destructive","Niszczący"
"Disabled","Wyłączony"
"Unavailable in this state","Niedostępne w tym stanie"
"Search","Szukaj"
"Selected","Zaznaczony"
"Orders","Rozkazy"
"Attack","Atakuj"
"Guard","Strzeż"
"Anchor troops to a spot. They step out to meet what comes near, then walk back.","Zakotwicz oddziały w punkcie. Wychodzą naprzeciw temu, co się zbliży, i wracają."
"Holding a spot","Trzyma punkt"
"Reach","Zasięg"
"They fight what comes within 10 m of that spot, and drop a target that leaves it.","Biją się z tym, co wejdzie w 10 m od punktu, i porzucają cel, który go opuści."
"Release","Zwolnij"
"Press Guard again, or order a move or attack.","Naciśnij Strzeż ponownie albo wydaj rozkaz ruchu lub ataku."
"Patrol","Patroluj"
"Rally","Zbiórka"
"Build","Buduj"
"Build is only available to builders","Budowanie jest dostępne tylko dla budowniczych"
"Unit activities","Zajęcia jednostek"
"Faction skins","Skórki frakcji"
"Selection","Zaznaczenie"
"Roman Spearmen ×24","Włócznicy rzymscy ×24"
"Defense formation","Szyk obronny"
"In the field","W polu"
"A collapsible block of detail. The unit panel stacks one per topic.","Zwijany blok szczegółów. Panel jednostki układa po jednym na temat."
"Spearmen","Włócznicy"
"Archers","Łucznicy"
"Inputs","Pola wprowadzania"
"Balanced","Zrównoważony"
"Aggressive","Agresywny"
"Defensive","Obronny"
"Reduced motion","Ograniczony ruch"
"Collapses transitions to an instant state change","Zwija przejścia do natychmiastowej zmiany stanu"
"Objectives","Cele"
"Capture the eastern barracks","Zdobądź wschodnie koszary"
"Hold the ford until dusk","Utrzymaj bród do zmierzchu"
"Do not lose the commander","Nie strać dowódcy"
"Take no losses","Nie ponieś strat"
"Notification priorities","Priorytety powiadomień"
"Commander under attack","Dowódca atakowany"
"Eastern approach, 3 hostiles","Wschodnie podejście, 3 wrogów"
"Barracks destroyed","Koszary zniszczone"
"Spearmen ready","Włócznicy gotowi"
"Supply route restored","Szlak zaopatrzenia przywrócony"
"Press a key or click a mouse button. Backspace clears it, Esc cancels.","Naciśnij klawisz lub kliknij przycisk myszy. Backspace czyści, Esc anuluje."
"Select a command to rebind it. Each one takes two keys, so the camera can answer to the arrows and to WASD at once.","Wybierz polecenie, aby zmienić jego przypisanie. Każde przyjmuje dwa klawisze, więc kamera może słuchać naraz strzałek i WASD."
"Reset all","Przywróć wszystkie"
"Every binding is already at its default.","Wszystkie przypisania są już domyślne."
"%1 is already used by %2.","%1 jest już używane przez %2."
"Use it here anyway","Użyj tutaj mimo to"
"Keep as it is","Zostaw bez zmian"
"Taking it leaves the other command unbound.","Zabranie go zostawi tamto polecenie bez przypisania."
"Conflicts with %1","Konflikt z %1"
"Press a key…","Naciśnij klawisz…"
"Unbound","Nieprzypisane"
"Add a second key for %1","Dodaj drugi klawisz dla %1"
"Second key for %1","Drugi klawisz dla %1"
"Default","Domyślne"
"This binding is already the default.","To przypisanie jest już domyślne."
"The cursed vein is yours. It bleeds gold - and the men who guard it.","Przeklęta żyła jest twoja. Broczy złotem — i ludźmi, którzy jej strzegą."
"Enemy target","Cel wrogi"
"Cannot attack ally","Nie można zaatakować sojusznika"
"Cannot attack this target","Nie można zaatakować tego celu"
"Selection cannot attack","Zaznaczone jednostki nie mogą atakować"
"In range","W zasięgu"
"Too close","Za blisko"
"Out of range","Poza zasięgiem"
"No firing line","Brak linii strzału"
"Collect","Zbieraj"
"Deliver civilians","Odstaw cywilów"
"Repair","Napraw"
"Harvest grain","Zbierz zboże"
"Slaughter sheep","Ubij owcę"
"Hide these prompts","Ukryj te podpowiedzi"
"How it works","Jak to działa"
"Gold","Złoto"
"Food","Żywność"
"Wood","Drewno"
"Stone","Kamień"
"Iron","Żelazo"
"Comes from your starting treasury, mission rewards, and selling goods at a marketplace.","Pochodzi ze skarbca początkowego, nagród za misje i sprzedaży towarów na targowisku."
"Send a builder to reap a ripe farm or slaughter a sheep with Collect, or leave Auto Gather running. Recruiting a civilian at a home spends it.","Wyślij budowniczego, by rozkazem Zbieraj zżął dojrzałe pole albo ubił owcę, lub zostaw włączone auto-zbieranie. Rekrutacja cywila w domu ją zużywa."
"Send a builder to chop a tree with Collect, or leave Auto Gather running.","Wyślij budowniczego, by rozkazem Zbieraj ściął drzewo, lub zostaw włączone auto-zbieranie."
"Send a builder to a boulder with Collect, or leave Auto Gather running.","Wyślij budowniczego rozkazem Zbieraj do głazu lub zostaw włączone auto-zbieranie."
"Send a builder to an iron ore deposit with Collect, or leave Auto Gather running.","Wyślij budowniczego rozkazem Zbieraj do złoża rudy żelaza lub zostaw włączone auto-zbieranie."
"Home","Dom"
"Farm","Farma"
"Barracks","Koszary"
"Defense Tower","Wieża obronna"
"Marketplace","Targowisko"
"Temple","Świątynia"
"Wall Segment","Odcinek muru"
"Wall Gate","Brama w murze"
"Catapult","Katapulta"
"Ballista","Balista"
"Archer","Łucznik"
"Swordsman","Miecznik"
"Spearman","Włócznik"
"Horse Swordsman","Miecznik konny"
"Horse Archer","Łucznik konny"
"Horse Spearman","Włócznik konny"
"Healer","Uzdrowiciel"
"Builder","Budowniczy"
"Civilian","Cywil"
"Elephant","Słoń"
"Raises civilians, who carry reserve to the nearest barracks. Each one costs food.","Wychowuje cywilów, którzy niosą rezerwę do najbliższych koszar. Każdy kosztuje żywność."
"Grows grain in cycles. A builder reaps it for food once it ripens.","Uprawia zboże w cyklach. Gdy dojrzeje, budowniczy zżyna je na żywność."
"Recruits troops and receives everything your builders gather.","Rekrutuje wojsko i przyjmuje wszystko, co zbiorą twoi budowniczowie."
"Shoots at enemies that come near it.","Strzela do wrogów, którzy podejdą blisko."
"Buys and sells resources for gold.","Kupuje i sprzedaje surowce za złoto."
"Watches over a wide stretch of ground, holds a settlement together, and takes in healers.","Czuwa nad szerokim pasem terenu, spaja osadę i przyjmuje uzdrowicieli."
"Blocks enemy movement.","Blokuje ruch wroga."
"Opens for your troops and allies, shut to everyone else.","Otwiera się przed twoimi oddziałami i sojusznikami, zamknięta dla reszty."
"Long-range siege engine, best against structures.","Machina oblężnicza dalekiego zasięgu, najlepsza przeciw budowlom."
"Precise siege engine, best against units.","Celna machina oblężnicza, najlepsza przeciw jednostkom."
", and %1 more",", i %1 więcej"
"%1 %2","%1 %2"
"No resource cost","Bez kosztu surowcowego"
"%1 more %2","jeszcze %1 %2"
"Nobody is gathering it right now.","Nikt tego teraz nie zbiera."
"Builders gathering it: %1","Budowniczowie przy zbiórce: %1"
"%1 being hauled to a barracks","%1 w drodze do koszar"
"Held in your treasury; no storage limit.","Trzymane w skarbcu; bez limitu magazynu."
"Hauled to a barracks yard before it is credited. The yard looks full at %1.","Zwożone na dziedziniec koszar, zanim zostanie zapisane. Dziedziniec wygląda na pełny przy %1."
"Short %1 for a %2.","Brakuje %1 na %2."
"%1 in store: %2","%1 w zapasie: %2"
"Spent on: %1","Wydawane na: %1"
"Step 1 — Gather","Krok 1 — Zbieraj"
"Step 2 — Build","Krok 2 — Buduj"
"Step 3 — Recruit","Krok 3 — Rekrutuj"
"Step 4 — Keep an army","Krok 4 — Utrzymaj armię"
"Your settlement runs itself","Twoja osada działa sama"
"Recruit a builder at a barracks, then send it to collect wood, stone or iron.","Zrekrutuj budowniczego w koszarach, a potem wyślij go po drewno, kamień lub żelazo."
"Select a builder, press Collect, and click a tree, boulder, ore deposit, ripe farm or sheep. It hauls the load to a barracks yard, then goes back for more.","Zaznacz budowniczego, naciśnij Zbieraj i kliknij drzewo, głaz, złoże rudy, dojrzałe pole albo owcę. Zawiezie ładunek na dziedziniec koszar i wróci po następny."
"With a builder selected, press Build and place a Home to raise your reserve, or a Barracks to recruit from.","Mając zaznaczonego budowniczego, naciśnij Buduj i postaw Dom, by podnieść rezerwę, albo Koszary, by z nich rekrutować."
"Select a barracks and recruit troops. Each one costs reserve and resources, both shown on its card.","Zaznacz koszary i rekrutuj wojsko. Każda jednostka kosztuje rezerwę i surowce — jedno i drugie widnieje na jej karcie."
"Keep recruiting while your builders gather. Raise Homes and Farms when reserve or food runs out.","Rekrutuj dalej, gdy twoi budowniczowie zbierają. Gdy skończy się rezerwa lub żywność, stawiaj Domy i Farmy."
"Gathering, building and recruiting are all under way.","Zbieranie, budowanie i rekrutacja idą pełną parą."
"You have no builders. Recruit one at a barracks before you can gather or build.","Nie masz budowniczych. Zrekrutuj jednego w koszarach, zanim zaczniesz zbierać lub budować."
"Builders: %1 (%2 idle). Placing a structure sends every selected builder to the site.","Budowniczowie: %1 (bezczynni: %2). Postawienie budowli wysyła na plac wszystkich zaznaczonych budowniczych."
"Recruiting draws on the reserve held by each barracks.","Rekrutacja czerpie z rezerwy trzymanej przez każde koszary."
"Manpower %1 / %2. A Home raises civilians for %3 food each; walking a civilian into a barracks adds %4 reserve. Farms ripen every %5s and sheep yield %6 food.","Zapas ludzi %1 / %2. Dom wychowuje cywilów po %3 żywności każdy; wprowadzenie cywila do koszar dodaje %4 rezerwy. Farmy dojrzewają co %5 s, a owce dają %6 żywności."
"Needs a home","Potrzebny dom"
"Needs a barracks","Potrzebne koszary"
"Needs a builder","Potrzebny budowniczy"
"Not enough reserve at the barracks","Za mało rezerwy w koszarach"
"Manpower limit reached","Osiągnięto limit ludzi"
"Missing %1","Brakuje: %1"
"Economy guide","Przewodnik po gospodarce"
"Resources and Building","Surowce i budowanie"
"Close the economy guide","Zamknij przewodnik po gospodarce"
"Gather with builders, spend what they bring on structures, recruit from a barracks, and keep both running.","Zbieraj budowniczymi, wydawaj to, co przyniosą, na budowle, rekrutuj w koszarach i pilnuj, by jedno i drugie szło bez przerwy."
"WHAT EACH RESOURCE IS FOR","DO CZEGO SŁUŻY KAŻDY SUROWIEC"
"Spent on: %1","Wydawane na: %1"
"WHAT A BUILDER CAN RAISE","CO MOŻE WZNIEŚĆ BUDOWNICZY"
"%1 — %2 · %3s","%1 — %2 · %3 s"
"WHAT A BARRACKS CAN RECRUIT","KOGO MOGĄ REKRUTOWAĆ KOSZARY"
"%1 — %2 reserve, %3 · %4s","%1 — %2 rezerwy, %3 · %4 s"
"Back to the battle","Wróć do bitwy"
"Standard","Standardowy"
"Iron and Ember","Żelazo i żar"
"Roman Republic","Republika Rzymska"
"Senatus Populusque Romanus","Senatus Populusque Romanus"
"Carthage","Kartagina"
"Qart-Ḥadašt","Qart-Ḥadašt"
"Iron Sepulcher","Żelazny Grobowiec"
"The watch does not sleep","Straż nie śpi"
"POP","LUDNOŚĆ"
"Barracks","Koszary"
"Defense tower","Wieża obronna"
"Home","Dom"
"Wall","Mur"
"Gate","Brama"
"Marketplace","Targowisko"
"Temple","Świątynia"
"Farm","Farma"
"No units selected.","Nie zaznaczono jednostek."
"No units eligible for formation placement.","Żadna jednostka nie nadaje się do ustawienia w szyku."
"This doctrine has no template for the chosen formation.","Ta doktryna nie ma wzoru dla wybranego szyku."
"No part of this formation fits on the chosen ground.","Żadna część tego szyku nie mieści się na wybranym terenie."
"Faction Default","Domyślny dla frakcji"
"Line","Linia"
"Column","Kolumna"
"Defensive","Obronny"
"Assault","Szturm"
"Encirclement","Okrążenie"
"Siege Escort","Osłona machin"
"Reforming","Przeformowanie"
"Formed","Uformowany"
"Disrupted","Rozbity"
"Opening","Rozwijanie"
"Traversing","Przemarsz"
"Arrived","Na miejscu"
"Neutral","Neutralny"
"Roman Republic","Republika Rzymska"
"Requires at least one siege engine in the selection.","Wymaga co najmniej jednej machiny oblężniczej w zaznaczeniu."
"Requires cavalry or mounted troops to close the encirclement.","Do zamknięcia okrążenia potrzebna jest jazda lub oddziały konne."
"Carthage","Kartagina"
"The Iron Sepulcher","Żelazny Grobowiec"
"%1 has no template for this intent.","%1 nie ma wzoru dla tego zamiaru."
"The selection lacks the troop types this formation needs.","W zaznaczeniu brakuje rodzajów wojsk, których wymaga ten szyk."
"Encirclement needs at least three units.","Okrążenie wymaga co najmniej trzech jednostek."
"%1°","%1°"
"Drag to face the unit · Release to move it","Przeciągnij, by obrócić jednostkę · Puść, by ją przesunąć"
"Wheel to turn · Esc to cancel","Kółko obraca · Esc anuluje"
"Drag to face the formation · Release to deploy","Przeciągnij, by obrócić szyk · Puść, by go rozstawić"
"Wheel to turn · Ctrl+wheel for depth · Esc to cancel","Kółko obraca · Ctrl+kółko zmienia głębokość · Esc anuluje"
"Drag on the ground to set facing · Click to move","Przeciągnij po ziemi, by ustawić kierunek · Kliknij, by przesunąć"
"Wheel to turn · Right-click or Esc to cancel","Kółko obraca · Prawy przycisk lub Esc anuluje"
"Drag on the ground to set width and facing.","Przeciągnij po ziemi, by ustawić szerokość i kierunek."
"Click to deploy · Wheel to turn · Ctrl+wheel for depth · Right-click or Esc to cancel","Kliknij, by rozstawić · Kółko obraca · Ctrl+kółko zmienia głębokość · Prawy przycisk lub Esc anuluje"
"The deployment this faction fights in by default. No setup needed.","Szyk, w którym ta frakcja walczy domyślnie. Nic nie trzeba ustawiać."
"Widest frontage. Best for meeting an advance head on.","Najszerszy front. Najlepszy do przyjęcia natarcia od czoła."
"Narrow and deep. Best for moving through gates and passes.","Wąska i głęboka. Najlepsza do przechodzenia przez bramy i przełęcze."
"Compressed frontage with reserves. Best for holding ground.","Ściśnięty front z odwodami. Najlepszy do utrzymania terenu."
"Weighted front with skirmishers ahead. Best for breaking a line.","Wzmocnione czoło z harcownikami przed nim. Najlepsze do przełamania linii."
"Wide flanks that close around a target. Needs cavalry.","Szerokie skrzydła, które zamykają się wokół celu. Wymaga jazdy."
"Engines protected behind infantry. Needs a siege engine.","Machiny osłonięte za piechotą. Wymaga machiny oblężniczej."
"%1 m","%1 m"
"Position %1","Pozycja %1"
"Position unit","Ustaw jednostkę"
"Choose a formation","Wybierz szyk"
"%1 · %2 units","%1 · jednostki: %2"
"Shape","Kształt"
"%1 × %2","%1 × %2"
"Frontage","Szerokość frontu"
"Depth","Głębokość"
"Facing","Kierunek"
"Facing (auto)","Kierunek (auto)"
"In place","Na miejscu"
"%1 position(s) nudged to fit the ground.","Pozycje przesunięte, by zmieściły się na terenie: %1."
"Hide fine tuning","Ukryj dostrajanie"
"Fine tuning","Dostrajanie"
"How wide the deployment spreads before it starts adding ranks behind.","Jak szeroko rozciąga się szyk, zanim zacznie dokładać szeregi z tyłu."
"Narrow","Wąsko"
"Balanced","Zrównoważony"
"Wide","Szeroko"
"How many ranks stand behind the front. Deeper hits harder but covers less ground.","Ile szeregów stoi za czołem. Głębszy uderza mocniej, ale zajmuje mniej terenu."
"Shallow","Płytko"
"Deep","Głęboko"
"The gap between units. Tight holds shape better; loose loses less to area attacks.","Odstęp między jednostkami. Ciasny lepiej trzyma kształt; luźny mniej traci od ataków obszarowych."
"Spacing","Odstęp"
"Tight","Ciasno"
"Normal","Zwykły"
"Loose","Luźno"
"Which wing the cavalry weights. Split puts an equal body on each wing.","Na którym skrzydle stoi jazda. Podział daje równy oddział na każde skrzydło."
"Cavalry wing","Skrzydło jazdy"
"Left","Lewe"
"Right","Prawe"
"Split","Podziel"
"Where archers and slingers stand. Skirmish sends them out ahead and pulls them back on contact.","Gdzie stoją łucznicy i procarze. Harce wysyłają ich przodem i cofają przy kontakcie."
"Missile troops","Wojska strzelcze"
"In front","Z przodu"
"Behind","Z tyłu"
"Skirmish ahead","Harce przodem"
"Rows held back from the fighting line to plug gaps.","Szeregi wstrzymane za linią walki, by zatykać wyrwy."
"Reserve rows","Szeregi odwodu"
"Doctrine decides","Decyduje doktryna"
"None","Brak"
"One row","Jeden szereg"
"Two rows","Dwa szeregi"
"Reform is faster and copes with chokepoints. Maintain keeps the shape on the march but moves slower.","Przeformowanie jest szybsze i radzi sobie z wąskimi gardłami. Utrzymanie zachowuje kształt w marszu, ale idzie wolniej."
"On the march","W marszu"
"Reform on arrival","Przeformuj po dojściu"
"Hold the shape","Zachowaj kształt"
"How a selection drawn from several factions is arranged.","Jak układa się zaznaczenie złożone z kilku frakcji."
"Mixed armies","Armie mieszane"
"By role","Według roli"
"Separate contingents","Osobne kontyngenty"
"Follow the commander","Za dowódcą"
"Follow the majority","Za większością"
"Sorting groups the same troop types together. Keeping the order leaves each unit where it already stands in the line.","Sortowanie grupuje te same rodzaje wojsk razem. Zachowanie kolejności zostawia każdą jednostkę tam, gdzie już stoi w linii."
"Slot order","Kolejność miejsc"
"Sort by type","Sortuj według typu"
"Keep current order","Zachowaj obecną kolejność"
"Which drill book shapes the deployment. Automatic follows the troops you selected.","Który regulamin kształtuje rozstawienie. Automatyczny idzie za zaznaczonymi wojskami."
"Doctrine","Doktryna"
"Reset to faction default","Przywróć domyślny dla frakcji"
"Formed","Uformowany"
"In position","Na pozycji"
"Disrupted","Rozbity"
"Opening ranks","Rozwiera szeregi"
"Filing through","Przechodzi gęsiego"
"Forming up","Formuje się"
"The line is holding its shape and takes reduced damage.","Linia trzyma kształt i przyjmuje mniej obrażeń."
"The line has reached its ground and is holding it.","Linia doszła na swój teren i go trzyma."
"The line has come apart and is taking extra damage. Re-issue the formation order to reform.","Linia się rozpadła i przyjmuje dodatkowe obrażenia. Wydaj rozkaz szyku ponownie, by ją przeformować."
"The ranks are opening to let the line through.","Szeregi rozwierają się, by przepuścić linię."
"The line is filing through a narrow crossing.","Linia przechodzi przez wąską przeprawę."
"Units are still moving into their slots.","Jednostki wciąż zajmują swoje miejsca."
"Formation","Szyk"
"Hide this readout","Ukryj ten odczyt"
"Cohesion %1%","Spójność %1%"
"%1 units","jednostki: %1"
"Selection spans several formations.","Zaznaczenie obejmuje kilka szyków."
"%1 slot(s) blocked by terrain.","Miejsca zablokowane przez teren: %1."
"Standard of Iron — Iron and Ember Gallery","Standard of Iron — galeria Żelaza i Żaru"
"Scale","Skala"
"Reduce motion","Ogranicz ruch"
"High contrast","Wysoki kontrast"
"Reset","Resetuj"
"Iron and Ember — every control the product may use","Żelazo i żar — każdy element sterowania, jakiego produkt może użyć"
"Cannot save: empty slot name","Nie można zapisać: pusta nazwa slotu"
"Save service is shutting down","Usługa zapisu jest zamykana"
"Queued","W kolejce"
"Serializing world","Serializowanie świata"
"Compressing","Kompresja"
"Writing","Zapisywanie"
"Exception while saving: %1","Wyjątek podczas zapisu: %1"
"Save cancelled","Zapis anulowany"
"Done","Gotowe"
"Save storage unavailable","Magazyn zapisów niedostępny"
"Save slot '%1' is corrupted: %2","Slot zapisu „%1” jest uszkodzony: %2"
"Exception while loading save '%1': %2","Wyjątek podczas wczytywania zapisu „%1”: %2"
"Cannot write '%1': %2","Nie można zapisać „%1”: %2"
"Failed to write '%1': %2","Zapis „%1” nie powiódł się: %2"
"Cannot read '%1': %2","Nie można odczytać „%1”: %2"
"Our ally %1 has been defeated.","Nasz sojusznik %1 został pokonany."
"%1 has been defeated.","%1 został pokonany."
"Our ally %1 is finished - %2 has fallen.","Z naszym sojusznikiem %1 koniec — %2 padł."
"%1 is finished - %2 has fallen.","Z %1 koniec — %2 padł."
"Cannot play replay: %1","Nie można odtworzyć powtórki: %1"
"Cannot play replay: unknown launch kind '%1'","Nie można odtworzyć powtórki: nieznany rodzaj uruchomienia „%1”"
"Cannot start skirmish: renderer not initialized","Nie można rozpocząć potyczki: renderer nie został zainicjowany"
"Save: not initialized","Zapis: nie zainicjowano"
"A save is already in progress","Zapis już trwa"
"Queued","W kolejce"
"Cancelling...","Anulowanie..."
"Load: not initialized","Wczytywanie: nie zainicjowano"
"Manpower limit reached.","Osiągnięto limit ludzi."
"Not enough reserve — build a home to raise more families.","Za mało rezerwy — zbuduj dom, by przybyło rodzin."
"%1/%2 walls  •  %3 wood","mury %1/%2  •  drewno %3"
"Low","Niska"
"Medium","Średnia"
"High","Wysoka"
"Ultra","Ultra"
"Playable on weak hardware: no cast shadows or post-processing, sparse grass, reduced detail beyond a few metres.","Grywalne na słabym sprzęcie: bez rzucanych cieni i efektów końcowych, rzadka trawa, mniej szczegółów dalej niż kilka metrów."
"Small cast shadows, lighter shaders, reduced detail at distance. For integrated graphics.","Małe rzucane cienie, lżejsze shadery, mniej szczegółów w oddali. Dla grafiki zintegrowanej."
"Everything as designed: full detail everywhere, full shadows and post-processing. Recommended.","Wszystko tak, jak zaprojektowano: pełne szczegóły wszędzie, pełne cienie i efekty końcowe. Zalecane."
"High plus contact-hardening shadows, foliage translucency, extra terrain detail and 8x anti-aliasing. Needs a strong GPU.","Wysoka plus cienie twardniejące przy kontakcie, prześwitujące liście, dodatkowe szczegóły terenu i wygładzanie 8x. Wymaga mocnej karty graficznej."
"%1 FPS","%1 kl./s"
"%1 m","%1 m"
"%1s","%1 s"
"Give it","Wydanie"
"Press Guard, then click the ground to hold. Right-click cancels.","Naciśnij Strzeż, a potem kliknij ziemię, której mają pilnować. Prawy przycisk anuluje."
"Reach","Zasięg"
"They fight what comes within %1 of that spot, and drop a target that leaves it.","Biją się z tym, co wejdzie w %1 od punktu, i porzucają cel, który go opuści."
"After","Potem"
"They walk back to the spot when the fight ends.","Po walce wracają na swój punkt."
"Release","Zwolnij"
"Press Guard again, or order a move or attack. Stop does not lift it.","Naciśnij Strzeż ponownie albo wydaj rozkaz ruchu lub ataku. Stój tego nie zdejmuje."
"Troops","Oddziały"
"Any soldier, and the commander.","Każdy żołnierz oraz dowódca."
"vs Hold","a Trzymaj"
"Guards step out to meet the enemy; Hold never moves.","Strzegący wychodzą naprzeciw wrogowi; Trzymaj nigdy nie rusza się z miejsca."
"Press Hold. There is nothing to click.","Naciśnij Trzymaj. Nie ma w co klikać."
"Stance","Postawa"
"They kneel, strike whatever reaches them, and never pursue.","Klękają, biją to, co do nich dojdzie, i nigdy nie ruszają w pościg."
"Dug in","Okopani"
"Archers reach %1% further and spearmen %2%; both hit %3% harder, take %4% more punishment, and braced spears break a charge.","Łucznicy sięgają o %1% dalej, a włócznicy o %2%; jedni i drudzy biją o %3% mocniej, wytrzymują o %4% więcej, a podparte włócznie łamią szarżę."
"Press Hold again, or order a move, attack or Stop. Standing up takes a moment.","Naciśnij Trzymaj ponownie albo wydaj rozkaz ruchu, ataku lub Stój. Powstanie zajmuje chwilę."
"Archers and spearmen only.","Tylko łucznicy i włócznicy."
"vs Guard","a Strzeż"
"Guard would chase; Hold trades that for reach and staying power.","Strzeż ruszy w pościg; Trzymaj oddaje to za zasięg i wytrwałość."
"Press Patrol, left-click the first waypoint, then left-click the second. Right-click cancels.","Naciśnij Patroluj, kliknij lewym pierwszy punkt, potem lewym drugi. Prawy przycisk anuluje."
"Route","Trasa"
"They march between the two points for good, attacking whatever crosses the line.","Maszerują między dwoma punktami bez końca, atakując wszystko, co przetnie linię."
"Any other order, or Stop, clears the route.","Każdy inny rozkaz albo Stój kasuje trasę."
"Every soldier and the commander.","Każdy żołnierz i dowódca."
"Effect","Skutek"
"Nearby troops fight with steadier morale and the commander's own bonus.","Pobliskie oddziały walczą z pewniejszym morale i z premią samego dowódcy."
"%1 around the commander, and it moves with him.","%1 wokół dowódcy — i przesuwa się razem z nim."
"Lasts","Trwa"
"Recharge","Odnowienie"
"%1 once it fades. A wounded commander cannot call it.","%1 od chwili wygaśnięcia. Ranny dowódca nie może jej wezwać."
"Your own living troops inside the ring; a glow marks each one.","Twoje żywe oddziały wewnątrz kręgu; każdy znaczy poświata."
"Wood only","Tylko drewno"
"Stone only","Tylko kamień"
"Iron only","Tylko żelazo"
"Food first","Najpierw żywność"
"Any resource","Dowolny surowiec"
"Click waypoint 1","Kliknij punkt 1"
"Click waypoint 2","Kliknij punkt 2"
"On patrol","Na patrolu"
"Active %1","Aktywna %1"
"Ready in %1","Gotowa za %1"
"Ready","Gotowe"
"Holding a spot","Trzyma punkt"
"Select troops first","Najpierw zaznacz oddziały"
"No troops selected","Nie zaznaczono oddziałów"
"Orders ready","Rozkazy gotowe"
"Patrol: click the second waypoint","Patrol: kliknij drugi punkt"
"Patrol: click the first waypoint","Patrol: kliknij pierwszy punkt"
"Guard: click the spot to hold","Straż: kliknij punkt do pilnowania"
"Guarding a spot","Pilnuje punktu"
"Attack order","Rozkaz ataku"
"Medic order","Rozkaz medyczny"
"Engineer order","Rozkaz inżynieryjny"
"Repair order","Rozkaz naprawy"
"Dismantle order","Rozkaz rozbiórki"
"Collection order","Rozkaz zbierania"
"Barracks delivery","Dostawa do koszar"
"Formation order","Rozkaz szyku"
"Rally order","Rozkaz zbiórki"
"Stop command","Komenda Stój"
"Attack","Atakuj"
"Send the selected troops at one enemy unit or building.","Poślij zaznaczone oddziały na jedną wrogą jednostkę lub budowlę."
"Press Attack, then left-click the target. Right-click cancels. A right-click on an enemy does the same thing.","Naciśnij Atakuj, potem kliknij cel lewym przyciskiem. Prawy anuluje. Prawy przycisk na wrogu robi to samo."
"Scope","Zakres"
"They chase the target until it dies or you order otherwise.","Ścigają cel, dopóki nie zginie albo nie rozkażesz inaczej."
"Every fighting unit; healers and builders sit it out.","Każda jednostka bojowa; uzdrowiciele i budowniczowie stoją z boku."
"Attack is not available for the current selection","Atak nie jest dostępny dla obecnego zaznaczenia"
"Guard","Strzeż"
"Anchor troops to a spot. They step out to meet what comes near, then walk back.","Zakotwicz oddziały w punkcie. Wychodzą naprzeciw temu, co się zbliży, i wracają."
"Guard is not available for the current selection","Straż nie jest dostępna dla obecnego zaznaczenia"
"Patrol","Patroluj"
"March a beat between two points and fight whatever crosses it.","Maszeruj tam i z powrotem między dwoma punktami i bij wszystko, co je przetnie."
"Patrol is not available for the current selection","Patrol nie jest dostępny dla obecnego zaznaczenia"
"Medic","Medyk"
"Healers tend the wounded around them on their own.","Uzdrowiciele sami opatrują rannych wokół siebie."
"Passive","Bierne"
"There is nothing to press: a healer mends nearby allies whenever they are hurt.","Nie ma nic do naciśnięcia: uzdrowiciel leczy pobliskich sojuszników, gdy tylko są ranni."
"Healers only. Keep them behind the line and they will work.","Tylko uzdrowiciele. Trzymaj ich za linią, a będą pracować."
"Healers automatically heal nearby allies. This is passive, not a manual order.","Uzdrowiciele leczą pobliskich sojuszników automatycznie. To dzieje się samo, nie jest rozkazem."
"Select healer units","Zaznacz uzdrowicieli"
"Stop","Stój"
"Drop everything the selected troops are doing and stand still.","Porzuć wszystko, co robią zaznaczone oddziały, i stój w miejscu."
"Clears","Kasuje"
"Movement, the current target, Patrol, Hold, formation and gathering orders.","Ruch, obecny cel, patrol, trzymanie pozycji, szyk i rozkazy zbierania."
"Keeps","Zostawia"
"Guard: press Guard again to release troops from their anchor.","Straż: naciśnij Strzeż ponownie, by zwolnić oddziały z kotwicy."
"Hold","Trzymaj"
"Stand fast. Troops dig in where they are, hit harder and further, and never pursue.","Ani kroku wstecz. Oddziały okopują się tam, gdzie stoją, biją mocniej i dalej, i nigdy nie ruszają w pościg."
"Hold is only available to archers and spearmen","Trzymaj jest dostępne tylko dla łuczników i włóczników"
"Build","Buduj"
"Open the builder's structure list and place one.","Otwórz listę budowli budowniczego i postaw jedną z nich."
"Pick a structure, move the outline onto flat clear ground, scroll or press [ and ] to rotate, left-click to confirm. Right-click cancels.","Wybierz budowlę, przesuń obrys na płaski, wolny grunt, obróć kółkiem albo klawiszami [ i ], a potem zatwierdź lewym przyciskiem. Prawy anuluje."
"Builders only.","Tylko budowniczowie."
"Build is only available to builders","Budowanie jest dostępne tylko dla budowniczych"
"Collect","Zbieraj"
"Send a builder to fell a tree, break a boulder, work an ore seam, reap a ripe farm or slaughter a sheep.","Wyślij budowniczego, by ściął drzewo, rozbił głaz, wybrał żyłę rudy, zżął dojrzałe pole albo ubił owcę."
"Press Collect, then left-click the node. Right-click cancels.","Naciśnij Zbieraj, potem kliknij źródło lewym przyciskiem. Prawy anuluje."
"The load only counts once it is dropped at the yard beside a barracks.","Ładunek liczy się dopiero po odstawieniu go na dziedziniec przy koszarach."
"Collect is only available to builders","Zbieranie jest dostępne tylko dla budowniczych"
"Auto Gather","Auto-zbieranie"
"Auto","Auto"
"Builders keep finding and working the nearest resource on their own.","Budowniczowie sami znajdują najbliższy surowiec i przy nim pracują."
"Runs until you stop it; any new order cancels it.","Trwa, dopóki tego nie przerwiesz; każdy nowy rozkaz je anuluje."
"Pick a resource","Wybierz surowiec"
"Press again to cycle any resource, wood, stone, iron, food, then off.","Naciskaj, by przełączać: dowolny surowiec, drewno, kamień, żelazo, żywność, a potem wyłączone."
"Auto Gather is only available to builders","Auto-zbieranie jest dostępne tylko dla budowniczych"
"Repair","Napraw"
"Send a builder to mend one of your damaged buildings.","Wyślij budowniczego, by naprawił jedną z twoich uszkodzonych budowli."
"Press Repair, then left-click the damaged building. Right-click cancels.","Naciśnij Napraw, potem kliknij uszkodzoną budowlę lewym przyciskiem. Prawy anuluje."
"Repair is only available to builders","Naprawa jest dostępna tylko dla budowniczych"
"Dismantle","Rozbierz"
"Scrap","Złom"
"Send builders to take one of your own buildings apart and get part of its cost back.","Wyślij budowniczych, by rozebrali jedną z twoich budowli i odzyskali część jej kosztu."
"Press Dismantle, then left-click your building. Right-click cancels.","Naciśnij Rozbierz, potem kliknij swoją budowlę lewym przyciskiem. Prawy anuluje."
"Pays back","Zwraca"
"Part of what it cost, once the work finishes. Calling the crew off pays nothing.","Część tego, co kosztowała, po ukończeniu pracy. Odwołanie ekipy nie daje nic."
"Crew","Ekipa"
"Builders only; up to three of them speed it up.","Tylko budowniczowie; do trzech przyspiesza pracę."
"Dismantle is only available to builders","Rozbiórka jest dostępna tylko dla budowniczych"
"Split","Podziel"
"Break the selected squad into two smaller ones so they can work or fight in two places at once.","Podziel zaznaczony oddział na dwa mniejsze, by pracowały lub walczyły w dwóch miejscach naraz."
"Each half","Każda połowa"
"Carries half the men, half the health and does its work at half the speed.","Bierze połowę ludzi, połowę zdrowia i pracuje o połowę wolniej."
"Needs","Wymaga"
"A squad of at least four still standing.","Oddziału, w którym stoi jeszcze co najmniej czterech."
"This squad is too small to divide","Ten oddział jest za mały, by go dzielić"
"Join","Połącz"
"Fold two understrength squads of the same kind back into one.","Złóż z powrotem w jedno dwa niepełne oddziały tego samego rodzaju."
"Two squads of the same kind, both below full strength and standing close together.","Dwóch oddziałów tego samego rodzaju, obu poniżej pełnego stanu i stojących blisko siebie."
"Result","Wynik"
"One squad with their men and health added together, up to a full establishment.","Jeden oddział z sumą ludzi i zdrowia, do pełnego etatu."
"Select two understrength squads of the same kind","Zaznacz dwa niepełne oddziały tego samego rodzaju"
"Deliver","Odstaw"
"Send civilians to a barracks to refill the reserve it recruits from.","Wyślij cywilów do koszar, by uzupełnili rezerwę, z której rekrutują."
"Press Deliver, then left-click a friendly barracks. Right-click cancels.","Naciśnij Odstaw, potem kliknij przyjazne koszary lewym przyciskiem. Prawy anuluje."
"Civilians only; other selected units ignore it.","Tylko cywile; pozostałe zaznaczone jednostki to zignorują."
"Deliver is only available to civilians","Odstawianie jest dostępne tylko dla cywilów"
"Rally","Zbiórka"
"The commander plants a flag and the army marches to it.","Dowódca wbija sztandar, a armia maszeruje do niego."
"Press Rally, then left-click where the flag should stand. He walks there and plants it.","Naciśnij Zbiórka, potem kliknij lewym miejsce, gdzie ma stanąć sztandar. Dowódca podejdzie tam i go wbije."
"Troops near the flag march in; it also steadies wavering men.","Oddziały w pobliżu sztandaru nadciągają; podnosi też chwiejących się ludzi."
"Needs your commander selected.","Wymaga zaznaczonego dowódcy."
"Select a commander to use rally","Zaznacz dowódcę, by użyć zbiórki"
"Gate","Brama"
"Cycle the selected gates: automatic, held open, held shut.","Przełącz zaznaczone bramy: automatyczne, trzymane otwarte, trzymane zamknięte."
"Automatic gates open for your own troops and shut behind them.","Automatyczne bramy otwierają się przed twoimi oddziałami i zamykają za nimi."
"Select one of your own gates.","Zaznacz jedną ze swoich bram."
"Select one of your gates to control it","Zaznacz swoją bramę, by nią sterować"
"Aura","Aura"
"The commander empowers the troops around him for a while, then must recharge.","Dowódca na jakiś czas wzmacnia otaczające go oddziały, a potem musi odzyskać siły."
"Select a ready commander to activate the aura","Zaznacz gotowego dowódcę, by włączyć aurę"
"ORDERS","ROZKAZY"
"Right-click to cancel","Prawy przycisk anuluje"
"TARGET","CEL"
"%n attacking","%n atakuje | %n atakują | %n atakuje"
"%1%","%1%"
"Automatic","Automatycznie"
"No specialist actions for this selection","Brak działań specjalnych dla tego zaznaczenia"
"Select troops to reveal their specialist actions","Zaznacz oddziały, by pokazać ich działania specjalne"
"Commander","Dowódca"
"Commander unavailable","Dowódca niedostępny"
"Choose destination","Wybierz cel"
"Planting flag","Wbija sztandar"
"Moving commander","Dowódca w drodze"
"Flag active","Sztandar wbity"
"Ready","Gotowe"
"Left-click a destination to confirm the rally flag.","Kliknij lewym miejsce, by zatwierdzić sztandar zbiórki."
"The commander is planting the flag. Interruptions will cancel the rally.","Dowódca wbija sztandar. Przerwanie anuluje zbiórkę."
"The commander is marching to the chosen point before planting the flag.","Dowódca maszeruje do wybranego punktu, zanim wbije sztandar."
"Troops have already received a normal move order to this rally flag.","Oddziały dostały już zwykły rozkaz ruchu do tego sztandaru zbiórki."
"Choose a destination, march there, plant the flag, then order all controllable troops there.","Wybierz miejsce, dojdź tam, wbij sztandar, a potem poślij tam wszystkie oddziały pod twoją kontrolą."
"Cancel Rally Placement","Anuluj ustawianie zbiórki"
"Rally In Progress","Zbiórka w toku"
"Reposition Rally [R]","Przestaw zbiórkę [R]"
"Place Rally [R]","Ustaw zbiórkę [R]"
"Vanguard Rush","Skok straży przedniej"
"Explode forward into the focused enemy and open a punish.","Wybuchnij naprzód na wskazanego wroga i otwórz okno kary."
"Second Wind","Drugi oddech"
"Recover posture and stamina, then steady yourself for the next exchange.","Odzyskaj postawę i wytrzymałość, a potem zbierz się przed kolejną wymianą."
"Weapon Special / Shield Bash","Sztuka broni / Uderzenie tarczą"
"Use your weapon technique, or hold guard for a shield-bash stagger burst.","Użyj techniki broni albo przytrzymaj gardę, by uderzeniem tarczy wytrącić wroga z równowagi."
"Command Aura","Aura dowodzenia"
"Temporarily empower nearby troops. A glow marks every affected soldier.","Tymczasowo wzmacnia pobliskie oddziały. Poświata znaczy każdego objętego żołnierza."
"Disconnected","Rozerwany dystans"
"Guard broken","Garda złamana"
"Punish window","Okno kary"
"Sprinting","Sprint"
"Steady","Pewna postawa"
"COMMANDER","DOWÓDCA"
"Frontline command","Dowodzenie z pierwszej linii"
"Aura active","Aura aktywna"
"Aura ready","Aura gotowa"
"Aura cooling","Aura stygnie"
"HP %1/%2","PŻ %1/%2"
"STM %1%","WYT %1%"
"Stable","Stabilnie"
"Posture","Postawa"
"State: %1","Stan: %1"
"Perfect guard live","Idealna parada aktywna"
"Finisher primed","Wykończenie gotowe"
"Aura %1","Aura %1"
"empowers nearby troops","wzmacnia pobliskie oddziały"
"is recovering","odzyskuje siły"
"Camera: %1","Kamera: %1"
"Chase","Pościg"
"ORDERS","ROZKAZY"
"ABILITIES","ZDOLNOŚCI"
"Rally","Zbiórka"
"Command Aura Active · %1s","Aura dowodzenia aktywna · %1 s"
"Activate Command Aura [3]","Włącz aurę dowodzenia [3]"
"Command Aura · %1s cooldown","Aura dowodzenia · %1 s odnowienia"
"Temporarily empower nearby troops. Every affected soldier receives a visible glow.","Tymczasowo wzmacnia pobliskie oddziały. Każdy objęty żołnierz dostaje widoczną poświatę."
"The aura is not ready yet.","Aura jeszcze nie jest gotowa."
"Combo","Kombinacja"
"%1 [%2]","%1 [%2]"
"COMBAT CONTROLS","STEROWANIE W WALCE"
"[LMB] Strike  [RMB] Guard","[LPM] Cios  [PPM] Garda"
"[Space] Dodge  [Alt] Jump","[Spacja] Unik  [Alt] Skok"
"[WASD] Move  [Shift] Sprint","[WASD] Ruch  [Shift] Sprint"
"[Tab] Cycle Target  [3] Aura  [C] Camera","[Tab] Zmiana celu  [3] Aura  [C] Kamera"
"[R] Rally Orders  [Enter] Return to RTS","[R] Rozkazy zbiórki  [Enter] Powrót do RTS"
"[F] Bash  [1] Rush  [2] Second Wind","[F] Tarcza  [1] Skok  [2] Drugi oddech"
"[Tab] Target  [1] Rush  [2] Second Wind  [3] Aura  [F] Bash","[Tab] Cel  [1] Skok  [2] Drugi oddech  [3] Aura  [F] Tarcza"
"[R] Place Rally  [C] Camera  [Enter] Return to RTS","[R] Ustaw zbiórkę  [C] Kamera  [Enter] Powrót do RTS"
"Rally autopilot engaged until the flag is planted","Autopilot zbiórki włączony do chwili wbicia sztandaru"
"Combat HUD synced for close-quarters command","HUD walki zestrojony do dowodzenia z bliska"
"First-person command engaged","Dowodzenie z perspektywy pierwszej osoby włączone"
"Armies of the field","Armie na polu bitwy"
"Following: %1","Śledzisz: %1"
"Follow the previous army","Śledź poprzednią armię"
"Follow the next army","Śledź następną armię"
"Manpower %1/%2","Ludzie %1/%2"
"Holdings %1","Posiadłości %1"
"Trained %1","Wyszkolonych %1"
"Kills %1  Losses %2","Zabitych %1  Strat %2"
"the whole field","całe pole"
"All objectives complete","Wszystkie cele wykonane"
"(%1/%2)","(%1/%2)"
"Click to look at the objective.","Kliknij, by spojrzeć na cel."
"[You]","[Ty]"
"Resume","Wznów"
"Pause","Pauza"
"Battle speed %1","Tempo bitwy %1"
"Battle speed","Tempo bitwy"
"Follow the selection with the camera","Śledź zaznaczenie kamerą"
"Return the camera to your camp (%1)","Wróć kamerą do obozu (%1)"
"Hide the camera controls","Ukryj sterowanie kamerą"
"Show how to move the camera","Pokaż, jak poruszać kamerą"
"Camera controls","Sterowanie kamerą"
"Open the field manual (help)","Otwórz podręcznik polowy (pomoc)"
"SPECTATOR","OBSERWATOR"
"Watching a CPU-only match. You cannot issue commands.","Oglądasz mecz samych komputerów. Nie możesz wydawać rozkazów."
"Resource and building guide","Przewodnik po surowcach i budowlach"
"Manpower","Ludzie"
"Manpower in the field: %1 of %2.\nEvery troop costs manpower; a squad of twelve builders costs ten. This is not a headcount - the selection panel counts soldiers.","Ludzie w polu: %1 z %2.\nKażdy oddział kosztuje ludzi; oddział dwunastu budowniczych kosztuje dziesięciu. To nie jest liczba głów — panel zaznaczenia liczy żołnierzy."
"Human players","Gracze ludzcy"
"AI players","Gracze komputerowi"
"Enemies defeated","Wrogowie pokonani"
"Minimap","Minimapa"
"MINIMAP","MINIMAPA"
"Left click moves the camera, right click orders selected troops.\nVisible: currently scouted, enemies shown.\nExplored: seen before, terrain only.\nUnseen: never scouted.","Lewy przycisk przesuwa kamerę, prawy wydaje rozkaz zaznaczonym oddziałom.\nWidoczne: właśnie rozpoznane, wrogowie są pokazani.\nZbadane: widziane wcześniej, sam teren.\nNieznane: nigdy nie rozpoznane."
"Visible","Widoczne"
"Explored","Zbadane"
"Unseen","Nieznane"
"Basics","Podstawy"
"Economy","Gospodarka"
"Buildings","Budowle"
"Army","Armia"
"Commander","Dowódca"
"Camera","Kamera"
"Controls","Sterowanie"
"Tutorial","Samouczek"
"Selecting","Zaznaczanie"
"Left-click a unit to select it, or hold the left button and drag a box around several. Hold Ctrl to add to the selection. Selected units show a ring at their feet, and the panel at the bottom lists them by type - click a type to keep only those.","Kliknij jednostkę lewym przyciskiem, by ją zaznaczyć, albo przytrzymaj lewy i zakreśl ramką kilka. Przytrzymaj Ctrl, by dodać do zaznaczenia. Zaznaczone jednostki mają pierścień u stóp, a panel na dole wypisuje je według typu — kliknij typ, by zostawić tylko te."
"Giving orders","Wydawanie rozkazów"
"Right-click the ground to move, right-click an enemy to attack. Hold the right button and drag before releasing to choose the way the troops will face: one unit turns to face where you drag, several units are placed in formation facing it. The command grid offers Attack, Guard, Patrol, Hold, Stop and the builder and commander orders. A marker shows where troops are going and the banner above the grid confirms each order - or explains why it was refused.","Kliknij ziemię prawym przyciskiem, by iść, kliknij wroga prawym, by go zaatakować. Przytrzymaj prawy i przeciągnij przed puszczeniem, by wybrać kierunek, w którym staną oddziały: jedna jednostka obraca się tam, gdzie przeciągasz, kilka ustawia się w szyku zwróconym w tę stronę. Siatka poleceń oferuje Atakuj, Strzeż, Patroluj, Trzymaj, Stój oraz rozkazy budowniczego i dowódcy. Znacznik pokazuje, dokąd idą oddziały, a baner nad siatką potwierdza każdy rozkaz — albo tłumaczy, czemu został odrzucony."
"Guard - hold a spot","Strzeż — pilnuj punktu"
"Press Guard, then left-click the ground the troops should hold. They fight anything that comes within about 10 m of that spot, let go of anything that runs past it, and walk back once the fight is over. Press Guard again, or give a move or attack order, to release them; Stop alone will not lift it. Any soldier can guard.","Naciśnij Strzeż, potem kliknij lewym ziemię, której oddziały mają pilnować. Biją się ze wszystkim, co wejdzie mniej więcej na 10 m od punktu, puszczają to, co przebiegnie dalej, i wracają po walce. Naciśnij Strzeż ponownie albo wydaj rozkaz ruchu lub ataku, by je zwolnić; samo Stój tego nie zdejmie. Strzec może każdy żołnierz."
"Hold - stand fast","Trzymaj — ani kroku wstecz"
"Press Hold and the troops kneel where they stand. They never take a step, but they reach further, hit harder and take more punishment than they would on the move, and braced spears gut a cavalry charge. That is the trade: pursuit for staying power. Press Hold again, or give a move, attack or Stop order, to stand them up. Only archers and spearmen can hold.","Naciśnij Trzymaj, a oddziały przyklękną tam, gdzie stoją. Nie zrobią ani kroku, ale sięgają dalej, biją mocniej i wytrzymują więcej niż w ruchu, a podparte włócznie wypruwają szarżę jazdy. Taka jest wymiana: pościg za wytrwałość. Naciśnij Trzymaj ponownie albo wydaj rozkaz ruchu, ataku lub Stój, by je postawić. Trzymać mogą tylko łucznicy i włócznicy."
"Patrol - walk a beat","Patroluj — chodź swoją trasą"
"Press Patrol, left-click the first waypoint, then left-click the second. The troops march between the two points for good and attack whatever crosses the line - useful for watching a flank while you look elsewhere. Right-click cancels while you are setting it; any other order, or Stop, clears the route.","Naciśnij Patroluj, kliknij lewym pierwszy punkt, potem lewym drugi. Oddziały maszerują między nimi bez końca i atakują wszystko, co przetnie linię — przydatne, gdy pilnujesz skrzydła, patrząc gdzie indziej. Prawy przycisk anuluje w trakcie ustawiania; każdy inny rozkaz albo Stój kasuje trasę."
"Winning and losing","Zwycięstwo i porażka"
"Each mission states its own victory and defeat conditions in the Objectives screen (Escape, then Objectives). In every battle your commander must survive: a nation dies with the man who leads it, and a lone commander is already lost.","Każda misja podaje własne warunki zwycięstwa i porażki na ekranie Celów (Escape, potem Cele). W każdej bitwie twój dowódca musi przeżyć: naród umiera wraz z człowiekiem, który go prowadzi, a samotny dowódca jest już przegrany."
"The three materials","Trzy surowce"
"Wood comes from pine trees, stone from boulders and iron from ore seams. A builder harvests a node with Collect (or Auto Gather), then carries the load to the stone yard beside a friendly barracks. Only when it is dropped there does the counter in the top bar rise. The yard's piles grow and shrink with your stores.","Drewno pochodzi z sosen, kamień z głazów, a żelazo z żył rudy. Budowniczy obrabia źródło rozkazem Zbieraj (albo auto-zbieraniem), a potem niesie ładunek na skład przy przyjaznych koszarach. Dopiero po jego złożeniu licznik na górnym pasku rośnie. Stosy na składzie rosną i maleją razem z twoimi zapasami."
"Food","Żywność"
"Food feeds your settlement: every civilian recruited at a Home costs it. A Farm grows grain in cycles; when the field turns gold a builder reaps it with Collect and hauls the grain home, and the field is sown again. Builders can also slaughter a sheep for a smaller haul. Auto Gather set to food keeps a builder working the farms.","Żywność karmi twoją osadę: kosztuje jej każdy cywil zrekrutowany w Domu. Farma uprawia zboże w cyklach; gdy pole złocieje, budowniczy zżyna je rozkazem Zbieraj i zwozi ziarno, po czym pole jest obsiewane na nowo. Budowniczowie mogą też ubić owcę dla mniejszego łupu. Auto-zbieranie ustawione na żywność każe budowniczemu pracować przy farmach."
"Gold and trade","Złoto i handel"
"Gold comes with the camp and cannot be mined. A marketplace lets you buy materials for gold and sell surplus for it; a temple costs gold to raise.","Złoto przychodzi razem z obozem i nie da się go wydobyć. Targowisko pozwala kupować za nie materiały i sprzedawać nadmiar; świątynia kosztuje złoto."
"Costs","Koszty"
"Every card - recruit or building - lists its price. A grey card means something is short; hover it to read what. Homes cost 50 wood and 15 stone, a farm 40 wood and 10 stone, a barracks 100 wood and 60 stone, a defence tower 60 wood and 80 stone; soldiers cost wood and iron plus reserve, and civilians cost food.","Każda karta — rekruta czy budowli — podaje swoją cenę. Szara karta znaczy, że czegoś brakuje; najedź na nią, by przeczytać czego. Domy kosztują 50 drewna i 15 kamienia, farma 40 drewna i 10 kamienia, koszary 100 drewna i 60 kamienia, wieża obronna 60 drewna i 80 kamienia; żołnierze kosztują drewno i żelazo oraz rezerwę, a cywile żywność."
"Placing a structure","Stawianie budowli"
"Select a builder and press Build to open the structure list. Move the outline over the ground: green means flat, clear ground; red means it is blocked by another building, water or a slope. Scroll to rotate, left-click to confirm, right-click to cancel. The builder walks over and works until it stands.","Zaznacz budowniczego i naciśnij Buduj, by otworzyć listę budowli. Przesuń obrys nad ziemią: zielony znaczy płaski, wolny grunt; czerwony — że blokuje go inna budowla, woda albo stok. Kółko obraca, lewy przycisk zatwierdza, prawy anuluje. Budowniczy podchodzi i pracuje, aż budowla stanie."
"What each building does","Co robi każda budowla"
"Barracks recruit soldiers and hold your stockpile yard. Homes raise families and civilians. Farms grow grain that builders reap for food. Defence towers shoot at anything in range. Marketplaces trade. Temples strengthen morale and take in healers. Walls and gates shape the field; gates open for your own troops.","Koszary rekrutują żołnierzy i mieszczą twój skład. Domy wychowują rodziny i cywilów. Farmy uprawiają zboże, które budowniczowie zżynają na żywność. Wieże obronne strzelają do wszystkiego w zasięgu. Targowiska handlują. Świątynie umacniają morale i przyjmują uzdrowicieli. Mury i bramy kształtują pole; bramy otwierają się przed twoimi oddziałami."
"Repair and dismantle","Naprawa i rozbiórka"
"A damaged building can be repaired by a builder with the Repair order. A building you no longer need can be taken down with the Dismantle order: pick your builders, press Dismantle and click the building. Part of what it cost comes back once the work is done, and calling the crew off before then pays nothing.","Uszkodzoną budowlę może naprawić budowniczy rozkazem Napraw. Budowlę, która nie jest już potrzebna, można zdjąć rozkazem Rozbierz: wybierz budowniczych, naciśnij Rozbierz i kliknij budowlę. Po ukończeniu pracy wraca część jej kosztu, a odwołanie ekipy wcześniej nie daje nic."
"Recruiting","Rekrutacja"
"Left-click a barracks and pick a soldier; healers take their vows at a temple instead. Recruits queue up to five deep and march out to the rally flag. Each costs reserve from the building's own pool as well as materials.","Kliknij koszary lewym przyciskiem i wybierz żołnierza; uzdrowiciele składają śluby w świątyni. Rekruci ustawiają się w kolejce po pięciu i wychodzą do sztandaru zbiórki. Każdy kosztuje rezerwę z własnej puli budowli oraz materiały."
"Reserve","Rezerwa"
"A barracks or temple starts with a reserve and spends it on every recruit; the card shows exactly what each one costs. Homes refill it: each Home raises families over time, a civilian can be recruited there for food and sent to either building with Deliver, and that building's reserve grows. A squad then stands in the field for what it cost, which is what the top bar counts against the map's manpower cap.","Koszary lub świątynia zaczynają z rezerwą i wydają ją na każdego rekruta; karta pokazuje dokładnie, ile kosztuje każdy z nich. Domy ją uzupełniają: każdy Dom z czasem wychowuje rodziny, można tam za żywność zrekrutować cywila i posłać go rozkazem Odstaw do jednej z tych budowli, a jej rezerwa rośnie. Oddział stoi potem w polu za to, co kosztował — i właśnie to górny pasek zestawia z limitem ludzi na mapie."
"Formations and lines","Szyki i linie"
"Spearmen hold a line, archers punish from behind it, cavalry breaks flanks, healers mend nearby wounded on their own. Right-click and drag with several units selected to deploy them in a formation that faces the drag; the Formation order opens the same planner where they stand. Run trades stamina for speed.","Włócznicy trzymają linię, łucznicy karzą zza niej, jazda łamie skrzydła, a uzdrowiciele sami opatrują rannych w pobliżu. Kliknij prawym i przeciągnij, mając zaznaczonych kilka jednostek, by rozstawić je w szyku zwróconym zgodnie z przeciągnięciem; rozkaz Szyk otwiera ten sam planer tam, gdzie stoją. Bieg oddaje wytrzymałość za szybkość."
"The standard","Sztandar"
"Your commander carries the standard. Troops close to him fight with higher morale, and morale decides who breaks first. Keep him behind the spears: if he falls the mission is lost.","Twój dowódca niesie sztandar. Oddziały blisko niego walczą z wyższym morale, a morale rozstrzyga, kto pierwszy pęknie. Trzymaj go za włóczniami: jeśli padnie, misja jest przegrana."
"Aura and Rally","Aura i zbiórka"
"With the commander selected, Aura empowers his troops for a stretch and then has to recharge - each commander brings his own bonus, radius and timings, and the button prints them along with the time left. A glow marks every soldier inside the ring, the ring travels with him, and a wounded commander cannot call it. Rally plants a flag that your army marches to - useful for pulling a scattered force back into a line.","Gdy dowódca jest zaznaczony, Aura wzmacnia jego oddziały na jakiś czas i potem musi się odnowić — każdy dowódca wnosi własną premię, promień i czasy, a przycisk je wypisuje razem z pozostałym czasem. Poświata znaczy każdego żołnierza wewnątrz kręgu, krąg wędruje razem z nim, a ranny dowódca nie może jej wezwać. Zbiórka wbija sztandar, do którego maszeruje twoja armia — przydatne, by ściągnąć rozproszone siły z powrotem w linię."
"Taking direct control","Przejęcie bezpośredniego dowodzenia"
"Where the mission allows it, you can step into the commander's boots and lead from the field. The controls for that mode are listed under Controls.","Tam, gdzie misja na to pozwala, możesz wejść w buty dowódcy i poprowadzić bitwę z pola. Sterowanie w tym trybie wypisano w zakładce Sterowanie."
"Pace and view","Tempo i widok"
"The top-left buttons pause the battle and set the speed, from half up to quadruple; Space pauses too, and + and - step through the speeds. The active speed stays lit while paused and can be changed there. Move the camera with the arrow keys or WASD, or push the mouse to the screen edge; scroll or PgUp and PgDown to zoom, Q and E to rotate, Ctrl with the up and down arrows to tilt; Home returns to your camp and Follow keeps the camera on your selection. Every one of these can be rebound under Settings › Controls, where each camera command says what it does.","Przyciski w lewym górnym rogu wstrzymują bitwę i ustawiają tempo, od połowy po poczwórne; Spacja też wstrzymuje, a + i - przechodzą przez tempa. Wybrane tempo pozostaje podświetlone w pauzie i można je tam zmienić. Kamerą ruszasz strzałkami albo WASD, lub dosuwając mysz do krawędzi ekranu; kółko albo PgUp i PgDown przybliżają, Q i E obracają, Ctrl ze strzałkami góra-dół pochyla; Home wraca do obozu, a Śledzenie trzyma kamerę na zaznaczeniu. Każde z nich można przypisać na nowo w Ustawieniach › Sterowanie, gdzie przy każdym poleceniu kamery napisano, co robi."
"Field manual","Podręcznik polowy"
"Field Manual","Podręcznik polowy"
"Close the field manual","Zamknij podręcznik polowy"
"unbound","nieprzypisane"
"The tutorial is a guided first battle on a small meadow. Each step names one goal, tells you when it is done, and explains why an order is refused. It also points: the button a step is talking about lights up in the command bar, and what you are meant to act on is ringed on the field and pinned on the minimap - press Show me to swing the camera onto it. Steps can be paused, skipped and replayed at any time.","Samouczek to prowadzona pierwsza bitwa na małej łące. Każdy krok nazywa jeden cel, mówi, kiedy jest wykonany, i tłumaczy, czemu rozkaz został odrzucony. Podpowiada też: przycisk, o którym mówi krok, zapala się na pasku poleceń, a to, na co masz zadziałać, dostaje pierścień na polu i pinezkę na minimapie — naciśnij Pokaż mi, by obrócić tam kamerę. Kroki można w każdej chwili wstrzymać, pominąć i powtórzyć."
"%1. %2","%1. %2"
"Start the tutorial","Rozpocznij samouczek"
"Show tutorial card","Pokaż kartę samouczka"
"Restart the steps","Zacznij kroki od nowa"
"Close","Zamknij"
"Hide this","Ukryj to"
"Never show this again","Nie pokazuj tego więcej"
"Mouse Left","Lewy przycisk myszy"
"Mouse Right","Prawy przycisk myszy"
"Mouse Middle","Środkowy przycisk myszy"
"Mouse Back","Przycisk myszy wstecz"
"Mouse Forward","Przycisk myszy naprzód"
"Unbound","Nieprzypisane"
"%1 of %2","%1 z %2"
"Pick a target","Wskaż cel"
"OK","OK"
"Battle Report","Raport z bitwy"
"Battle Decided","Bitwa rozstrzygnięta"
"The Campaign is Won","Kampania wygrana"
"Training Complete","Samouczek ukończony"
"Victory Secured","Zwycięstwo zapewnione"
"Army Broken","Armia rozbita"
"One side is left holding the field.","Jedna strona zostaje na placu boju."
"Every mission has fallen to your standard.","Każda misja padła przed twoim sztandarem."
"You can run an army now. The Barcid Road is waiting.","Umiesz już poprowadzić armię. Droga Barkidów czeka."
"Every order carried out.","Każdy rozkaz wykonany."
"Enemy command has fallen.","Dowództwo wroga padło."
"Your command has collapsed.","Twoje dowództwo się załamało."
"March the Campaign","Wyrusz na kampanię"
"Search","Szukaj"
"Selected units","Zaznaczone jednostki"
"%1 / %2","%1 / %2"
"%1/%2","%1/%2"
"YOUR BUILDING","TWOJA BUDOWLA"
"YOUR UNIT","TWOJA JEDNOSTKA"
"ENEMY BUILDING","BUDOWLA WROGA"
"ENEMY UNIT","JEDNOSTKA WROGA"
"BUILDING","BUDOWLA"
"UNIT","JEDNOSTKA"
"Under attack by %n of your units","Atakuje ją %n twoja jednostka | Atakują ją %n twoje jednostki | Atakuje ją %n twoich jednostek"
"Not engaged by your army","Nie jest atakowany przez twoją armię"
"Under attack by %n enemies","Atakuje go %n wróg | Atakuje go %n wrogów | Atakuje go %n wrogów"
"Not under attack","Nie jest atakowany"
"SELECTION","ZAZNACZENIE"
"SELECTED UNIT","ZAZNACZONA JEDNOSTKA"
"SELECTED FORCE","ZAZNACZONE SIŁY"
"%1 soldiers ready","Gotowych żołnierzy: %1"
"Show what this unit is for","Pokaż, do czego służy ta jednostka"
"Unit details","Szczegóły jednostki"
"Enemy","Wróg"
"Yours","Twoje"
"Neutral","Neutralny"
"1 unit","1 jednostka"
"%1 units","jednostki: %1"
"%1 units  ·  %2 types","jednostki: %1  ·  typy: %2"
"ATK","ATK"
"RNG","ZAS"
"SPD","SZYB"
"HEALTH","ZDROWIE"
"%1 soldiers","żołnierzy: %1"
"Drag a box over your troops, or click a unit","Zakreśl ramką swoje oddziały albo kliknij jednostkę"
"SOLDIERS","ŻOŁNIERZE"
"%1%","%1%"
"STAMINA","WYTRZYMAŁOŚĆ"
"soldiers —","żołnierzy —"
"(mixed)","(mieszane)"
"%1 wounded","rannych: %1"
"Map load failed: %1","Wczytanie mapy nie powiodło się: %1"
"Prewarming templates: scanning unit profiles...","Rozgrzewanie szablonów: przeglądanie profili jednostek..."
"Prewarming templates: %1 / %2","Rozgrzewanie szablonów: %1 / %2"
"Queued deferred template warmup (%1 additional)","Odroczone rozgrzewanie szablonów w kolejce (dodatkowo %1)"
"Template warmup complete (%1 core, %2 total)","Rozgrzewanie szablonów zakończone (%1 podstawowych, %2 łącznie)"
"Template warmup cancelled","Rozgrzewanie szablonów anulowane"
"%1h %2m","%1 h %2 min"
"%1m","%1 min"
"Campaign","Kampania"
"Skirmish","Potyczka"
"%1 - autosave","%1 — autozapis"
"%1 - quicksave","%1 — szybki zapis"
"Load game","Wczytaj grę"
"Cancel","Anuluj"
"No saves found","Nie znaleziono zapisów"
"Untitled Save","Zapis bez nazwy"
"Unknown Map","Nieznana mapa"
"No Preview","Brak podglądu"
"%1 · %2","%1 · %2"
"Saved %1","Zapisano %1"
"Played %1","Grano %1"
"Export","Eksportuj"
"Exported to %1","Wyeksportowano do %1"
"Export failed","Eksport nie powiódł się"
"Verify","Sprawdź"
"Verification Passed","Sprawdzenie zaliczone"
"Verification Failed","Sprawdzenie nieudane"
"""%1"" is intact. The save file has not been corrupted.","„%1” jest nienaruszony. Plik zapisu nie został uszkodzony."
"""%1"" is corrupted and cannot be loaded. The save failed its integrity check.","„%1” jest uszkodzony i nie da się go wczytać. Zapis nie przeszedł kontroli spójności."
"Delete","Usuń"
"Import...","Importuj..."
"Load","Wczytaj"
"Pick a saved game first.","Najpierw wybierz zapisaną grę."
"Confirm Delete","Potwierdź usunięcie"
"Are you sure you want to delete the save:\n""%1""?\n\nThis action cannot be undone.","Czy na pewno chcesz usunąć zapis:\n„%1”?\n\nTej czynności nie da się cofnąć."
"Save Verification","Sprawdzanie zapisu"
"Import Save","Import zapisu"
"Save files found in the exports folder:","Pliki zapisu znalezione w folderze eksportu:"
"Import","Importuj"
"Imported as ""%1""","Zaimportowano jako „%1”"
"Import failed","Import nie powiódł się"
"No importable save files were found.","Nie znaleziono plików zapisu do zaimportowania."
"Loading...","Wczytywanie..."
"Not Started","Nie rozpoczęto"
"Initializing...","Inicjowanie..."
"Loading Map Data...","Wczytywanie danych mapy..."
"Loading Terrain...","Wczytywanie terenu..."
"Loading Biome...","Wczytywanie biomu..."
"Loading Water Features...","Wczytywanie wód..."
"Loading Roads...","Wczytywanie dróg..."
"Loading Environment...","Wczytywanie otoczenia..."
"Loading Fog...","Wczytywanie mgły..."
"Loading Units & Buildings...","Wczytywanie jednostek i budowli..."
"Loading Audio...","Wczytywanie dźwięku..."
"Generating Minimap...","Generowanie minimapy..."
"Initializing Game Systems...","Uruchamianie systemów gry..."
"Finalizing...","Kończenie..."
"Complete","Ukończono"
"Failed","Niepowodzenie"
"Unknown","Nieznane"
"A commander who personally investigates every problem soon becomes one of them.","Dowódca, który osobiście bada każdy problem, wkrótce staje się jednym z nich."
"A formation that becomes scattered is easier to surround and destroy.","Rozproszony szyk łatwiej otoczyć i zniszczyć."
"A narrow front can prevent a numerically superior enemy from using all of its troops at once.","Wąski front może uniemożliwić liczniejszemu wrogowi użycie wszystkich oddziałów naraz."
"A retreat made early can preserve an army. A retreat made late can become a rout.","Odwrót w porę ocala armię. Odwrót spóźniony zmienia się w pogrom."
"A strong economy cannot help you if the enemy cuts the road between it and your army.","Silna gospodarka nic ci nie da, jeśli wróg przetnie drogę między nią a twoją armią."
"A unit surrounded on several sides will struggle even if it began the fight at full strength.","Jednostka otoczona z kilku stron będzie w tarapatach, nawet jeśli zaczęła walkę w pełnej sile."
"A well-defended position is one the enemy has not yet discovered a ridiculous way around.","Dobrze broniona pozycja to taka, wokół której wróg nie znalazł jeszcze absurdalnego obejścia."
"An army marches on its stomach. The stomach, regrettably, also requires a supply line.","Armia maszeruje na żołądku. Żołądek, niestety, potrzebuje też linii zaopatrzenia."
"Archers perform best when protected from direct melee combat.","Łucznicy spisują się najlepiej, gdy chroni się ich przed walką wręcz."
"Avoid sending cavalry directly into prepared infantry formations.","Nie posyłaj jazdy wprost na przygotowane szyki piechoty."
"Battles are often decided before contact through positioning, preparation, and logistics.","Bitwy często rozstrzygają się przed kontaktem — przez ustawienie, przygotowanie i zaopatrzenie."
"Building near resources can reduce the amount of time workers spend carrying supplies.","Budowanie blisko surowców skraca czas, który robotnicy tracą na noszenie."
"Capturing useful infrastructure can be more valuable than destroying it.","Zdobycie użytecznej infrastruktury bywa cenniejsze niż jej zniszczenie."
"Cavalry can arrive quickly. Whether they should have arrived there is another question.","Jazda potrafi przybyć szybko. Czy powinna była przybyć akurat tam, to inna sprawa."
"Cavalry is most effective when attacking exposed flanks or isolated units.","Jazda jest najskuteczniejsza, gdy uderza w odsłonięte skrzydła albo osamotnione jednostki."
"Clearing a dangerous area is not the same as securing it. Check what remains nearby.","Oczyszczenie niebezpiecznego terenu to nie to samo, co jego opanowanie. Sprawdź, co zostało w pobliżu."
"Concentrating your forces can overwhelm a stronger enemy fighting in separate groups.","Skupienie sił pozwala zmiażdżyć silniejszego wroga, który walczy w osobnych grupach."
"Destroying an enemy army is useful. Preventing it from fighting effectively is often enough.","Zniszczenie armii wroga jest użyteczne. Często wystarczy uniemożliwić jej skuteczną walkę."
"Direct commander control can help turn a critical fight, but exposes your commander to greater danger.","Bezpośrednie dowodzenie potrafi odwrócić losy kluczowej walki, ale wystawia dowódcę na większe niebezpieczeństwo."
"Do not chase fleeing enemies so far that your own formation collapses.","Nie goń uciekających wrogów tak daleko, by rozpadł się twój własny szyk."
"Enemy reinforcements are much less dangerous when they never reach the battlefield.","Posiłki wroga są o wiele mniej groźne, gdy nigdy nie docierają na pole bitwy."
"Every commander has a plan until a sheep joins the formation.","Każdy dowódca ma plan, dopóki do szyku nie dołączy owca."
"Every supply shortage begins with someone saying, “We probably have enough.”","Każdy niedobór zaopatrzenia zaczyna się od czyjegoś „chyba wystarczy”."
"Exhausted troops are less effective. Allow units time to recover when possible.","Wyczerpane oddziały są mniej skuteczne. Gdy się da, daj jednostkom czas na odpoczynek."
"Formations are strongest when their flanks are protected.","Szyki są najmocniejsze, gdy ich skrzydła są osłonięte."
"High ground improves your ability to control an engagement.","Wyżej położony teren ułatwia panowanie nad starciem."
"History remembers the victorious general. The quartermaster remembers who forgot to bring food.","Historia pamięta zwycięskiego wodza. Kwatermistrz pamięta, kto zapomniał wziąć jedzenie."
"If your formation looks impressive from a distance, you are at least halfway to military competence.","Jeśli twój szyk robi wrażenie z daleka, jesteś już co najmniej w połowie drogi do wojskowej biegłości."
"Infantry can hold ground that faster units may struggle to defend.","Piechota utrzyma teren, którego szybsze jednostki mogą nie obronić."
"Keep an escape route available when fighting near rivers, cliffs, or narrow passages.","Walcząc przy rzekach, urwiskach lub wąskich przejściach, zostaw sobie drogę odwrotu."
"Keep ranged troops away from routes enemy cavalry can reach quickly.","Trzymaj oddziały strzeleckie z dala od tras, do których szybko dosięgnie jazda wroga."
"Keep reserve troops behind the main line to respond to breakthroughs.","Trzymaj odwody za główną linią, by odpowiedzieć na wyłomy."
"Never underestimate the tactical value of looking busy while someone else carries the stone.","Nigdy nie lekceważ taktycznej wartości wyglądania na zajętego, gdy kamień niesie ktoś inny."
"Protect your commander. Losing leadership at the wrong moment can decide a battle.","Chroń dowódcę. Utrata przywództwa w złej chwili potrafi rozstrzygnąć bitwę."
"Repairing damaged defenses before the next attack is usually cheaper than rebuilding them afterward.","Naprawa uszkodzonych umocnień przed kolejnym atakiem zwykle kosztuje mniej niż odbudowa po nim."
"Scout unfamiliar terrain before committing your main force.","Rozpoznaj nieznany teren, zanim rzucisz w niego główne siły."
"Stockpiles shorten resource delivery routes and improve economic efficiency.","Składy skracają trasy dostaw i podnoszą sprawność gospodarki."
"Terrain can be as important as numbers. Use forests, hills, and narrow passages to your advantage.","Teren bywa równie ważny jak liczby. Wykorzystuj lasy, wzgórza i wąskie przejścia."
"The Iron Sepulcher is best approached with troops prepared for an unexpected engagement.","Do Żelaznego Grobowca najlepiej podchodzić z oddziałami gotowymi na niespodziewane starcie."
"The enemy cannot predict your strategy if you have forgotten it yourself.","Wróg nie przewidzi twojej strategii, jeśli sam już jej nie pamiętasz."
"The shortest path between two points is rarely the route selected by an army.","Najkrótsza droga między dwoma punktami rzadko bywa trasą wybraną przez armię."
"Use patrol orders to secure roads, settlements, and vulnerable resource routes.","Rozkazami patrolu zabezpieczaj drogi, osady i wrażliwe szlaki surowcowe."
"Walls are excellent defenses until someone remembers gates exist.","Mury są znakomitą obroną, dopóki ktoś nie przypomni sobie, że istnieją bramy."
"War elephants are powerful, disciplined weapons of war, right up until they have an opinion.","Słonie bojowe to potężna, karna broń wojenna — dokładnie do chwili, gdy nabiorą własnego zdania."
"War elephants can disrupt formations, but unsupported elephants can quickly become isolated.","Słonie bojowe potrafią rozbić szyki, ale bez wsparcia szybko zostają same."
"Watch your supply routes when advancing deep into hostile territory.","Pilnuj szlaków zaopatrzenia, gdy wchodzisz głęboko na wrogie ziemie."
"When attacking, look for weak points rather than spreading damage evenly across the enemy line.","Atakując, szukaj słabych punktów, zamiast rozkładać obrażenia równo po całej linii wroga."
"When defending, force the enemy to come to you under unfavorable conditions.","Broniąc się, zmuś wroga, by przyszedł do ciebie w niekorzystnych warunkach."
"Wildlife may react unpredictably to nearby troops and fighting.","Dzikie zwierzęta mogą zareagować nieprzewidywalnie na pobliskie oddziały i walkę."
"Wolves are considerably less impressed by military rank than your soldiers are.","Wilki są znacznie mniej przejęte stopniem wojskowym niż twoi żołnierze."
"Workers are valuable strategic assets. Do not leave them exposed near the front.","Robotnicy to cenny zasób strategiczny. Nie zostawiaj ich odsłoniętych przy froncie."
"Standard of Iron - RTS game","Standard of Iron — gra RTS"
"PAUSED","PAUZA"
"Press Space to resume","Naciśnij spację, by wznowić"
"A new standard in the valley, and nobody under it who has held a spear more than twice.","Nowy sztandar w dolinie, a pod nim nikt, kto trzymał włócznię więcej niż dwa razy."
"Error","Błąd"
"Play Skirmish","Zagraj potyczkę"
"Choose the field and deploy armies","Wybierz pole i rozstaw armie"
"Battle","Bitwa"
"Missions","Misje"
"One small field, one order to carry out","Jedno małe pole, jeden rozkaz do wykonania"
"Detail","Szczegół"
"Campaign","Kampania"
"March through the Second Punic War","Przemaszeruj przez drugą wojnę punicką"
"War Map","Mapa wojny"
"Tutorial","Samouczek"
"Learn to command in a guided first battle","Naucz się dowodzić w pierwszej bitwie"
"Training","Szkolenie"
"Objectives","Cele"
"Review active orders","Przejrzyj obowiązujące rozkazy"
"Orders","Rozkazy"
"Save game","Zapisz grę"
"Record the current campaign state","Zapisz obecny stan kampanii"
"Archive","Archiwum"
"Load game","Wczytaj grę"
"Return to a saved command","Wróć do zapisanego dowodzenia"
"Return","Powrót"
"Settings","Ustawienia"
"Display, audio, and controls","Obraz, dźwięk i sterowanie"
"Options","Opcje"
"Field Manual","Podręcznik polowy"
"How selection, economy, buildings and armies work","Jak działa zaznaczanie, gospodarka, budowle i armie"
"Help","Pomoc"
"Exit","Wyjście"
"Leave the war table","Odejdź od stołu wojennego"
"Retire","Dymisja"
"SPQR","SPQR"
"QART-HADAST","QART-HADAST"
"STANDARD OF IRON","STANDARD OF IRON"
"Rome and Carthage at the edge of empire","Rzym i Kartagina na krańcu imperium"
"Start here","Zacznij tutaj"
"Enter","Enter"
"Esc","Esc"
"Navigate","Poruszanie"
"Confirm","Zatwierdź"
"Resume battle","Wznów bitwę"
"SECOND PUNIC WAR","DRUGA WOJNA PUNICKA"
"Legions, fleets, elephants, and contested supply lines","Legiony, floty, słonie i sporne linie zaopatrzenia"
"Hannibal Barca","Hannibal Barkas"
"Scipio Africanus","Scypion Afrykański"
"CARTHAGE","KARTAGINA"
"ROME","RZYM"
"Centre","Środek"
"East","Wschód"
"North-East","Północny wschód"
"North","Północ"
"North-West","Północny zachód"
"West","Zachód"
"South-West","Południowy zachód"
"South","Południe"
"South-East","Południowy wschód"
"Maps","Mapy"
"No maps available","Brak dostępnych map"
"Click a base to reseat","Kliknij bazę, by ją przenieść"
"Bases in player colours","Bazy w barwach graczy"
"%1 — held by %2","%1 — zajęta przez %2"
"%1 — free, click to claim it","%1 — wolna, kliknij, by ją zająć"
"Select a map\nto see preview","Wybierz mapę,\nby zobaczyć podgląd"
"No preview available","Podgląd niedostępny"
"Roman Republic","Republika Rzymska"
"Commander","Dowódca"
"Need at least 1 enabled player to start","Do startu potrzeba co najmniej 1 włączonego gracza"
"Need at least 2 enabled players to start","Do startu potrzeba co najmniej 2 włączonych graczy"
"At least two teams must be selected to start a match","Do rozpoczęcia meczu trzeba wybrać co najmniej dwie drużyny"
"This battlefield only has %1 starting bases","To pole bitwy ma tylko %1 baz startowych"
"Every player in play needs a starting base","Każdy grający gracz potrzebuje bazy startowej"
"You","Ty"
"CPU %1","Komputer %1"
"%1 gold","%1 złota"
"Skirmish","Potyczka"
"Pick a battlefield, then set the colours, nations and commanders that take the field.","Wybierz pole bitwy, a potem ustal barwy, narody i dowódców, którzy staną w polu."
"← Back","← Wstecz"
"Battlefields","Pola bitew"
"Loading maps...","Wczytywanie map..."
"No maps available","Brak dostępnych map"
"Slots","Miejsca"
"Player slots this battlefield was authored for","Miejsca graczy, na jakie napisano to pole bitwy"
"In play","W grze"
"Players that will take the field","Gracze, którzy staną w polu"
"Sides","Strony"
"Distinct teams among the players in play","Osobne drużyny wśród grających"
"Opposition","Przeciwnicy"
"Scripted","Skryptowani"
"Players only","Tylko gracze"
"This battlefield brings its own enemies, so you can start alone","To pole bitwy przynosi własnych wrogów, więc możesz zacząć sam"
"This battlefield needs at least two opposing players","To pole bitwy wymaga co najmniej dwóch przeciwnych graczy"
"Treasury","Skarbiec"
"Gold every side starts with — click to change","Złoto, z jakim zaczyna każda strona — kliknij, by zmienić"
"Select a battlefield to continue","Wybierz pole bitwy, by przejść dalej"
"Order of Battle","Ordre de bataille"
"Click any chip to change it • pick a base on the map for the highlighted seat","Kliknij dowolny znacznik, by go zmienić • wybierz bazę na mapie dla podświetlonego miejsca"
"Click any chip to change it","Kliknij dowolny znacznik, by go zmienić"
"+ Add CPU","+ Dodaj komputer"
"Every slot on this battlefield is taken","Każde miejsce na tym polu bitwy jest zajęte"
"Add an AI opponent","Dodaj przeciwnika komputerowego"
"Leave this slot empty","Zostaw to miejsce puste"
"Bring this slot into the battle","Wprowadź to miejsce do bitwy"
"Slot %1 • click to move seat","Miejsce %1 • kliknij, by przenieść"
"Slot %1 • AI","Miejsce %1 • komputer"
"Colour","Barwa"
"Player colour — click to change","Barwa gracza — kliknij, by zmienić"
"Base","Baza"
"None","Brak"
"Starting base — click for the next free one, or pick it on the map","Baza startowa — kliknij, by wziąć następną wolną, albo wskaż ją na mapie"
"Nation","Naród"
"Nation — click to change","Naród — kliknij, by zmienić"
"%1 — click to change commander","%1 — kliknij, by zmienić dowódcę"
"Commander — click to change","Dowódca — kliknij, by zmienić"
"Team %1","Drużyna %1"
"Team — click to change sides","Drużyna — kliknij, by zmienić stronę"
"Remove this opponent","Usuń tego przeciwnika"
"↑ ↓ Choose","↑ ↓ Wybór"
"Enter Start","Enter Rozpocznij"
"Esc Back","Esc Wstecz"
"Observe","Obserwuj"
"Pick a battlefield with at least two camps to watch","Wybierz pole bitwy z co najmniej dwoma obozami do oglądania"
"Watch the computer fight itself on this battlefield","Popatrz, jak komputer walczy sam ze sobą na tym polu bitwy"
"Play ▶","Graj ▶"
"Start the battle (Enter)","Rozpocznij bitwę (Enter)"
"Player %1","Gracz %1"
"AI Player %1","Gracz komputerowy %1"
"Unnamed Map","Mapa bez nazwy"
"A fertile valley for two. One channel runs the whole map north to south and only two fords cross it. A cross spur on each bank means you either hug the water or swing wide to reach them, and the boomerang ridge cupping each start makes the back door terrain rather than a wall. Nothing haunts this valley: it is the plain match, with no Sepulcher to distract either side.","Żyzna dolina dla dwóch. Jedno koryto biegnie przez całą mapę z północy na południe i przecinają je tylko dwa brody. Poprzeczna ostroga na każdym brzegu sprawia, że albo trzymasz się wody, albo nadkładasz drogi, by do nich dojść, a bumerangowy grzbiet obejmujący każdy start czyni tylne wejście terenem, a nie murem. Nic nie nawiedza tej doliny: to zwykły mecz, bez Grobowca odciągającego uwagę którejkolwiek ze stron."
"A quiet meadow between a Carthaginian camp and a Roman outpost, laid out for the tutorial: timber, stone and ore within a short walk of the barracks, a scouting party to practise on, and a small enemy camp to take once the army is ready.","Cicha łąka między obozem kartagińskim a rzymską strażnicą, ułożona pod samouczek: drewno, kamień i ruda o krótki spacer od koszar, oddział zwiadowczy do ćwiczeń i mały obóz wroga do zdobycia, gdy armia będzie gotowa."
"A redoubt above a dry ford, for one. A spur of rock runs the length of the approach and the two shoulders close the flanks, so everything coming down from the north is committed to one of two lanes -- the cart gate in the west, the goat path in the east -- and they do not meet again until the ground in front of the camp. One line cannot hold both mouths, so holding here is a question of which lane you stand in and when you leave it.","Reduta nad suchym brodem, dla jednego. Skalna ostroga biegnie wzdłuż całego podejścia, a dwa ramiona zamykają skrzydła, więc wszystko, co schodzi z północy, musi wejść w jeden z dwóch korytarzy — bramę dla wozów na zachodzie albo kozią ścieżkę na wschodzie — i nie spotykają się one ponownie aż do gruntu przed obozem. Jedna linia nie utrzyma obu wylotów, więc obrona sprowadza się tu do tego, w którym korytarzu stoisz i kiedy z niego wyjdziesz."
"A timber detail's cut above the Pinewater, for one. The near stand beside the camp is already half felled, so the levy is only filled out of the deep pines a long haul north-east, past the spine of rock the haul road has to swing around. The scree that gives up the stone lies the other way entirely, and the crew is not big enough to work both without splitting it.","Poręba drwali nad Sosnową Wodą, dla jednego. Bliski drzewostan przy obozie jest już do połowy wycięty, więc pobór uzupełnia się tylko z gęstych sosen o długi kurs na północny wschód, za skalnym grzbietem, który droga zwózki musi obejść. Piarg oddający kamień leży w zupełnie inną stronę, a ekipa nie jest dość liczna, by pracować przy obu, nie dzieląc się."
"Amber Delta","Bursztynowa delta"
"Battle of Cannae","Bitwa pod Kannami"
"Battle of Lake Trasimene","Bitwa nad Jeziorem Trazymeńskim"
"Battle of Ticino","Bitwa nad Ticinusem"
"Battle of Trebia","Bitwa nad Trebią"
"Battle of Zama","Bitwa pod Zamą"
"Blackpine Hollow","Czarnososnowa Kotlina"
"Campania Campaign","Kampania kampańska"
"Copper Canyons","Miedziane Kaniony"
"Crossing the Alps","Przejście przez Alpy"
"Crossing the Rhone - Polished Maze Version","Przeprawa przez Rodan — wersja dopracowanego labiryntu"
"Deep wet pine forest for two. A crater wall rings the shrine bowl at the centre and no road enters it - the gates cut through its rim are the only way in, so the middle belongs to whoever will fight for it on foot. Everything else is one ring road and the trees.","Głęboki, wilgotny bór sosnowy dla dwóch. Ściana krateru otacza kotlinę ze świątynią pośrodku i nie wchodzi w nią żadna droga — jedyne wejście to bramy przecięte w jej krawędzi, więc środek należy do tego, kto stoczy o niego walkę pieszo. Cała reszta to jedna droga okrężna i drzewa."
"Four camps in a snowed-in basin. Two melt races cross at its centre and cut the ground into quarters, so every neighbour is a bridge away: an inner crossing in the open, or a longer one out under the rim ranges. Four corner tarns and four barrow cairns fill the rest.","Cztery obozy w zaśnieżonej kotlinie. Dwa potoki roztopowe krzyżują się pośrodku i tną grunt na ćwiartki, więc każdy sąsiad jest o most dalej: wewnętrzna przeprawa w otwartym polu albo dłuższa pod pasmami krawędzi. Resztę wypełniają cztery narożne jeziorka i cztery kurhany."
"Four camps on a dry Iberian hillside. No river runs here - the terraces are the map. Each camp looks out through a horned terrace wall with a gate at either horn, and the old press mound in the middle is high ground four worn tracks climb.","Cztery obozy na suchym iberyjskim zboczu. Nie płynie tu żadna rzeka — mapą są tarasy. Każdy obóz patrzy przez rogaty mur tarasu z bramą przy każdym rogu, a stary kopiec tłoczni pośrodku to wzniesienie, na które wspinają się cztery wydeptane ścieżki."
"Frostmere Basin","Kotlina Mroźnego Jeziora"
"Iron Sepulcher Watch","Straż Żelaznego Grobowca"
"Pinewater Cut","Poręba nad Sosnową Wodą"
"Sallow Ford","Wierzbowy Bród"
"Six camps in a banded rock desert. Three races cross at the middle and cut the ground into six wedges, so every neighbour is two crossings away: one under the junction knaps, one out at the rim stacks. A mesa lies across each wedge, and the lane past it is where the sector is won.","Sześć obozów w pasiastej skalnej pustyni. Trzy koryta krzyżują się pośrodku i tną grunt na sześć klinów, więc każdy sąsiad jest o dwie przeprawy dalej: jedna pod skalnymi progami skrzyżowania, druga przy kominach na krawędzi. W poprzek każdego klina leży stołowa góra, a o sektor rozstrzyga korytarz obok niej."
"Small authored scenario that demonstrates ruins, a shrine, and undead awakening zones.","Mały autorski scenariusz pokazujący ruiny, świątynię i strefy przebudzenia umarłych."
"Sunbaked Terraces","Spieczone Tarasy"
"The Two Fords","Dwa Brody"
"Three camps a side along one broad channel. The Amber runs the whole map and only three ferry crossings span it, so a bank is a front line: the highway behind each bank links its three camps, and every attack has to buy a bridge first.","Po trzy obozy na stronę wzdłuż jednego szerokiego koryta. Bursztyn płynie przez całą mapę i przecinają go tylko trzy przeprawy promowe, więc brzeg jest linią frontu: gościniec za każdym brzegiem łączy jego trzy obozy, a każde natarcie musi najpierw kupić sobie przeprawę."
"Training Meadow","Łąka ćwiczebna"
"CPU %1","Komputer %1"
"This battlefield has fewer than two slots to observe","To pole bitwy ma mniej niż dwa miejsca do obserwacji"
"Campaign manager not initialized","Menedżer kampanii nie został zainicjowany"
"Failed to load mission","Nie udało się wczytać misji"
"Failed to load mission preview: %1","Nie udało się wczytać podglądu misji: %1"
"Rhône","Rodan"
"The Alps","Alpy"
"N. Italy","Płn. Italia"
"Trasimene","Trazymen"
"Cannae","Kanny"
"Campania","Kampania"
"S. Italy","Płd. Italia"
"Zama","Zama"
"Mission Region","Region misji"
"Rome","Rzym"
"Carthage","Kartagina"
"Neutral","Neutralny"
"Loading map…","Wczytywanie mapy…"
"Tilt -","Pochyl -"
"Tilt +","Pochyl +"
"Reset view","Zresetuj widok"
"Control:","Kontrola:"
"Legend","Legenda"
"Arrows pan  ·  Drag to rotate  ·  Scroll or +/- to zoom  ·  Home resets","Strzałki przesuwają  ·  Przeciągnij, by obrócić  ·  Kółko albo +/- przybliża  ·  Home resetuje"
"Suffete Command","Dowództwo sufetów"
"Consular Command","Dowództwo konsularne"
"Carthaginian High Command","Naczelne dowództwo Kartaginy"
"Roman High Command","Naczelne dowództwo Rzymu"
"its shortcut","jego skrót"
"Apulian river plain","Apulijska równina rzeczna"
"Campanian plain","Równina kampańska"
"Lakeside hill country","Pagórkowaty kraj nad jeziorem"
"Mountain","Góry"
"North African plain","Równina północnoafrykańska"
"Po valley river plain","Równina rzeczna doliny Padu"
"River valley","Dolina rzeczna"
"Winter river plain","Zimowa równina rzeczna"
"Unknown","Nieznane"
"Sealed","Zapieczętowane"
"In Progress","W toku"
"Rewards: Sealed until prior victories","Nagrody: zapieczętowane do czasu wcześniejszych zwycięstw"
"Rewards: Laurels Inscribed • Veteran Honors Claimed","Nagrody: laury wyryte • honory weteranów odebrane"
"Rewards: Bronze Standard • Veteran Cohort","Nagrody: spiżowy sztandar • kohorta weteranów"
"Dispatch:","Depesza:"
"Campaign Objectives (complete all):","Cele kampanii (wykonaj wszystkie):"
"Campaign Objectives (complete any):","Cele kampanii (wykonaj dowolny):"
"Campaign Objectives:","Cele kampanii:"
"Complete mission objective","Wykonaj cel misji"
"Optional:","Opcjonalne:"
"Complete optional objective","Wykonaj cel opcjonalny"
"Failure:","Porażka:"
"Avoid mission failure","Unikaj porażki misji"
"• Complete the mission successfully","• Ukończ misję pomyślnie"
"Army Composition:","Skład armii:"
"Historical Ledger:","Zapis historyczny:"
"Casualties Forecast:","Prognoza strat:"
"Tactical Rating:","Ocena taktyczna:"
"Campaign Success:","Powodzenie kampanii:"
"Opposition Command","Dowództwo przeciwnika"
"Field Command Pending","Dowództwo polowe w toku ustalania"
"No named commander assigned to this force.","Do tych sił nie przypisano dowódcy z nazwiska."
"Orders sealed until prior victories are secured.","Rozkazy zapieczętowane do czasu wcześniejszych zwycięstw."
"Victory recorded. You may replay this engagement at will.","Zwycięstwo zapisane. Możesz powtórzyć to starcie, kiedy zechcesz."
"Orders issued. Deploy when ready.","Rozkazy wydane. Rozstaw wojsko, gdy będziesz gotów."
"Battle tempo: the speed buttons sit on the top bar beside pause, from %1 up to %2. Press %3 or %4 to change speed without leaving the field.","Tempo bitwy: przyciski szybkości są na górnym pasku obok pauzy, od %1 do %2. Naciśnij %3 albo %4, by zmienić tempo bez opuszczania pola."
"Replay Mission","Powtórz misję"
"Start Mission","Rozpocznij misję"
"Complete previous missions to unlock","Ukończ poprzednie misje, by odblokować"
"Locked","Zablokowane"
"✓ Completed","✓ Ukończone"
"✓ Archived","✓ Zarchiwizowane"
"Sealed","Zapieczętowane"
"Open Order","Otwórz rozkaz"
"Difficulty:","Trudność:"
"Player %1","Gracz %1"
"AI Player %1","Gracz komputerowy %1"
"east","wschodu"
"west","zachodu"
"south","południa"
"north","północy"
"southeast","południowego wschodu"
"northeast","północnego wschodu"
"southwest","południowego zachodu"
"northwest","północnego zachodu"
"Enemy","Wróg"
"Wave %1/%2 forming to the %3: %4, roughly %5 troops. Brace.","Fala %1/%2 formuje się od %3: %4, mniej więcej %5 oddziałów. Trzymaj się."
"Wave %1/%2 broken. The line holds.","Fala %1/%2 złamana. Linia trzyma."
"The assault is broken. Nothing else is coming.","Natarcie jest złamane. Nic więcej nie nadejdzie."
"All %1 assault phases broken. Nothing else is coming.","Wszystkie fazy natarcia (%1) złamane. Nic więcej nie nadejdzie."
"AI Wave %1","Fala komputera %1"
"Assault phase %1/%2: %3 from the %4 (%5 units)","Faza natarcia %1/%2: %3 od %4 (jednostki: %5)"
"202 BC: Scipio arranged lanes through his infantry to blunt Hannibal's elephants, while Masinissa and Laelius commanded superior allied cavalry. The returning cavalry helped decide the battle. The Sepulcher intervention is the campaign's deliberate dark-fantasy break from history.","202 p.n.e.: Scypion ułożył w swojej piechocie korytarze, by stępić słonie Hannibala, a Masynissa i Leliusz dowodzili silniejszą jazdą sprzymierzonych. Powracająca jazda pomogła rozstrzygnąć bitwę. Interwencja Grobowca to celowe, mroczno-fantastyczne odejście kampanii od historii."
"215-212 BC: Hannibal campaigned across Campania while Capua served as his principal Italian ally and winter base. This dark-fantasy composite condenses several Roman attempts to contain and isolate the Carthaginian army.","215-212 p.n.e.: Hannibal prowadził kampanię po Kampanii, a Kapua była jego głównym italskim sprzymierzeńcem i zimową bazą. Ta mroczno-fantastyczna kompilacja skraca kilka rzymskich prób powstrzymania i odizolowania armii kartagińskiej."
"216 BC: beside the Aufidus, Hannibal's deliberately yielding center drew a much larger Roman infantry mass forward while African infantry attacked its flanks and Carthaginian cavalry closed the rear. Two Roman camps supported the army.","216 p.n.e.: nad Aufidusem celowo ustępujący środek Hannibala wciągnął naprzód znacznie większą masę piechoty rzymskiej, gdy piechota afrykańska uderzyła na jej skrzydła, a jazda kartagińska zamknęła tyły. Armię wspierały dwa obozy rzymskie."
"217 BC: Hannibal drew Gaius Flaminius along the narrow northern shore of Lake Trasimene and attacked from concealed high ground in morning mist. The Roman marching column had little room to deploy and Flaminius was killed.","217 p.n.e.: Hannibal wciągnął Gajusza Flaminiusza wzdłuż wąskiego północnego brzegu Jeziora Trazymeńskiego i uderzył z ukrytych wzgórz w porannej mgle. Rzymska kolumna marszowa miała mało miejsca na rozwinięcie, a Flaminiusz zginął."
"218 BC: Hannibal crossed the Alps with a multinational army, cavalry, baggage train, and surviving elephants. Ancient sources disagree on the route; this scenario combines contested passes and local attacks into one dark-fantasy ascent.","218 p.n.e.: Hannibal przeszedł Alpy z wielonarodową armią, jazdą, taborem i ocalałymi słoniami. Źródła antyczne nie są zgodne co do trasy; ten scenariusz łączy sporne przełęcze i miejscowe ataki w jedno mroczno-fantastyczne podejście."
"218 BC: Hannibal crossed the Rhône upstream from its mouth using boats, rafts, and a detached force sent across to turn local opposition. Scipio arrived too late; this altered history places Roman advance camps on the far-bank road to create the opening Carthage-versus-Rome engagement.","218 p.n.e.: Hannibal przeprawił się przez Rodan powyżej ujścia, używając łodzi, tratw i wydzielonego oddziału posłanego na drugi brzeg, by obejść miejscowy opór. Scypion przybył za późno; ta zmieniona historia stawia rzymskie obozy przednie na drodze za rzeką, tworząc pierwsze starcie Kartaginy z Rzymem."
"218 BC: the Ticinus was primarily a cavalry engagement between reconnaissance forces. Roman consul Publius Cornelius Scipio was wounded and rescued during the retreat; the camp assault is a plausible dark-fantasy extension of that pursuit.","218 p.n.e.: Ticinus był przede wszystkim starciem jazdy sił rozpoznawczych. Rzymski konsul Publiusz Korneliusz Scypion został ranny i uratowany w odwrocie; szturm na obóz to prawdopodobne, mroczno-fantastyczne przedłużenie tego pościgu."
"A broad river operation with ferries, wooded detours, bridgeheads, and fortified supply quarters; the Iron Sepulcher occupies an avoidable ruin on the southern flank.","Szeroka operacja rzeczna z promami, leśnymi obejściami, przyczółkami i ufortyfikowanymi dzielnicami zaopatrzenia; Żelazny Grobowiec zajmuje ruinę na południowym skrzydle, którą można ominąć."
"A camp is taken by holding its yard, not by levelling it.","Obóz zdobywa się, trzymając jego dziedziniec, a nie równając go z ziemią."
"A camp is taken by standing in it, not by levelling it. Nine men cannot kill thirty-eight, but they can hold two gate yards long enough to claim them - and a Roman column without its commander stops being a column.","Obóz zdobywa się, stojąc w nim, a nie równając go z ziemią. Dziewięciu nie zabije trzydziestu ośmiu, ale zdołają utrzymać dwa dziedzińce bramne dość długo, by je zająć — a rzymska kolumna bez dowódcy przestaje być kolumną."
"A camp, and nobody left standing in it. Get up. There is no shame in it. The shame would be in doing it a second time in the same valley.","Obóz, i nikogo w nim na nogach. Wstawaj. Nie ma w tym wstydu. Wstyd byłby zrobić to drugi raz w tej samej dolinie."
"A column without its commander stops being a column.","Kolumna bez dowódcy przestaje być kolumną."
"A commander alone cannot defend a city quarter.","Sam dowódca nie obroni dzielnicy miasta."
"A general alone on a dead field is just the last corpse standing.","Wódz sam na martwym polu to tylko ostatni stojący trup."
"A guided first field, paced by the player rather than the clock: the Roman raid waits until the recruit's army stands, and the enemy camp is small enough to fall to a first attack.","Prowadzone pierwsze pole, w tempie gracza, nie zegara: rzymski najazd czeka, aż armia rekruta stanie, a obóz wroga jest dość mały, by paść w pierwszym ataku."
"A nation stands on its commander. Kill him and the camps go quiet and unclaimed - which, against a twenty-minute clock, is the only version of this battle that finishes in time.","Naród stoi swoim dowódcą. Zabij go, a obozy ucichną i pozostaną niczyje — co przy dwudziestominutowym zegarze jest jedyną wersją tej bitwy, która kończy się na czas."
"A new standard in the valley, and nobody under it who has held a spear more than twice. My outpost has orders to go and look at you. Try to still be standing when they arrive; it makes the report worth writing.","Nowy sztandar w dolinie, a pod nim nikt, kto trzymał włócznię więcej niż dwa razy. Moja strażnica ma rozkaz pójść i ci się przyjrzeć. Postaraj się jeszcze stać, gdy dotrą; wtedy raport będzie wart pisania."
"ASSAULT I: infantry from north and south; cavalry raiders and engineers on the eastern consular road.","NATARCIE I: piechota z północy i południa; jazda łupieżcza i saperzy na wschodniej drodze konsularnej."
"ASSAULT II: the Roman horns answer one another. Rotate the reserve before all three roads close.","NATARCIE II: rzymskie rogi odpowiadają sobie nawzajem. Przerzuć odwód, zanim zamkną się wszystkie trzy drogi."
"ASSAULT III: siege engines and veteran cohorts. Hold every gate until the twentieth minute.","NATARCIE III: machiny oblężnicze i kohorty weteranów. Utrzymaj każdą bramę do dwudziestej minuty."
"Africa, then, and the two of us, and no river to stand behind. I have the measure of your elephants and I have your Numidians. Whatever you mean to do, do it where I can see it. I have waited sixteen years to stand in the same field as you.","A więc Afryka, i my dwaj, i żadnej rzeki, za którą można stanąć. Zmierzyłem twoje słonie i mam twoich Numidyjczyków. Cokolwiek zamierzasz, zrób to tam, gdzie to zobaczę. Czekałem szesnaście lat, by stanąć z tobą na jednym polu."
"After Cannae, Rome refuses the battle Hannibal wants. The Republic instead presses every road, ally, granary, and walled town. Beneath the orchards, Iron Sepulcher graves make even a successful defense feel temporary.","Po Kannach Rzym odmawia bitwy, jakiej chce Hannibal. Republika naciska zamiast tego na każdą drogę, sprzymierzeńca, spichlerz i miasto w murach. Pod sadami groby Żelaznego Grobowca sprawiają, że nawet udana obrona wydaje się tymczasowa."
"An assault walks toward your camp but turns for whatever it can see. Bait it with something visible and it will take the ground you chose instead of the ground it wanted.","Natarcie idzie ku twojemu obozowi, ale skręca ku wszystkiemu, co zobaczy. Zwab je czymś widocznym, a zajmie grunt, który wybrałeś, zamiast tego, którego chciało."
"Another Roman wave is flanking from the southeast. Rotate quickly.","Kolejna rzymska fala obchodzi od południowego wschodu. Przerzuć siły szybko."
"Battle of Cannae","Bitwa pod Kannami"
"Battle of Lake Trasimene","Bitwa nad Jeziorem Trazymeńskim"
"Battle of Ticino","Bitwa nad Ticinusem"
"Battle of Trebia","Bitwa nad Trebią"
"Battle of Zama","Bitwa pod Zamą"
"Between assaults, seize the eastern Roman siege camp.","Między natarciami zdobądź wschodni rzymski obóz oblężniczy."
"Break all five columns. The ford is held when the last of them is dead in front of it, and not one column sooner.","Złam wszystkie pięć kolumn. Bród jest utrzymany, gdy ostatnia z nich leży przed nim martwa, i ani o kolumnę wcześniej."
"Break all three Roman assault phases. The quarter holds when the last consular column is dead in the streets.","Złam wszystkie trzy rzymskie fazy natarcia. Dzielnica trzyma, gdy ostatnia kolumna konsularna legnie martwa na ulicach."
"Break both Iron Sepulcher attacks. At Zama, the dead no longer remain outside the battle.","Złam oba ataki Żelaznego Grobowca. Pod Zamą umarli nie zostają już poza bitwą."
"Break the chiefs contesting the descent.","Złam wodzów broniących zejścia."
"Break the consular line at its centre.","Przełam linię konsularną w jej środku."
"Break the siege camp once the assaults are spent.","Rozbij obóz oblężniczy, gdy natarcia się wyczerpią."
"Break the three assault phases","Złam trzy fazy natarcia"
"Break the three crossings","Złam trzy przeprawy"
"Break three Roman columns before the survivors find the ford again.","Złam trzy rzymskie kolumny, zanim ocaleni znów znajdą bród."
"Bring the column to the first pass","Doprowadź kolumnę do pierwszej przełęczy"
"Bring the column to the pontoon bridge on the near bank.","Doprowadź kolumnę do mostu pontonowego na bliskim brzegu."
"Burn every cursed guardian from the sepulcher ruins. Kill what cannot die.","Wypal każdego przeklętego strażnika z ruin grobowca. Zabij to, co nie może umrzeć."
"Cavalry reaches it first; hold the yard until the standard changes.","Jazda dociera tam pierwsza; utrzymaj dziedziniec, aż zmieni się sztandar."
"Clear the pass before the mountain closes it. Every hour lost is more men fed to the cold.","Oczyść przełęcz, zanim góra ją zamknie. Każda stracona godzina to kolejni ludzie skarmieni mrozowi."
"Close the encirclement on the Aufidus camp to the north.","Zamknij okrążenie na obozie nad Aufidusem na północy."
"Close the trap on the column town","Zamknij pułapkę na mieście kolumny"
"Cold water and an early start, and my colleague is very pleased with both. He has the men in the river before their porridge. I said what I thought and was overruled, so I shall stand here and watch your ambush do its arithmetic.","Zimna woda i wczesna pobudka, a mój kolega jest zachwycony jednym i drugim. Ma ludzi w rzece, zanim zjedli owsiankę. Powiedziałem, co myślę, i mnie przegłosowano, więc będę tu stał i patrzył, jak twoja zasadzka odrabia swoje rachunki."
"Counterattack now. Break them while they are split by the river.","Kontratakuj teraz. Złam ich, póki rozdziela ich rzeka."
"Cross before the Roman runners reach their garrison. Every second spent waiting feeds the blade.","Przepraw się, zanim rzymscy gońcy dotrą do swojej załogi. Każda sekunda czekania karmi ostrze."
"Cross the Rhône by one of several prepared routes, sever the eastern supply road, and capture two Roman advance camps before Scipio reaches the river.","Przepraw się przez Rodan jedną z kilku przygotowanych tras, przetnij wschodnią drogę zaopatrzeniową i zdobądź dwa rzymskie obozy przednie, zanim Scypion dotrze do rzeki."
"Crossing the Alps","Przejście przez Alpy"
"Crossing the Rhône","Przeprawa przez Rodan"
"Crush all three Roman camps and seal the iron tomb shut. No escape.","Zmiażdż wszystkie trzy obozy rzymskie i zapieczętuj żelazny grobowiec. Bez ucieczki."
"Crush both Roman breakout columns before they claw through the hillside.","Zmiażdż obie rzymskie kolumny przebijające się, zanim wydrapią się przez zbocze."
"Cut and carry home four hundred of timber and two hundred and ten of stone. The near stand will not cover it; the deep pines will.","Zetnij i przywieź do domu czterysta drewna i dwieście dziesięć kamienia. Bliski drzewostan tego nie pokryje; gęste sosny — tak."
"Cut the stores for the road","Wytnij zapasy na drogę"
"Cut timber for the sledges, break stone for the road, and draw iron for the shoes and axles. The column crosses on what your builders can carry.","Zetnij drewno na sanie, rozbij kamień na drogę i wytop żelazo na okucia i osie. Kolumna przejdzie na tym, co udźwigną twoi budowniczowie."
"December 218 BC: Hannibal provoked Tiberius Sempronius Longus into crossing the cold Trebia before breakfast. Carthaginian infantry, cavalry, elephants, and Mago's hidden detachment struck the exhausted Roman army from front, flanks, and rear.","Grudzień 218 p.n.e.: Hannibal sprowokował Tyberiusza Semproniusza Longusa do przejścia zimnej Trebii przed śniadaniem. Piechota kartagińska, jazda, słonie i ukryty oddział Magona uderzyły na wyczerpaną armię rzymską od czoła, ze skrzydeł i z tyłu."
"Defend Hannibal's fortified Campanian supply town and break all three coordinated Roman assaults arriving from separate consular roads.","Broń ufortyfikowanego kampańskiego miasta zaopatrzeniowego Hannibala i złam wszystkie trzy zgrane natarcia rzymskie nadchodzące osobnymi drogami konsularnymi."
"Drive the dead from the shrine. Salt the earth where they stood.","Wypędź umarłych ze świątyni. Zasol ziemię tam, gdzie stali."
"Eighty thousand. I would rather you heard the number than saw it, because seeing it takes most of a morning. Varro has the command today, and Varro believes in going forward. Stand wherever you like.","Osiemdziesiąt tysięcy. Wolę, żebyś tę liczbę usłyszał, niż zobaczył, bo oglądanie jej zajmuje pół poranka. Dziś dowodzi Warron, a Warron wierzy w marsz naprzód. Stań sobie, gdzie chcesz."
"End the war with the men who lead it.","Zakończ wojnę razem z ludźmi, którzy ją prowadzą."
"Endure both waves from the depths. Do not flinch when the ground tears open.","Przetrwaj obie fale z głębin. Nie drgnij, gdy ziemia się rozerwie."
"Enemy camps fall neutral once their commander is dead.","Obozy wroga stają się neutralne, gdy zginie ich dowódca."
"Every soldier lost is counted by the enemy tonight.","Każdy stracony żołnierz zostanie dziś w nocy policzony przez wroga."
"Every system a first match asks for, in the order a new commander meets them: selection and orders, the resource loop from tree to yard, construction cost and placement, recruitment and the population that limits it, stances, the commander's aura and rally, camera, speed and objectives - then one small assault to put it all together.","Każdy system, jakiego wymaga pierwszy mecz, w kolejności, w jakiej nowy dowódca je poznaje: zaznaczanie i rozkazy, pętla surowcowa od drzewa do składu, koszt i stawianie budowli, rekrutacja i ograniczająca ją ludność, postawy, aura i zbiórka dowódcy, kamera, tempo i cele — a potem jedno małe natarcie, by to wszystko złożyć."
"Execute the encirclement, then seize all three Roman camps before their reserves can restore the line.","Wykonaj okrążenie, a potem zajmij wszystkie trzy obozy rzymskie, zanim ich odwody zdołają odbudować linię."
"Field Training","Szkolenie polowe"
"Fifteen thousand in the shallows, and the augurs will say the sacred chickens warned us. Kill a consul and Rome elects another by market day. That is the trick of us: we are not a man.","Piętnaście tysięcy na mieliznach, a wróżbici powiedzą, że święte kury nas ostrzegały. Zabij konsula, a Rzym wybierze następnego do dnia targowego. Na tym polega nasza sztuczka: nie jesteśmy jednym człowiekiem."
"Fill the levy out of the Pinewater cut: four hundred of timber and two hundred and ten of stone, cut and carried home before the column comes back through.","Uzupełnij pobór z poręby nad Sosnową Wodą: czterysta drewna i dwieście dziesięć kamienia, zetnij i przywieź do domu, zanim kolumna wróci tędy z powrotem."
"Final battle in Africa: blunt Scipio's line, survive the Numidian cavalry, and seize all four Roman camps while breaking both risings of the dead.","Ostatnia bitwa w Afryce: stęp linię Scypiona, przetrwaj jazdę numidyjską i zajmij wszystkie cztery obozy rzymskie, łamiąc przy tym oba powstania umarłych."
"Final ridge ahead. Break the last camp to open the descent.","Ostatni grzbiet przed tobą. Rozbij ostatni obóz, by otworzyć zejście."
"Fine. Sempronius rides to Rome to explain his morning. Half a legion walked out of that water and kept walking, and they will meet you again in the spring with dry feet and long memories.","Dobrze. Semproniusz jedzie do Rzymu tłumaczyć swój poranek. Pół legionu wyszło z tej wody i szło dalej, i spotkają cię znowu na wiosnę, z suchymi stopami i długą pamięcią."
"Finish the consular officers on the field.","Dobij oficerów konsularnych na polu."
"Finish the officers inside the ring.","Dobij oficerów wewnątrz pierścienia."
"First battle on Italian soil. Win the cavalry duel, then seize the Roman reserve camp before fresh reinforcements regroup.","Pierwsza bitwa na italskiej ziemi. Wygraj pojedynek jazdy, a potem zajmij rzymski obóz odwodowy, zanim świeże posiłki się przegrupują."
"Five columns and the ford still ours. Count the men twice and do not write the number down until morning; it is always worse in the dark and always worse again in daylight.","Pięć kolumn, a bród wciąż nasz. Przelicz ludzi dwa razy i nie zapisuj liczby do rana; po ciemku zawsze wychodzi gorzej, a przy świetle jeszcze gorzej."
"Fix the Roman center in place. Keep both cavalry wings active.","Przykuj środek rzymski do miejsca. Utrzymaj oba skrzydła jazdy w ruchu."
"Flaminius must not leave the shore.","Flaminiusz nie może opuścić brzegu."
"Follow the valley floor east; the mountain peoples hold the switchbacks above.","Idź dnem doliny na wschód; ludy gór trzymają serpentyny powyżej."
"Four hundred of timber and two hundred of stone, and the near stand was stripped by the last detail. That means the deep pines, which means the long road, which means whatever is living in the deep pines gets a look at us. Split the crew. Escort the far one.","Czterysta drewna i dwieście kamienia, a bliski drzewostan ogołociła poprzednia ekipa. To znaczy gęste sosny, co znaczy długa droga, co znaczy, że to, co żyje w gęstych sosnach, dobrze się nam przyjrzy. Podziel ekipę. Tę dalszą odeskortuj."
"Grave-lights move among the western orchards. The Iron Sepulcher is watching, but the legions remain the greater danger.","Grobowe światła krążą wśród zachodnich sadów. Żelazny Grobowiec patrzy, ale legiony są większym zagrożeniem."
"Hannibal falls, and the allied towns abandon the field.","Hannibal pada, a sprzymierzone miasta opuszczają pole."
"Hannibal's first Italian victory is a test of tempo and cavalry control. Ford-shades complicate the flanks but do not replace the Roman enemy.","Pierwsze italskie zwycięstwo Hannibala to próba tempa i panowania nad jazdą. Cienie brodu komplikują skrzydła, ale nie zastępują rzymskiego wroga."
"Hannibal's masterpiece becomes a prolonged operational battle, not a single frontal collision.","Arcydzieło Hannibala staje się przedłużoną bitwą operacyjną, a nie pojedynczym zderzeniem czołowym."
"High ground doubles a bowman and hardens him against what shoots back. The ridge over the Roman camp is worth more than the extra squadron you would have spent the same minutes recruiting.","Wyżej położony teren podwaja łucznika i utwardza go na to, co strzela w odpowiedzi. Grzbiet nad rzymskim obozem jest wart więcej niż dodatkowy szwadron, na który zeszłyby te same minuty."
"Hold discipline. Let the Romans commit at the ford.","Trzymaj dyscyplinę. Niech Rzymianie zaangażują się przy brodzie."
"Hold the Punic quarter through every consular column.","Utrzymaj dzielnicę punicką przez każdą kolumnę konsularną."
"Hold the Sallow Ford","Utrzymaj Wierzbowy Bród"
"Hold the field, then. My horse is dead, my son is dragging me off it by the arm, and I find I can still count. You have won a ford. Italy is nine hundred miles long.","Więc trzymaj pole. Mój koń nie żyje, syn ciągnie mnie z niego za ramię, a ja wciąż potrafię liczyć. Wygrałeś bród. Italia ma dziewięćset mil długości."
"Hold the gate yard of Scipio's forward town.","Utrzymaj dziedziniec bramny wysuniętego miasta Scypiona."
"Hold the river line and break all three Roman crossings. Let the cold and the water do the work Sempronius will not.","Utrzymaj linię rzeki i złam wszystkie trzy przeprawy rzymskie. Niech mróz i woda zrobią robotę, której Semproniusz nie zrobi."
"Hold the ruins. Force the Romans to fight on two grounds at once.","Utrzymaj ruiny. Zmuś Rzymian do walki na dwóch gruntach naraz."
"Hold the southern bank through all three crossings. Sempronius spends his army on the ice; you have only to still be standing.","Utrzymaj południowy brzeg przez wszystkie trzy przeprawy. Semproniusz przepuszcza armię na lodzie; tobie wystarczy jeszcze stać."
"Hold the southern bank through every Roman assault phase.","Utrzymaj południowy brzeg przez każdą rzymską fazę natarcia."
"If the central camp falls, the Campanian alliance dies with it.","Jeśli padnie środkowy obóz, razem z nim umiera przymierze kampańskie."
"Iron Sepulcher Watch","Straż Żelaznego Grobowca"
"Iron bells answer beneath the south-western crossing. The Sepulcher is advancing on Carthage as well as Rome.","Żelazne dzwony odpowiadają pod południowo-zachodnią przeprawą. Grobowiec nadciąga i na Kartaginę, i na Rzym."
"It is finished. Carthage will have terms, and the terms will be her fleet burned in her own harbour where she can watch it. You were the better general. It has not turned out to matter.","Skończone. Kartagina dostanie warunki, a warunkiem będzie jej flota spalona we własnym porcie, tak by mogła na to patrzeć. Byłeś lepszym wodzem. Okazało się, że to nie ma znaczenia."
"It is the closest camp to your hill; take it before the wings close.","To najbliższy obóz od twojego wzgórza; zdobądź go, zanim zamkną się skrzydła."
"It is the closest of the four camps to your line.","To najbliższy twojej linii z czterech obozów."
"Keep Capua, then. I shall come back after the harvest, and after the one following it. I have buried three consuls who were in a hurry. Patience is cheaper, and it does not require a triumph.","A więc zatrzymaj Kapuę. Wrócę po żniwach, a potem po następnych. Pochowałem trzech konsulów, którym się śpieszyło. Cierpliwość jest tańsza i nie wymaga triumfu."
"Keep both towers standing. Lose one and the lane it watches is yours to walk yourself.","Utrzymaj obie wieże. Strać jedną, a korytarz, którego pilnowała, będziesz musiał obchodzić sam."
"Kill Sempronius and his officers","Zabij Semproniusza i jego oficerów"
"Kill every enemy commander. A nation dies with the man who leads it: its camps fall neutral, its works come down and its troops leave the field.","Zabij każdego dowódcę wroga. Naród umiera wraz z człowiekiem, który go prowadzi: jego obozy stają się neutralne, jego umocnienia padają, a wojska schodzą z pola."
"Kill the Roman commander and take the outpost. A nation dies with the man who leads it.","Zabij rzymskiego dowódcę i zdobądź strażnicę. Naród umiera wraz z człowiekiem, który go prowadzi."
"Kill the Roman commanders","Zabij dowódców rzymskich"
"Kill the consular commanders","Zabij dowódców konsularnych"
"Kill the mountain commanders","Zabij dowódców górskich"
"Learn to command before Rome comes looking for you: select and move troops, drive off a scouting party, put builders to work on timber, stone and ore, raise a Home, recruit an army, break a Roman raid, and take the enemy camp.","Naucz się dowodzić, zanim Rzym zacznie cię szukać: zaznaczaj i ruszaj oddziałami, odpędź patrol zwiadowczy, poślij budowniczych po drewno, kamień i rudę, postaw Dom, zrekrutuj armię, złam rzymski najazd i zdobądź obóz wroga."
"Leave the axes. Leave the carts. A detail that cannot walk out of its own cut does not get to carry anything.","Zostaw siekiery. Zostaw wozy. Ekipa, która nie potrafi wyjść z własnej poręby, niczego nie poniesie."
"Levy filled. Stack it by the road and let the carts argue about it. We cut a wood down to feed a siege that has not started yet — remember that the next time somebody calls this the quiet posting.","Pobór wypełniony. Ułóż to przy drodze i niech wozy się o to kłócą. Wycięliśmy las, by wykarmić oblężenie, które jeszcze się nie zaczęło — pamiętaj o tym, gdy ktoś następnym razem nazwie tę służbę spokojną."
"Lose the redoubt and there is nothing behind it for forty miles.","Strać redutę, a za nią przez czterdzieści mil nie ma nic."
"Lose the river camp and the cold takes what the Romans couldn't.","Strać obóz nad rzeką, a mróz zabierze to, czego nie zdołali Rzymianie."
"Lose the supply camp and the army starves before it reaches the snow line.","Strać obóz zaopatrzeniowy, a armia zagłodzi się, zanim dojdzie do linii śniegu."
"Lose your camp and the tempo dies with it.","Strać obóz, a razem z nim umiera tempo."
"Masinissa's Numidian horse is entering from the north-eastern road.","Numidyjska jazda Masynissy wchodzi od drogi północno-wschodniej."
"Mist on a lake road. Flaminius holds that a column moves faster than an ambush can close, and he is a consul, so he must be right. Do enjoy the next hour. I shall be the one writing the account of it.","Mgła na drodze nad jeziorem. Flaminiusz twierdzi, że kolumna porusza się szybciej, niż zasadzka zdoła się zamknąć, a jest konsulem, więc musi mieć rację. Baw się dobrze przez najbliższą godzinę. To ja będę pisał o niej relację."
"Move the army up to the lower pass camp before the snow closes it.","Podprowadź armię do niższego obozu na przełęczy, zanim zamknie ją śnieg."
"Navigate through the maze of hills and valleys. Watch for enemy patrols!","Przejdź przez labirynt wzgórz i dolin. Uważaj na patrole wroga!"
"No living formation remains to hold the gates.","Nie został żaden żywy szyk, który utrzymałby bramy."
"Nothing new is taught here. The ridge, the bait and the beheading are all things you already know; Cannae only asks whether you can run three of them at once against four times your number.","Niczego nowego się tu nie uczy. Grzbiet, przynęta i ścięcie dowództwa to rzeczy, które już znasz; Kanny pytają tylko, czy potrafisz przeprowadzić trzy naraz przeciw czterokrotnej przewadze."
"Nothing on the shore road survives once both ends are held.","Nic na nadbrzeżnej drodze nie przeżyje, gdy oba jej końce są w twoich rękach."
"One minute. Spend the reserve; save the camp.","Jedna minuta. Wydaj odwód; ocal obóz."
"One officer, no line. The next column will not even slow down.","Jeden oficer, żadnej linii. Następna kolumna nawet nie zwolni."
"One redoubt, two mouths, five columns. Break every assault that comes down the cart gate and the goat path, and still be standing when the fifth is spent.","Jedna reduta, dwa wyloty, pięć kolumn. Złam każde natarcie schodzące bramą dla wozów i kozią ścieżką i wciąż stój, gdy piąte się wyczerpie."
"Overcut the levy. A surplus is the only thing a quartermaster has ever thanked anyone for.","Wytnij ponad pobór. Nadmiar to jedyna rzecz, za jaką kwatermistrz kiedykolwiek komuś podziękował."
"Preserve the market and four homes: Campania is being defended for its people and supplies, not merely its walls.","Ocal targ i cztery domy: Kampanii broni się dla jej ludzi i zapasów, nie tylko dla murów."
"Provision the column for the descent: harvest timber, stone and iron from the pass while the mountain tribes contest every switchback.","Zaopatrz kolumnę na zejście: pozyskaj z przełęczy drewno, kamień i żelazo, gdy górskie plemiona bronią każdego zakrętu."
"Raze every Roman post. Leave Scipio nothing to rally behind.","Zrównaj z ziemią każdy posterunek rzymski. Nie zostaw Scypionowi niczego, wokół czego mógłby się zebrać."
"Reach the Rhone crossing","Dotrzyj do przeprawy na Rodanie"
"Rear guard deployment detected across the southern wadi. This is the final phase.","Wykryto rozwinięcie straży tylnej po drugiej stronie południowego wadi. To ostatnia faza."
"Ride down the commanders once the crossings break.","Stratuj dowódców, gdy przeprawy się załamią."
"Roman cavalry is attempting a breakout from the south. Intercept them.","Jazda rzymska próbuje przebić się od południa. Przechwyć ją."
"Roman cavalry screens the field. Punch through before reserves arrive.","Jazda rzymska osłania pole. Przebij się, zanim nadejdą odwody."
"Roman cavalry waves intensify. Collapse one flank before the rear guard arrives.","Fale jazdy rzymskiej się nasilają. Zawal jedno skrzydło, zanim przybędzie straż tylna."
"Roman reinforcements are approaching from the eastern road.","Posiłki rzymskie zbliżają się drogą od wschodu."
"Roman reserves are entering from the northern camp. Close the pocket faster.","Odwody rzymskie wchodzą z obozu północnego. Zamykaj kocioł szybciej."
"Roman reserves are moving from the western bank.","Odwody rzymskie ruszają z zachodniego brzegu."
"Scipio extends the line. Keep your center steady and protect elephants from isolation.","Scypion rozciąga linię. Trzymaj środek pewnie i nie daj słoniom zostać samym."
"Scipio inherits any crossing you leave behind.","Scypion odziedziczy każdą przeprawę, którą zostawisz."
"Seal the road. Let no scout cross the Ticino alive.","Zapieczętuj drogę. Niech żaden zwiadowca nie przejdzie Ticinusa żywy."
"Second pass defenders are reinforcing. Keep the column moving.","Obrońcy drugiej przełęczy dostają wsparcie. Nie zatrzymuj kolumny."
"Second-wave Roman cavalry is maneuvering for your rear. Rebalance your flanks.","Jazda rzymska drugiej fali manewruje na twoje tyły. Wyrównaj skrzydła."
"Seize Masinissa's camp to finish the four.","Zajmij obóz Masynissy, by dopełnić czwórkę."
"Seize Varro's town at the centre of the Roman line.","Zajmij miasto Warrona w środku linii rzymskiej."
"Seize all four Roman camps — the consular line, Masinissa's Numidians, the rear guard, and the northern camp — before the cavalry closes your rear.","Zajmij wszystkie cztery obozy rzymskie — linię konsularną, Numidyjczyków Masynissy, straż tylną i obóz północny — zanim jazda zamknie ci tyły."
"Seize both Roman camps. The ambush is not finished until their flags come down.","Zajmij oba obozy rzymskie. Zasadzka nie jest skończona, dopóki nie opadną ich sztandary."
"Seize the Roman hill fort","Zajmij rzymski gród na wzgórzu"
"Seize the camp guarding Scipio's rear.","Zajmij obóz osłaniający tyły Scypiona."
"Seize the river town","Zajmij miasto nad rzeką"
"Seize the second Roman camp on the north-east road.","Zajmij drugi obóz rzymski przy drodze północno-wschodniej."
"Seize the second camp at the eastern end of the lake.","Zajmij drugi obóz na wschodnim krańcu jeziora."
"Seize the two river forts. Leave no crossing for Scipio's army to inherit.","Zajmij oba forty nad rzeką. Nie zostaw armii Scypiona żadnej przeprawy w spadku."
"Sempronius spends his army on the ice; you only have to still be standing.","Semproniusz przepuszcza armię na lodzie; tobie wystarczy jeszcze stać."
"Set builders on the slopes; the pass is paid for in materials, not blood.","Poślij budowniczych na stoki; za przełęcz płaci się materiałami, nie krwią."
"Sixty men and a shrine the local people will not walk past after dark. My orders say investigate. I would sooner burn it and write that we investigated, but the Senate reads.","Sześćdziesięciu ludzi i świątynia, obok której miejscowi po zmroku nie przechodzą. Rozkazy mówią: zbadać. Wolałbym ją spalić i napisać, że zbadaliśmy, ale Senat czyta."
"So the centre gave and the wings did not. That was well done, and I say so, and I was inside it. Rome has lost an army and a ring for every knight in it. Rome has not yet lost anything that matters.","A więc środek ustąpił, a skrzydła nie. To było dobrze zrobione, mówię to ja, a byłem w środku tego. Rzym stracił armię i pierścień za każdego jeźdźca w niej. Rzym nie stracił jeszcze niczego, co się liczy."
"So you came down the far side. Fewer, and on foot, and I am told you left the baggage up in the snow along with the men who were carrying it. Italy is waiting. Italy is not empty.","A więc zszedłeś drugą stroną. Mniej was, i pieszo, i mówią mi, że zostawiłeś tabor w śniegu razem z ludźmi, którzy go nieśli. Italia czeka. Italia nie jest pusta."
"So you have come down out of the rocks after all. Fewer than the count they gave me, and greyer. Well. The Ticinus is shallow, the ground beyond it is ours, and I have a great deal of time in which to be wrong about you.","A więc jednak zszedłeś ze skał. Mniej was, niż podawał rachunek, i bardziej siwi. No cóż. Ticinus jest płytki, ziemia za nim jest nasza, a ja mam mnóstwo czasu, by się co do ciebie mylić."
"So. The Barcid crawls down to the Rhone. Cross where you like - the river is not particular about whose bones it keeps, and Rome has a great deal of patience and a very great many shovels. My surveyors are already pacing out your grave. They tell me the ground here drinks well.","A więc Barkida schodzi do Rodanu. Przepraw się, gdzie chcesz — rzeka nie wybrzydza, czyje kości zatrzymuje, a Rzym ma mnóstwo cierpliwości i bardzo, bardzo wiele łopat. Moi mierniczy już wymierzają twój grób. Mówią, że ziemia tutaj dobrze pije."
"Spring the ambush and capture both Roman field camps within twenty minutes, before the mist lifts and a cohort escapes the basin.","Odpal zasadzkę i zdobądź oba rzymskie obozy polowe w ciągu dwudziestu minut, zanim mgła się podniesie i kohorta ucieknie z kotliny."
"Stand in the gate yard of the northern advance camp until it falls to Carthage.","Stój na dziedzińcu bramnym północnego obozu przedniego, aż przypadnie Kartaginie."
"Stand your ground. The last soldier alone is not a force — he is a sacrifice.","Trzymaj się. Ostatni żołnierz w pojedynkę nie jest siłą — jest ofiarą."
"Strike now. Close the western route and split their line.","Uderz teraz. Zamknij zachodnią trasę i rozłam ich linię."
"Supply is a target - and it cuts both ways. Your market and your homes are what the Romans are actually marching at, and their siege camp keeps its own stockpile within reach of a raid.","Zaopatrzenie jest celem — i tnie w obie strony. To twój targ i twoje domy są tym, na co naprawdę maszerują Rzymianie, a ich obóz oblężniczy trzyma własny skład w zasięgu wypadu."
"Take Scipio's town","Zdobądź miasto Scypiona"
"Take the Numidian camp","Zdobądź obóz numidyjski"
"Take the Roman marching town at the head of the lakeside road.","Zdobądź rzymskie miasto marszowe u wylotu drogi nad jeziorem."
"Take the allied camp","Zdobądź obóz sprzymierzeńców"
"Take the bridge camp and the eastern reserve quarter before the Roman scouts vanish into the fog.","Zdobądź obóz mostowy i wschodnią dzielnicę odwodów, zanim rzymscy zwiadowcy znikną we mgle."
"Take the consular town","Zdobądź miasto konsularne"
"Take the crossings, then. Take the whole cold length of the road north and every stone laid on it. Rome does not lose provinces - she lends them, at interest, and I am told the collectors on this road wear no faces at all.","A więc bierz przeprawy. Bierz całą zimną długość drogi na północ i każdy kamień na niej położony. Rzym nie traci prowincji — pożycza je, na procent, a mówią mi, że poborcy na tej drodze nie mają twarzy w ogóle."
"Take the cursed shrine above the sepulcher ruins and hold what you take: clear the guardians out of the ruins, then drive the dead off the shrine itself.","Zdobądź przeklętą świątynię nad ruinami grobowca i utrzymaj, co zdobyłeś: wyczyść strażników z ruin, a potem wypędź umarłych z samej świątyni."
"Take the first pass quickly before the next ambush line assembles.","Zdobądź pierwszą przełęcz szybko, zanim uformuje się kolejna linia zasadzki."
"Take the northern camp","Zdobądź obóz północny"
"Take the rearguard camp","Zdobądź obóz straży tylnej"
"Take the reserve camp","Zdobądź obóz odwodowy"
"Take the river camp","Zdobądź obóz nad rzeką"
"Take the second camp on the southern supply road.","Zdobądź drugi obóz przy południowej drodze zaopatrzeniowej."
"Take the shore camp","Zdobądź obóz nadbrzeżny"
"Taking the rear first denies the cavalry a place to rally.","Zdobycie tyłów najpierw odbiera jeździe miejsce zbiórki."
"The Campanian Vigil","Kampańska warta"
"The Roman column enters the corridor. Wait for full commitment.","Rzymska kolumna wchodzi w korytarz. Poczekaj, aż wejdzie cała."
"The Roman column walks into a geographical trap and is destroyed by converging attacks while the lakeside Sepulcher altar remains an optional horror.","Rzymska kolumna wchodzi w pułapkę terenu i zostaje zniszczona zbieżnymi uderzeniami, a ołtarz Grobowca nad jeziorem pozostaje opcjonalną grozą."
"The Roman villages are heavily defended. Coordinate your attacks!","Wioski rzymskie są mocno bronione. Zgraj swoje uderzenia!"
"The Romans are baited into the winter river and punished by Mago's concealed force, then the defense becomes an assault on a complete winter camp.","Rzymianie zostają zwabieni w zimową rzekę i ukarani przez ukryte siły Magona, a potem obrona zmienia się w szturm na kompletny obóz zimowy."
"The Timber Levy","Pobór drewna"
"The centre gives way once the wings are wrapped around it.","Środek ustępuje, gdy skrzydła się wokół niego zamkną."
"The centre is the strongest camp; bring the elephants up first.","Środek to najsilniejszy obóz; podprowadź najpierw słonie."
"The commander falls and the line behind him is just men standing in a dry riverbed.","Dowódca pada, a linia za nim to już tylko ludzie stojący w wyschniętym korycie."
"The commander falls — and every line collapses behind him.","Dowódca pada — i każda linia za nim się zawala."
"The commander falls — the vigil ends. And the dead keep walking.","Dowódca pada — warta się kończy. A umarli idą dalej."
"The crew is gone and the officer is standing in a clearing with an axe. That is not a work party.","Ekipy nie ma, a oficer stoi na polanie z siekierą. To już nie jest oddział roboczy."
"The crossing is a running battle against terrain, local resistance, and Roman influence. Sepulcher grave-lights remain a dangerous side path rather than the campaign's main enemy.","Przeprawa to ruchoma walka z terenem, miejscowym oporem i wpływami Rzymu. Grobowe światła pozostają niebezpieczną ścieżką poboczną, a nie głównym wrogiem kampanii."
"The dead of the Iron Sepulcher still contest the field; keep a reserve.","Umarli z Żelaznego Grobowca wciąż walczą o pole; trzymaj odwód."
"The final confrontation is Carthage against three coordinated Roman commands, until an Iron Sepulcher host attacks from the battlefield's neglected flank.","Ostateczne starcie to Kartagina przeciw trzem zgranym dowództwom rzymskim — dopóki zastęp Żelaznego Grobowca nie uderzy z zaniedbanego skrzydła pola bitwy."
"The last camp lies to the north-east, beyond the consular line.","Ostatni obóz leży na północnym wschodzie, za linią konsularną."
"The lights are out and the ground is quiet. Count them twice and burn what will burn. Whatever was in there stood here before Rome and will stand here after it. Tonight it simply has other business.","Światła zgasły, a ziemia jest cicha. Przelicz ich dwa razy i spal, co się da spalić. Cokolwiek tam było, stało tu przed Rzymem i będzie stało po nim. Dziś w nocy ma po prostu inne sprawy."
"The mist lifted a little early for you. It happens. The lake will keep what it has been given, and the thing beneath the altar on the shore is not particular about whose it is.","Mgła podniosła się dla ciebie odrobinę za wcześnie. Bywa. Jezioro zatrzyma to, co mu dano, a to, co jest pod ołtarzem na brzegu, nie wybrzydza, czyje to."
"The officer of the detail falls. Nobody else here can sign for the levy.","Oficer oddziału pada. Nikt inny nie podpisze tu odbioru poboru."
"The pass keeps them, then. A word of advice to whoever reads this: do not follow the lights on the snowfield. Whatever carries a lantern at that height stopped being a shepherd a long time ago.","A więc przełęcz ich zatrzyma. Rada dla tego, kto to przeczyta: nie idź za światłami na śnieżnym polu. Cokolwiek nosi latarnię na tej wysokości, dawno przestało być pasterzem."
"The quarter holds when the last column is dead in the streets.","Dzielnica trzyma, gdy ostatnia kolumna legnie martwa na ulicach."
"The redoubt is gone. Go south, keep the spur on your left, and do not stop to look at the ford. There is nothing there now that is worth a second of your life.","Reduty nie ma. Idź na południe, trzymaj ostrogę po lewej i nie zatrzymuj się, by spojrzeć na bród. Nie ma tam teraz nic wartego sekundy twojego życia."
"The reserve feeds the consular line; cut it and the line thins.","Odwód karmi linię konsularną; przetnij go, a linia się przerzedzi."
"The river keeps whatever it is given. Your elephants went in and not all of them came out, and the Trebia is not a large river. Rome has never needed a large one.","Rzeka zatrzymuje wszystko, co jej dano. Twoje słonie weszły i nie wszystkie wyszły, a Trebia nie jest wielką rzeką. Rzym nigdy nie potrzebował wielkiej."
"The river runs north to south across the middle of the valley; the nearest crossing is due east of camp.","Rzeka płynie z północy na południe przez środek doliny; najbliższa przeprawa leży dokładnie na wschód od obozu."
"The road runs north-west along the shore; strike the head of the column first.","Droga biegnie na północny zachód wzdłuż brzegu; uderz najpierw w czoło kolumny."
"The scouts are not coming back, then. Well - everyone begins somewhere, and you have begun by killing eleven men who were expecting their lunch. Rome will send someone who counts next time.","A więc zwiadowcy nie wracają. Cóż — każdy gdzieś zaczyna, a ty zacząłeś od zabicia jedenastu ludzi, którzy spodziewali się obiadu. Następnym razem Rzym przyśle kogoś, kto liczy."
"The shrines you have walked past all campaign were never scenery. Zama reads back over every map behind it - and the Sepulcher has no commander to kill, so the one rule that has served you since Trasimene is the one rule that will not work here.","Świątynie, obok których przechodziłeś przez całą kampanię, nigdy nie były dekoracją. Zama czyta wstecz każdą mapę za sobą — a Grobowiec nie ma dowódcy do zabicia, więc jedyna zasada, która służyła ci od Trazymenu, jest tą jedną, która tu nie zadziała."
"The siege works stand to the east of the quarter.","Prace oblężnicze stoją na wschód od dzielnicy."
"The spur splits them for us, which is the only kindness this ground offers. Cart gate west, goat path east, and they only meet where we are standing. You cannot hold both mouths. Pick one, hold it, and move when the horns tell you to.","Ostroga dzieli ich za nas i to jedyna łaskawość tego gruntu. Brama dla wozów na zachodzie, kozia ścieżka na wschodzie, a spotykają się dopiero tam, gdzie stoimy. Nie utrzymasz obu wylotów. Wybierz jeden, trzymaj go i ruszaj, gdy zagrają rogi."
"The winter camp lies north across the river.","Obóz zimowy leży na północy, za rzeką."
"Their camps fall neutral once their commander is dead.","Ich obozy stają się neutralne, gdy zginie ich dowódca."
"Their troops leave the field with them.","Ich wojska schodzą z pola razem z nimi."
"Then it holds a little longer. Go home to your Senate and tell them what a Roman looks like from close to. I shall be here in the spring, and the spring after that, and I am younger than you.","To znaczy, że utrzyma się jeszcze trochę. Wracaj do swojego Senatu i powiedz im, jak wygląda Rzymianin z bliska. Będę tu na wiosnę i na następną wiosnę, a jestem młodszy od ciebie."
"There. No battle, no glory, no monument: a town with nothing left in it and a road with my army standing on it. They will call me the Delayer. Let them. Your dead will not care what I am called.","Proszę. Żadnej bitwy, żadnej chwały, żadnego pomnika: miasto, w którym nic nie zostało, i droga, na której stoi moja armia. Nazwą mnie Zwlekaczem. Niech nazywają. Twoim zmarłym będzie wszystko jedno, jak mnie nazywają."
"There. Sit down in the mud with the others. They tell me the men who die on this road do not stay where they are put - that they rise about the third watch and go on marching north without their officers. Do continue. You are expected.","Proszę. Siadaj w błocie razem z resztą. Mówią mi, że ludzie, którzy giną na tej drodze, nie zostają tam, gdzie ich położono — że wstają koło trzeciej straży i maszerują dalej na północ bez oficerów. Kontynuuj śmiało. Czekają na ciebie."
"There. That is what the river was for. Have your surgeons work quickly, and tell whatever is left of your baggage train that the road home goes back up the mountain.","Proszę. Po to właśnie była ta rzeka. Niech twoi lekarze pracują szybko i powiedz temu, co zostało z twojego taboru, że droga do domu prowadzi z powrotem w górę."
"They are getting up again. Do not look at the faces; you will know some of them. Fall back to the road, keep walking, and do not stop to bury anything. It does not stay buried here.","Znowu wstają. Nie patrz im w twarze; niektóre rozpoznasz. Cofnij się na drogę, idź dalej i nie zatrzymuj się, by cokolwiek pogrzebać. Tu nic nie zostaje pogrzebane."
"They tell me you have taken an army into the Alps in October, with elephants. I have stopped chasing you. The mountain is a more thorough officer than I am and it does not require pay.","Mówią mi, że wprowadziłeś armię w Alpy w październiku, ze słoniami. Przestałem cię ścigać. Góra jest sumienniejszym oficerem niż ja i nie żąda żołdu."
"Three Roman columns have entered the consular roads. The first coordinated assault arrives at 17:00.","Trzy rzymskie kolumny weszły na drogi konsularne. Pierwsze zgrane natarcie nadejdzie o 17:00."
"Timber for the sledges, stone for the roadbed, iron for shoes and axles.","Drewno na sanie, kamień na podkład drogi, żelazo na okucia i osie."
"Timber only counts once a builder unloads it at the camp. The richest stands are the furthest from the stockpile, so the mission is won on the length of the walk, not the swing of the axe.","Drewno liczy się dopiero wtedy, gdy budowniczy złoży je w obozie. Najbogatsze drzewostany są najdalej od składu, więc misję wygrywa długość drogi, a nie zamach siekiery."
"Turn the nearest Roman allied camp south of the field.","Przeciągnij na swoją stronę najbliższy obóz sprzymierzeńców Rzymu na południe od pola."
"Turn the nearest Roman camp before the cavalry returns.","Przeciągnij na swoją stronę najbliższy obóz rzymski, zanim wróci jazda."
"Twenty minutes before the mist lifts. If a cohort clears the basin, Rome learns the shape of the trap.","Dwadzieścia minut, zanim mgła się podniesie. Jeśli kohorta wyjdzie z kotliny, Rzym pozna kształt pułapki."
"Two bridges cross the Rhône. Choose your path wisely - you may need both routes!","Rodan przecinają dwa mosty. Wybierz drogę mądrze — możesz potrzebować obu tras!"
"With the river camp taken there is nowhere left for the legions to reform.","Gdy obóz nad rzeką padnie, legionom nie zostanie już gdzie się przeformować."
"You bent us and we did not break, and that is the only sentence anyone will need. Gather your dead off the Aufidus. The river runs slow here; they will be a long time going by.","Nagiąłeś nas, a myśmy nie pękli, i to jedyne zdanie, jakiego ktokolwiek będzie potrzebował. Zbierz swoich zmarłych znad Aufidusa. Rzeka płynie tu wolno; długo będą przepływać."
"You have a walled town, an orchard, and a very great many mouths. I have the roads. I am not going to fight you. I am going to stand between you and every granary in Campania until winter explains my position better than I can.","Masz miasto w murach, sad i bardzo, bardzo wiele gęb. Ja mam drogi. Nie zamierzam z tobą walczyć. Zamierzam stać między tobą a każdym spichlerzem w Kampanii, dopóki zima nie wyjaśni mojego stanowiska lepiej, niż potrafię ja."
"You have the river town. My congratulations - you now own three hundred mouths, two wells, and a temple whose god has lately been asking after Carthage by name. Feed them. I shall come back in the spring and count what is left.","Masz miasto nad rzeką. Gratuluję — jesteś teraz właścicielem trzystu gęb, dwóch studni i świątyni, której bóg ostatnio dopytuje o Kartaginę po imieniu. Nakarm ich. Wrócę na wiosnę i policzę, co zostało."
"You killed a consul. Good. Rome keeps forty more in cupboards in the city, and I promise you the ones still in the cupboards are worse. He will be missed - briefly, and only by his creditors.","Zabiłeś konsula. Dobrze. Rzym trzyma w mieście czterdziestu następnych w szafach i zapewniam cię, że ci wciąż w szafach są gorsi. Będzie mu brakowało — krótko i tylko jego wierzycielom."
"Your camp falls — the field goes with it.","Twój obóz pada — a razem z nim pole."
"Your command falls — and the wings fold inward.","Twoje dowództwo pada — i skrzydła zwijają się do środka."
"Your commander falls - and every line collapses behind him.","Twój dowódca pada — i każda linia za nim się zawala."
"%1 × %2","%1 × %2"
"Orders","Rozkazy"
"Orders — any one of these ends it","Rozkazy — wystarczy dowolny z nich"
"Orders — all of them, or none","Rozkazy — wszystkie albo żaden"
"You","Ty"
"Missions","Misje"
"One small field, one order to carry out. No campaign to lose, no second army to worry about.","Jedno małe pole, jeden rozkaz do wykonania. Żadnej kampanii do przegrania, żadnej drugiej armii do pilnowania."
"carried out","wykonano"
"← Back","← Wstecz"
"No missions are installed.","Nie zainstalowano żadnych misji."
"Carried out","Wykonano"
"Worth doing as well","Warto też zrobić"
"You bring","Przyprowadzasz"
"It ends badly if","Kończy się źle, jeśli"
"You have carried this one out before.","Wykonałeś już ten rozkaz."
"Take it again","Wykonaj ponownie"
"Take the field","Wyrusz w pole"
"Pick a mission.","Wybierz misję."
"Roman Republic","Republika Rzymska"
"Carthaginian Empire","Imperium kartagińskie"
"Shield Wall","Ściana tarcz"
"Testudo","Żółw"
"The Iron Sepulcher","Żelazny Grobowiec"
"%1h %2m","%1 h %2 min"
"%1m %2s","%1 min %2 s"
"%1s","%1 s"
"Mission briefing","Odprawa przed misją"
"Mission Briefing","Odprawa przed misją"
"Close the briefing","Zamknij odprawę"
"To Battle","Do boju"
"Move","Ruch"
"Attack","Atakuj"
"Guard","Strzeż"
"Patrol","Patroluj"
"Hold position","Trzymaj pozycję"
"Stop","Stój"
"Build","Buduj"
"Gather","Zbieraj"
"Deliver","Odstaw"
"Repair","Napraw"
"Rally point","Punkt zbiórki"
"Formation","Szyk"
"Squad","Oddział"
"You are not in command of these units.","Nie dowodzisz tymi jednostkami."
"That target is already gone.","Tego celu już nie ma."
"Cannot attack a friendly or neutral target.","Nie można zaatakować celu sojuszniczego ani neutralnego."
"That building no longer exists.","Ta budowla już nie istnieje."
"That building is not yours.","Ta budowla nie jest twoja."
"That order is not available here.","Ten rozkaz nie jest tutaj dostępny."
"That order could not be carried out.","Nie udało się wykonać tego rozkazu."
"%1: %2 units","%1: jednostki: %2"
"No units selected.","Nie zaznaczono jednostek."
"Cannot reach that spot.","Nie można dotrzeć w to miejsce."
"That target is out of range.","Ten cel jest poza zasięgiem."
"Those units are busy with another order.","Te jednostki są zajęte innym rozkazem."
"Hauling a load - it cannot be interrupted until the load is dropped off.","Wiozą ładunek — nie można im przerwać, dopóki go nie oddadzą."
"Not enough resources.","Za mało surowców."
"The selected units cannot attack.","Zaznaczone jednostki nie mogą atakować."
"The selected units cannot guard.","Zaznaczone jednostki nie mogą strzec."
"The selected units cannot patrol.","Zaznaczone jednostki nie mogą patrolować."
"The selected units cannot hold position.","Zaznaczone jednostki nie mogą trzymać pozycji."
"The selected units cannot build.","Zaznaczone jednostki nie mogą budować."
"The selected units cannot gather.","Zaznaczone jednostki nie mogą zbierać."
"Only civilians can be delivered to a barracks.","Do koszar można odstawić tylko cywilów."
"Only builders can repair structures.","Budowle naprawiają tylko budowniczowie."
"Only a squad of several individuals can be divided or joined.","Dzielić i łączyć można tylko oddział złożony z kilku ludzi."
"The selected units cannot take that order.","Zaznaczone jednostki nie przyjmą tego rozkazu."
"No enemy under the cursor.","Pod kursorem nie ma wroga."
"Select a friendly barracks with room for more people.","Wskaż przyjazne koszary, w których jest jeszcze miejsce dla ludzi."
"Select a damaged friendly building to repair.","Wskaż uszkodzoną przyjazną budowlę do naprawy."
"Nothing to target there.","Nie ma tam czego brać na cel."
"Choose a spot on the map.","Wybierz miejsce na mapie."
"That barracks has no room for more people.","W tych koszarach nie ma już miejsca dla ludzi."
"That building does not need repairs.","Ta budowla nie wymaga naprawy."
"Your builders only take down your own buildings.","Twoi budowniczowie rozbierają tylko twoje własne budowle."
"That building cannot be taken down.","Tej budowli nie da się rozebrać."
"Continue","Dalej"
"Select a map","Wybierz mapę"
"Players (%1)","Gracze (%1)"
"Click color/team to cycle","Kliknij barwę/drużynę, by przełączyć"
"Select a map to configure players","Wybierz mapę, by ustawić graczy"
"+ Add CPU","+ Dodaj komputer"
"Add AI player to the game","Dodaj do gry gracza komputerowego"
"Every slot on this map is taken","Każde miejsce na tej mapie jest zajęte"
"Max players reached","Osiągnięto maksimum graczy"
"%1 slot available","Wolne miejsca: %1"
"%1 slots available","Wolne miejsca: %1"
"(map preview)","(podgląd mapy)"
"Player %1","Gracz %1"
"Color","Barwa"
"Click to change color","Kliknij, by zmienić barwę"
"Click to change team","Kliknij, by zmienić drużynę"
"Remove player","Usuń gracza"
"Select a tree to chop.","Wskaż drzewo do ścięcia."
"Select a boulder to collect.","Wskaż głaz do zebrania."
"Select iron ore to collect.","Wskaż rudę żelaza do zebrania."
"No available builder can chop that tree.","Żaden wolny budowniczy nie może ściąć tego drzewa."
"No available builder can collect that boulder.","Żaden wolny budowniczy nie może zebrać tego głazu."
"No available builder can collect that iron ore.","Żaden wolny budowniczy nie może zebrać tej rudy żelaza."
"No available builder can collect that resource.","Żaden wolny budowniczy nie może zebrać tego surowca."
"No walkable spot near that tree.","Brak miejsca do stania przy tym drzewie."
"No walkable spot near that boulder.","Brak miejsca do stania przy tym głazie."
"No walkable spot near that iron ore.","Brak miejsca do stania przy tej rudzie żelaza."
"No walkable spot near that resource.","Brak miejsca do stania przy tym surowcu."
"Select a tree, boulder, ore deposit, ripe farm or sheep.","Wskaż drzewo, głaz, złoże rudy, dojrzałe pole albo owcę."
"Something is already standing here.","Coś już tu stoi."
"This ground cannot be cleared to build on.","Tego gruntu nie da się oczyścić pod budowę."
"Nothing can be built on the water.","Na wodzie nie da się nic zbudować."
"The ground here is too steep to build on.","Grunt jest tu zbyt stromy, by budować."
"That is beyond the edge of the battlefield.","To jest poza krawędzią pola bitwy."
"That structure cannot be placed.","Tej budowli nie da się tu postawić."
"Building factory unavailable.","Fabryka budowli niedostępna."
"A wall already stands here.","Tu już stoi mur."
"No part of this wall can stand there.","Żadna część tego muru nie może tam stanąć."
"Drag out a wall line first.","Najpierw wyciągnij linię muru."
"Choose a build location.","Wybierz miejsce budowy."
"That resource is already assigned.","Ten surowiec jest już przydzielony."
"Nothing here is worth harvesting.","Nie ma tu nic wartego zbierania."
"No resource here to work.","Nie ma tu surowca do pracy."
"No valid wall segments in that drag.","W tym przeciągnięciu nie ma poprawnych odcinków muru."
"No available builder.","Brak wolnego budowniczego."
"Mounted Knight","Rycerz konny"
"Horse Archer","Łucznik konny"
"Horse Spearman","Włócznik konny"
"War Elephant","Słoń bojowy"
"reserve","rezerwy"
"Recruit %1\nCost: %2\nBuild time: %3s\nCarthage exclusive","Rekrutuj: %1\nKoszt: %2\nCzas budowy: %3 s\nTylko dla Kartaginy"
"Recruit %1\nCost: %2\nBuild time: %3s","Rekrutuj: %1\nKoszt: %2\nCzas budowy: %3 s"
"Food","Żywność"
"Wood","Drewno"
"Stone","Kamień"
"Iron","Żelazo"
"Catapult","Katapulta"
"Long-range siege weapon\nEffective against structures","Machina oblężnicza dalekiego zasięgu\nSkuteczna przeciw budowlom"
"Ballista","Balista"
"Precision siege weapon\nEffective against units","Celna machina oblężnicza\nSkuteczna przeciw jednostkom"
"Defense Tower","Wieża obronna"
"Stationary defense structure\nShoots arrows at enemies","Nieruchoma budowla obronna\nStrzela do wrogów z łuku"
"Home","Dom"
"Residential building\nAdds +50 reserve to the nearest barracks","Budynek mieszkalny\nDodaje +50 rezerwy do najbliższych koszar"
"Marketplace","Targowisko"
"Trade building\nBuy or sell resources for gold","Budynek handlowy\nKupuj i sprzedawaj surowce za złoto"
"Wall Segment","Odcinek muru"
"Wooden defensive wall\nBlocks enemy movement","Drewniany mur obronny\nBlokuje ruch wroga"
"Wall Gate","Brama w murze"
"Gated opening in a wall\nOpens for your troops and allies","Przejście z bramą w murze\nOtwiera się przed twoimi oddziałami i sojusznikami"
"Need %1","Brakuje: %1"
"%1 %2","%1 %2"
"Cannot recruit","Nie można rekrutować"
"Queue is full (5/5)","Kolejka jest pełna (5/5)"
"Not enough reserve","Za mało rezerwy"
"Already building...","Już buduje..."
"QUEUE","KOLEJKA"
"Barracks reserve: %1 / %2","Rezerwa koszar: %1 / %2"
"%1s","%1 s"
"Idle","Bezczynny"
"RECRUIT UNITS","REKRUTUJ JEDNOSTKI"
"HOME RECRUITMENT","REKRUTACJA W DOMU"
"Available civilians: %1 / %2","Dostępni cywile: %1 / %2"
"Recruit %1\nCost: %2\nBuild time: %3s\nUse Deliver mode, then click a friendly barracks to add to its reserve.","Rekrutuj: %1\nKoszt: %2\nCzas budowy: %3 s\nUżyj trybu Odstaw, a potem kliknij przyjazne koszary, by dodać do ich rezerwy."
"families","rodziny"
"This home already committed its 3 civilians","Ten dom oddał już swoich 3 cywilów"
"Click Map to Set Rally","Kliknij mapę, by ustawić zbiórkę"
"Set Rally Point","Ustaw punkt zbiórki"
"Set where newly recruited units will gather.\nRight-click to cancel.","Wyznacz miejsce zbiórki nowo rekrutowanych jednostek.\nPrawy przycisk anuluje."
"Select a barracks or temple before setting a rally point.","Zaznacz koszary albo świątynię, zanim wyznaczysz punkt zbiórki."
"Right-click to cancel","Prawy przycisk anuluje"
"BUILDER CONSTRUCTION","BUDOWA"
"Build siege weapons, structures, and gather wood, stone, iron, and food","Buduj machiny oblężnicze i budowle oraz zbieraj drewno, kamień, żelazo i żywność"
"Select a structure to build","Wybierz budowlę do postawienia"
"Cut Tree","Zetnij drzewo"
"Collect Stone","Zbierz kamień"
"Collect Iron Ore","Zbierz rudę żelaza"
"Harvest Grain","Zbierz zboże"
"Slaughter Sheep","Ubij owcę"
"Farm","Farma"
"Task: %1","Zadanie: %1"
"Building: %1","Buduje: %1"
"Build Catapult\n%1\nCost: %2\nBuild time: %3s","Zbuduj katapultę\n%1\nKoszt: %2\nCzas budowy: %3 s"
"Build Ballista\n%1\nCost: %2\nBuild time: %3s","Zbuduj balistę\n%1\nKoszt: %2\nCzas budowy: %3 s"
"Build Defense Tower\n%1\nCost: %2\nBuild time: %3s","Zbuduj wieżę obronną\n%1\nKoszt: %2\nCzas budowy: %3 s"
"Build Home\n%1\nCost: %2\nBuild time: %3s","Zbuduj dom\n%1\nKoszt: %2\nCzas budowy: %3 s"
"Build Farm\n%1\nCost: %2\nBuild time: %3s","Zbuduj farmę\n%1\nKoszt: %2\nCzas budowy: %3 s"
"Grows grain in cycles\nBuilders reap it for the food that recruits civilians","Uprawia zboże w cyklach\nBudowniczowie zżynają je na żywność, za którą rekrutuje się cywilów"
"Build Wall Segment\n%1\nCost: %2\nBuild time: %3s","Zbuduj odcinek muru\n%1\nKoszt: %2\nCzas budowy: %3 s"
"Build Wall Gate\n%1\nCost: %2\nBuild time: %3s","Zbuduj bramę w murze\n%1\nKoszt: %2\nCzas budowy: %3 s"
"Build Marketplace\n%1\nCost: %2\nBuild time: %3s","Zbuduj targowisko\n%1\nKoszt: %2\nCzas budowy: %3 s"
"Temple","Świątynia"
"Build Temple\n%1\nCost: %2\nBuild time: %3s","Zbuduj świątynię\n%1\nKoszt: %2\nCzas budowy: %3 s"
"Sanctuary of the nation\nWide vision and a durable settlement anchor","Sanktuarium narodu\nSzerokie pole widzenia i trwała kotwica osady"
"MARKETPLACE","TARGOWISKO"
"Trade resources for gold at fixed exchange rates","Wymieniaj surowce na złoto po stałym kursie"
"Select your marketplace to trade","Zaznacz swoje targowisko, by handlować"
"Gold: %1    Trade size: %2","Złoto: %1    Wielkość transakcji: %2"
"Trading is available only for your own marketplace.","Handel jest dostępny tylko na twoim własnym targowisku."
"You have %1","Masz %1"
"Buy %1 (%2g)","Kup %1 (%2 zł)"
"Spend %1 gold to buy %2 %3","Wydaj %1 złota, by kupić %2 %3"
"Sell %1 (+%2g)","Sprzedaj %1 (+%2 zł)"
"Sell %1 %2 for %3 gold","Sprzedaj %1 %2 za %3 złota"
"TEMPLE","ŚWIĄTYNIA"
"The sanctuary of your nation, raised in its own architectural style","Sanktuarium twojego narodu, wzniesione w jego własnym stylu"
"Watches over a wide stretch of ground and holds a settlement together","Czuwa nad szerokim pasem terenu i spaja osadę"
"TAKE VOWS","ZŁÓŻ ŚLUBY"
"Temple reserve: %1 / %2","Rezerwa świątyni: %1 / %2"
"Deliver civilians here to raise the temple's reserve","Odstawiaj tu cywilów, by podnieść rezerwę świątyni"
"FARM","FARMA"
"Grain ripens every %1s and a builder reaps %2 food from it","Zboże dojrzewa co %1 s, a budowniczy zbiera z niego %2 żywności"
"Ripe","Dojrzałe"
"%1% grown · %2s","wzrost %1% · %2 s"
"Select your farm to see its crop.","Zaznacz swoją farmę, by zobaczyć jej zbiory."
"A builder is on its way to harvest.","Budowniczy jest już w drodze na żniwa."
"Send a builder with Collect, or leave Auto Gather running.","Wyślij budowniczego rozkazem Zbieraj albo zostaw włączone auto-zbieranie."
"Harvested %1 times so far.","Zbiorów do tej pory: %1."
"No Barracks","Brak koszar"
"Select a barracks to recruit units","Zaznacz koszary, by rekrutować jednostki"
"food","żywności"
"wood","drewna"
"stone","kamienia"
"iron","żelaza"
"Select your marketplace to trade.","Zaznacz swoje targowisko, by handlować."
"The marketplace does not trade that.","Targowisko tym nie handluje."
"Not enough gold to buy %1.","Za mało złota, by kupić %1."
"Not enough %1 to sell.","Za mało %1 na sprzedaż."
"System","System"
"Camera","Kamera"
"Selection","Zaznaczenie"
"Orders","Rozkazy"
"Commander movement","Ruch dowódcy"
"Commander combat","Walka dowódcy"
"Open menu","Otwórz menu"
"Also cancels a placement or rally in progress","Anuluje też trwające stawianie budowli lub zbiórkę"
"Switch between army and commander","Przełączaj między armią a dowódcą"
"Quick save","Szybki zapis"
"Quick load","Szybkie wczytanie"
"Pause","Pauza"
"Speed up the battle","Przyspiesz bitwę"
"Steps through the speeds shown on the top bar","Przechodzi przez tempa pokazane na górnym pasku"
"Slow down the battle","Spowolnij bitwę"
"Pan camera up","Przesuń kamerę w górę"
"Slides the view north over the battlefield. Hold Shift to cover twice the ground per step.","Przesuwa widok na północ nad polem bitwy. Przytrzymaj Shift, by na krok pokonać dwa razy więcej terenu."
"Pan camera down","Przesuń kamerę w dół"
"Slides the view south. Hold Shift to move faster.","Przesuwa widok na południe. Przytrzymaj Shift, by iść szybciej."
"Pan camera left","Przesuń kamerę w lewo"
"Slides the view west. Hold Shift to move faster.","Przesuwa widok na zachód. Przytrzymaj Shift, by iść szybciej."
"Pan camera right","Przesuń kamerę w prawo"
"Slides the view east. Hold Shift to move faster.","Przesuwa widok na wschód. Przytrzymaj Shift, by iść szybciej."
"Rotate camera left","Obróć kamerę w lewo"
"Swings the view anticlockwise around the point you are looking at. Hold Shift to swing further.","Obraca widok przeciwnie do ruchu wskazówek zegara wokół punktu, na który patrzysz. Przytrzymaj Shift, by obrócić dalej."
"Rotate camera right","Obróć kamerę w prawo"
"Swings the view clockwise around the point you are looking at. Hold Shift to swing further.","Obraca widok zgodnie z ruchem wskazówek zegara wokół punktu, na który patrzysz. Przytrzymaj Shift, by obrócić dalej."
"Tilt camera up","Pochyl kamerę w górę"
"Raises the camera towards an overhead view. Hold Shift to tilt further.","Podnosi kamerę ku widokowi z góry. Przytrzymaj Shift, by pochylić dalej."
"Tilt camera down","Pochyl kamerę w dół"
"Lowers the camera towards the horizon. Hold Shift to tilt further.","Opuszcza kamerę ku horyzontowi. Przytrzymaj Shift, by pochylić dalej."
"Zoom in","Przybliż"
"Moves the camera closer. The mouse wheel does the same.","Przysuwa kamerę bliżej. Kółko myszy robi to samo."
"Zoom out","Oddal"
"Pulls the camera back. The mouse wheel does the same.","Odciąga kamerę. Kółko myszy robi to samo."
"Reset camera","Zresetuj kamerę"
"Returns to your own camp at the framing the mission opened with. The top bar has the same button.","Wraca do twojego obozu w kadrze, którym zaczęła się misja. Ten sam przycisk jest na górnym pasku."
"Select unit or drag a selection box","Zaznacz jednostkę albo zakreśl ramkę zaznaczenia"
"Select all troops","Zaznacz wszystkie oddziały"
"Move or attack-move to the cursor","Idź lub atakuj w ruchu ku kursorowi"
"Stop","Stój"
"Attack","Atakuj"
"Move","Ruch"
"Patrol","Patroluj"
"Guard","Strzeż"
"Hold position","Trzymaj pozycję"
"Deploy the selection in a formation","Rozstaw zaznaczenie w szyku"
"Opens the formation planner for the selected troops","Otwiera planer szyku dla zaznaczonych oddziałów"
"Place commander rally flag","Ustaw sztandar zbiórki dowódcy"
"Takes priority over anything else on its key while a rally can be placed","Ma pierwszeństwo przed wszystkim innym na tym klawiszu, dopóki można ustawić zbiórkę"
"Rotate structure outline left","Obróć obrys budowli w lewo"
"Turns the structure or wall you are placing anticlockwise. The mouse wheel does the same.","Obraca stawianą budowlę lub mur przeciwnie do ruchu wskazówek zegara. Kółko myszy robi to samo."
"Rotate structure outline right","Obróć obrys budowli w prawo"
"Turns the structure or wall you are placing clockwise. The mouse wheel does the same.","Obraca stawianą budowlę lub mur zgodnie z ruchem wskazówek zegara. Kółko myszy robi to samo."
"Move forward","Idź naprzód"
"Move back","Cofnij się"
"Strafe left","Krok w lewo"
"Strafe right","Krok w prawo"
"Turn left","Obróć w lewo"
"Turn right","Obróć w prawo"
"Sprint","Sprint"
"Dodge","Unik"
"Jump","Skok"
"Heavy attack","Cios ciężki"
"Branches or finishes the current commander combo","Rozgałęzia lub kończy obecną kombinację dowódcy"
"Block","Blok"
"Cycle locked target","Zmień namierzony cel"
"Weapon special","Sztuka broni"
"Use while guarding to shield bash","Użyj w gardzie, by uderzyć tarczą"
"Vanguard rush","Skok straży przedniej"
"Second wind","Drugi oddech"
"Commanding aura","Aura dowodzenia"
"Rally nearby troops","Zbierz pobliskie oddziały"
"Switch between melee weapon and bow","Przełącz między bronią białą a łukiem"
"Toggle first and third person","Przełącz pierwszą i trzecią osobę"
"No ground under the cursor","Pod kursorem nie ma gruntu"
"Cannot reach","Nie można dotrzeć"
"Hauling a load - cannot be interrupted","Wiezie ładunek — nie można przerwać"
"No match is running","Żaden mecz nie trwa"
"Spectating","Obserwowanie"
"Nothing selected","Nic nie zaznaczono"
"No target under the cursor","Pod kursorem nie ma celu"
"Recruit %1","Rekrutuj: %1"
"Show unit details","Pokaż szczegóły jednostki"
"Gold","Złoto"
"Food","Żywność"
"Timber","Drewno"
"Stone","Kamień"
"Iron","Żelazo"
"%1 %2/%3","%1 %2/%3"
"GUARD BROKEN","GARDA ZŁAMANA"
"PUNISH","KARA"
"FINISHER","WYKOŃCZENIE"
"HP %1/%2","PŻ %1/%2"
"TARGET","CEL"
"%1%","%1%"
"STAGGERED","ZACHWIANY"
"BOW  ·  X","ŁUK  ·  X"
"BLADE  ·  X","OSTRZE  ·  X"
"SPECIAL","SZTUKA"
"RUSH","SKOK"
"WIND","ODDECH"
"READY","GOTOWE"
"Save payload has no checksum","Ładunek zapisu nie ma sumy kontrolnej"
"Save payload is corrupted (stored checksum mismatch)","Ładunek zapisu jest uszkodzony (niezgodna zapisana suma kontrolna)"
"Save payload is corrupted (decompression failed)","Ładunek zapisu jest uszkodzony (dekompresja nie powiodła się)"
"Save payload is corrupted (expected %1 bytes, got %2)","Ładunek zapisu jest uszkodzony (oczekiwano %1 bajtów, otrzymano %2)"
"Save payload is corrupted (content checksum mismatch)","Ładunek zapisu jest uszkodzony (niezgodna suma kontrolna treści)"
"Not a Standard of Iron save file","To nie jest plik zapisu Standard of Iron"
"Unsupported save file version %1 (expected %2)","Nieobsługiwana wersja pliku zapisu %1 (oczekiwano %2)"
"Save file header is truncated","Nagłówek pliku zapisu jest ucięty"
"Save file header is corrupted: %1","Nagłówek pliku zapisu jest uszkodzony: %1"
"Save file uses an unknown compression format","Plik zapisu używa nieznanego formatu kompresji"
"Save file declares implausible sizes","Plik zapisu podaje nieprawdopodobne rozmiary"
"Save file body is truncated","Treść pliku zapisu jest ucięta"
"Save file preview image is corrupted","Obrazek podglądu w pliku zapisu jest uszkodzony"
"Save game","Zapisz grę"
"Cancel","Anuluj"
"Save Name:","Nazwa zapisu:"
"Enter save name...","Wpisz nazwę zapisu..."
"Save","Zapisz"
"Name the save first.","Najpierw nazwij zapis."
"Existing Saves","Istniejące zapisy"
"Untitled Save","Zapis bez nazwy"
"Unknown Map","Nieznana mapa"
"No Preview","Brak podglądu"
"Slot: %1","Slot: %1"
"%1 - %2 (%3 KB on disk)","%1 — %2 (%3 KB na dysku)"
"Campaign","Kampania"
"Skirmish","Potyczka"
"Last saved: %1","Ostatni zapis: %1"
"Overwrite","Nadpisz"
"Confirm Overwrite","Potwierdź nadpisanie"
"Are you sure you want to overwrite the save:\n""%1""?","Czy na pewno chcesz nadpisać zapis:\n„%1”?"
"Save failed","Zapis nie powiódł się"
"Saving ""%1""","Zapisywanie „%1”"
"Cancel","Anuluj"
"Cannot export a save with an empty name","Nie można wyeksportować zapisu z pustą nazwą"
"Failed to begin transaction","Nie udało się rozpocząć transakcji"
"Failed to commit transaction","Nie udało się zatwierdzić transakcji"
"Failed to open save database","Nie udało się otworzyć bazy zapisów"
"Failed to read schema version","Nie udało się odczytać wersji schematu"
"Failed to record schema version","Nie udało się zapisać wersji schematu"
"Failed to drop table %1","Nie udało się usunąć tabeli %1"
"Failed to create save schema","Nie udało się utworzyć schematu zapisów"
"Failed to prepare save query","Nie udało się przygotować zapytania zapisu"
"Failed to persist save slot","Nie udało się utrwalić slotu zapisu"
"Failed to read save slot","Nie udało się odczytać slotu zapisu"
"Save slot '%1' not found","Nie znaleziono slotu zapisu „%1”"
"Save slot '%1' uses unsupported format version %2","Slot zapisu „%1” używa nieobsługiwanej wersji formatu %2"
"Save slot '%1' uses an unknown compression format","Slot zapisu „%1” używa nieznanego formatu kompresji"
"Failed to enumerate save slots","Nie udało się wyliczyć slotów zapisu"
"Failed to look up save slot","Nie udało się odnaleźć slotu zapisu"
"Failed to store save preview","Nie udało się zapisać podglądu"
"Failed to delete save slot","Nie udało się usunąć slotu zapisu"
"Failed to get campaign progress","Nie udało się pobrać postępu kampanii"
"Failed to mark campaign as completed","Nie udało się oznaczyć kampanii jako ukończonej"
"Failed to prepare mission result insert","Nie udało się przygotować wstawienia wyniku misji"
"Failed to save mission result","Nie udało się zapisać wyniku misji"
"Failed to get mission progress","Nie udało się pobrać postępu misji"
"Failed to get campaign mission progress","Nie udało się pobrać postępu misji kampanii"
"Failed to register campaign mission","Nie udało się zarejestrować misji kampanii"
"Failed to prune removed campaign missions","Nie udało się usunąć skasowanych misji kampanii"
"Failed to look up the completed mission","Nie udało się odnaleźć ukończonej misji"
"Mission %1 is not part of campaign %2","Misja %1 nie należy do kampanii %2"
"Failed to mark mission as completed","Nie udało się oznaczyć misji jako ukończonej"
"Failed to find the next mission","Nie udało się znaleźć następnej misji"
"Failed to unlock next mission","Nie udało się odblokować następnej misji"
"Failed to count remaining missions","Nie udało się policzyć pozostałych misji"
"Protanopia (red-blind)","Protanopia (ślepota na czerwień)"
"Deuteranopia (green-blind)","Deuteranopia (ślepota na zieleń)"
"Tritanopia (blue-blind)","Tritanopia (ślepota na błękit)"
"Standard","Standardowy"
"Camera legend","Legenda kamery"
"Economy prompts","Podpowiedzi gospodarcze"
"Formation readout","Odczyt szyku"
"Lists the camera controls the first time a mission starts","Wypisuje sterowanie kamerą, gdy misja zaczyna się po raz pierwszy"
"Walks through the opening economy steps of a mission","Prowadzi przez początkowe kroki gospodarcze misji"
"Shows cohesion and phase after you send several units somewhere together, until the selection changes","Pokazuje spójność i fazę, gdy wyślesz kilka jednostek razem w jedno miejsce, aż zmieni się zaznaczenie"
"Off","Wyłączone"
"Important only","Tylko ważne"
"All hits","Wszystkie trafienia"
"Borderless","Bez ramki"
"Windowed","W oknie"
"Fullscreen","Pełny ekran"
"Settings","Ustawienia"
"Close","Zamknij"
"Audio Settings","Ustawienia dźwięku"
"Master Volume:","Głośność główna:"
"Music Volume:","Głośność muzyki:"
"SFX Volume:","Głośność efektów:"
"Voice Volume:","Głośność głosów:"
"Ambience Volume:","Głośność otoczenia:"
"Display Settings","Ustawienia obrazu"
"Window Mode:","Tryb okna:"
"VSync","Synchronizacja pionowa"
"Synchronises frames with your display to remove tearing. Toggling it takes effect the next time the game starts.","Zgrywa klatki z twoim wyświetlaczem, by usunąć rozrywanie obrazu. Przełączenie działa od następnego uruchomienia gry."
"Show FPS counter","Pokaż licznik klatek"
"Displays a small frame-rate readout during battle","Wyświetla mały odczyt liczby klatek podczas bitwy"
"Graphics Settings","Ustawienia grafiki"
"Graphics Quality:","Jakość grafiki:"
"Controls","Sterowanie"
"Edge scrolling","Przewijanie przy krawędzi"
"Pans the camera when the cursor reaches the edge of the screen. Keyboard panning, right-drag and the minimap keep working either way.","Przesuwa kamerę, gdy kursor dojdzie do krawędzi ekranu. Przesuwanie klawiaturą, przeciąganie prawym przyciskiem i minimapa działają tak czy inaczej."
"Edge scroll strength:","Siła przewijania przy krawędzi:"
"Sets both how far in from the edge the band reaches and how fast the camera moves inside it. At this setting the band is %1 px along the sides and %2 px along the top and bottom, measured at your interface scale.","Ustala zarazem, jak daleko od krawędzi sięga pas, i jak szybko porusza się w nim kamera. Przy tym ustawieniu pas ma %1 px po bokach i %2 px u góry i u dołu, mierzone w twojej skali interfejsu."
"Camera pan speed:","Szybkość przesuwania kamery:"
"Camera zoom speed:","Szybkość przybliżania kamery:"
"Camera rotation speed:","Szybkość obrotu kamery:"
"Scales keyboard panning, zooming and rotation; drag and minimap movement stay unchanged.","Skaluje przesuwanie, przybliżanie i obrót z klawiatury; ruch przeciąganiem i minimapą pozostaje bez zmian."
"Autosave","Autozapis"
"Autosaves to keep:","Ile autozapisów zachować:"
"Autosave every:","Autozapis co:"
"%1 min","%1 min"
"Older autosaves beyond this count are deleted automatically.","Starsze autozapisy ponad tę liczbę są usuwane automatycznie."
"Accessibility","Ułatwienia dostępu"
"Interface Scale:","Skala interfejsu:"
"Colour Vision:","Widzenie barw:"
"Reduce motion","Ogranicz ruch"
"Removes transitions and idle animations across every screen","Usuwa przejścia i animacje bezczynności na wszystkich ekranach"
"High contrast","Wysoki kontrast"
"Raises panel and text contrast for low vision","Podnosi kontrast paneli i tekstu dla słabego wzroku"
"Always show keyboard focus","Zawsze pokazuj fokus klawiatury"
"Keeps the focus outline visible even after clicking","Zostawia obrys fokusu widoczny nawet po kliknięciu"
"Team ring patterns","Wzory pierścieni drużyn"
"On automatically while a colour vision mode is selected","Włączone automatycznie, gdy wybrany jest tryb widzenia barw"
"Marks each side with its own selection ring shape as well as its colour","Oznacza każdą stronę własnym kształtem pierścienia zaznaczenia, nie tylko barwą"
"Damage numbers:","Liczby obrażeń:"
"Numbers are a readout, not the feedback. Combat stays readable from motion, sound and hit reactions with them off.","Liczby to odczyt, nie sprzężenie zwrotne. Nawet wyłączone, walka pozostaje czytelna dzięki ruchowi, dźwiękowi i reakcjom na trafienia."
"Economy numbers","Liczby gospodarcze"
"Floats resource, trade and reserve changes over the building they happened at","Wyświetla zmiany surowców, handlu i rezerwy nad budowlą, w której zaszły"
"Prompts and readouts:","Podpowiedzi i odczyty:"
"Screen effects:","Efekty ekranowe:"
"Camera motion:","Ruch kamery:"
"Reduces head bob and sway while leading the commander. It never limits camera movement you ask for.","Ogranicza kołysanie i chwianie głowy, gdy prowadzisz dowódcę. Nigdy nie ogranicza ruchu kamery, o który sam prosisz."
"These settings apply to the campaign, skirmish and editor tools alike.","Te ustawienia dotyczą tak samo kampanii, potyczki i narzędzi edytora."
"Language","Język"
"Select Language:","Wybierz język:"
"Language changes apply immediately","Zmiana języka działa natychmiast"
"About","O grze"
"Standard of Iron - RTS game","Standard of Iron — gra RTS"
"Version %1","Wersja %1"
"Third-Party Software","Oprogramowanie zewnętrzne"
"This game uses the Qt framework, licensed under the GNU Lesser General Public License v3 (LGPL v3).","Ta gra używa frameworka Qt na licencji GNU Lesser General Public License v3 (LGPL v3)."
"Qt is dynamically linked, allowing you to replace Qt libraries with your own versions.","Qt jest linkowane dynamicznie, więc możesz zastąpić biblioteki Qt własnymi wersjami."
"LGPL v3 License","Licencja LGPL v3"
"Qt Website","Strona Qt"
"Music and sound effects generated with ElevenLabs under a licence that permits commercial use.","Muzyka i efekty dźwiękowe wygenerowane w ElevenLabs na licencji zezwalającej na użytek komercyjny."
"Voice lines recorded by Adam Djellouli.","Kwestie głosowe nagrał Adam Djellouli."
"ElevenLabs","ElevenLabs"
"Invalid team configuration: At least two teams must be selected to start a match.","Niepoprawna konfiguracja drużyn: do rozpoczęcia meczu trzeba wybrać co najmniej dwie drużyny."
"The order was excellent. It was given to nobody.","Rozkaz był znakomity. Wydano go nikomu."
"There is no road to that place. There may never have been one.","Do tego miejsca nie ma drogi. Może nigdy jej nie było."
"The quartermaster has checked twice. There is nothing behind the second check.","Kwatermistrz sprawdził dwa razy. Za drugim sprawdzeniem nic nie ma."
"We have the barracks, the coin and the will. We lack the people.","Mamy koszary, mamy monetę i wolę. Brakuje nam ludzi."
"They are carrying something heavier than your orders.","Niosą coś cięższego niż twoje rozkazy."
"Willing, sir. Simply not that willing, and not from here.","Chętni, panie. Po prostu nie aż tak chętni i nie stąd."
"Those are not ours to command. They have been very clear about it.","Nie nam nimi rozkazywać. Wyrazili się w tej sprawie bardzo jasno."
"Nothing there answers to that order. We checked.","Nic tam nie odpowiada na ten rozkaz. Sprawdziliśmy."
"Red","Czerwony"
"Blue","Niebieski"
"Brown","Brązowy"
"Green","Zielony"
"Yellow","Żółty"
"Orange","Pomarańczowy"
"Purple","Fioletowy"
"Cyan","Turkusowy"
"Pink","Różowy"
"stone %1 / %2 · iron %3 / %4","kamień %1 / %2 · żelazo %3 / %4"
"Builders cannot fight. This order needs soldiers - select the spearmen, archers or swordsmen near your camp.","Budowniczowie nie walczą. Ten rozkaz potrzebuje żołnierzy — zaznacz włóczników, łuczników albo mieczników przy swoim obozie."
"That is a building. Orders in this step need soldiers - left-click one of the troops standing near your camp.","To jest budowla. Rozkazy w tym kroku potrzebują żołnierzy — kliknij lewym jednego z oddziałów stojących przy obozie."
"Nothing is selected, so there is nobody to receive the order. Left-click a soldier or drag a box around several.","Nic nie jest zaznaczone, więc nie ma komu przyjąć rozkazu. Kliknij lewym żołnierza albo zakreśl ramką kilku."
"Collect and Build are only available to builders - soldiers and buildings cannot do this work. Select a builder (the worker with the hammer) first.","Zbieraj i Buduj są dostępne tylko dla budowniczych — żołnierze i budowle nie wykonają tej pracy. Najpierw zaznacz budowniczego (robotnika z młotem)."
"No builder is selected. Left-click one of the builders standing by your barracks.","Nie zaznaczono budowniczego. Kliknij lewym jednego z budowniczych stojących przy koszarach."
"That is a building. Left-click one of the soldiers standing near your camp instead.","To jest budowla. Kliknij lewym raczej jednego z żołnierzy stojących przy obozie."
"A Home costs %1 wood and %2 stone; you have %3 wood and %4 stone. The Build card stays grey until the yard holds enough - send a builder to collect the difference.","Dom kosztuje %1 drewna i %2 kamienia; masz %3 drewna i %4 kamienia. Karta budowy zostaje szara, dopóki na składzie nie będzie dość — poślij budowniczego, by dozbierał różnicę."
"A red outline means the site is blocked: too close to another building, on water or on a slope. Move it onto flat, open ground and left-click to confirm. Right-click cancels.","Czerwony obrys znaczy, że plac jest zablokowany: za blisko innej budowli, na wodzie albo na stoku. Przesuń go na płaski, otwarty grunt i zatwierdź lewym przyciskiem. Prawy anuluje."
"Recruits come from the barracks. Left-click your barracks to open its production panel on the right.","Rekruci pochodzą z koszar. Kliknij lewym swoje koszary, by otworzyć po prawej ich panel produkcji."
"The barracks has only %1 reserve left to draw on. Every recruit costs reserve; when it runs dry, build Homes - each Home raises families, and a civilian recruited there and sent to the barracks with Deliver refills it.","Koszary mają już tylko %1 rezerwy do wykorzystania. Każdy rekrut kosztuje rezerwę; gdy się wyczerpie, buduj Domy — każdy Dom wychowuje rodziny, a cywil zrekrutowany tam i posłany do koszar rozkazem Odstaw ją uzupełnia."
"A recruit card turns grey when a resource is short: soldiers need wood for shafts and iron for blades. Send a builder to collect more.","Karta rekruta szarzeje, gdy brakuje surowca: żołnierze potrzebują drewna na drzewce i żelaza na groty. Poślij budowniczego po więcej."
"The raiders are here. Keep your soldiers together near the barracks: spearmen in front, archers behind, and the commander close so his aura reaches them.","Najeźdźcy są tutaj. Trzymaj żołnierzy razem przy koszarach: włócznicy z przodu, łucznicy z tyłu, a dowódca blisko, by jego aura ich obejmowała."
"The Roman raid is on its way. The wave tracker under the top bar counts it down and the minimap marks where it will enter.","Rzymski najazd jest w drodze. Licznik fal pod górnym paskiem go odlicza, a minimapa znaczy, gdzie wejdzie."
"The Aura command only appears when your commander is selected. He is the standard-bearer with the crown badge, near the barracks.","Rozkaz Aura pojawia się tylko wtedy, gdy zaznaczony jest twój dowódca. To chorąży z odznaką korony, obok koszar."
"The aura is recharging or the commander is wounded; the button lights up again when it is ready.","Aura się odnawia albo dowódca jest ranny; przycisk zapali się znowu, gdy będzie gotowa."
"The Roman commander is still alive. A nation dies with the man who leads it - kill him and the camp falls.","Rzymski dowódca wciąż żyje. Naród umiera wraz z człowiekiem, który go prowadzi — zabij go, a obóz padnie."
"Select your troops","Zaznacz swoje oddziały"
"Move, and read the feedback","Ruszaj i czytaj informacje zwrotne"
"Attack the Roman scouts","Zaatakuj rzymskich zwiadowców"
"Fell timber","Zetnij drewno"
"Quarry stone, mine iron","Łam kamień, wydobywaj żelazo"
"Raise a Home","Postaw Dom"
"Recruit a soldier","Zrekrutuj żołnierza"
"Assemble an army","Zbierz armię"
"Defend the camp","Broń obozu"
"Guard, Hold and Patrol","Strzeż, Trzymaj i Patroluj"
"Your commander","Twój dowódca"
"The camera","Kamera"
"Pause and game speed","Pauza i tempo gry"
"Objectives","Cele"
"Take the Roman camp","Zdobądź rzymski obóz"
"Everything starts with a selection. Left-click a soldier to select it, or hold the left button and drag a box around several. Selected troops show a ring at their feet, and the panel at the bottom lists who is under your command.","Wszystko zaczyna się od zaznaczenia. Kliknij żołnierza lewym przyciskiem, by go zaznaczyć, albo przytrzymaj lewy i zakreśl ramką kilku. Zaznaczone oddziały mają pierścień u stóp, a panel na dole wypisuje, kto jest pod twoim dowództwem."
"With troops selected, right-click on the ground to march there. A marker appears where they are headed and the banner above the command grid confirms the order. A rejected order says why it could not be carried out - read the banner when nothing happens.","Mając zaznaczone oddziały, kliknij prawym przyciskiem ziemię, by tam pomaszerowały. Tam, dokąd idą, pojawia się znacznik, a baner nad siatką poleceń potwierdza rozkaz. Odrzucony rozkaz mówi, czemu nie dało się go wykonać — czytaj baner, gdy nic się nie dzieje."
"A Roman scouting party stands just beyond your tents; the minimap marks enemies in red. Right-click an enemy to attack it, or press Attack and click the target. While your troops fight, the target panel above the command grid tracks the enemy's health.","Rzymski patrol zwiadowczy stoi tuż za twoimi namiotami; minimapa znaczy wrogów na czerwono. Kliknij wroga prawym przyciskiem, by go zaatakować, albo naciśnij Atakuj i kliknij cel. Gdy twoje oddziały walczą, panel celu nad siatką poleceń śledzi zdrowie wroga."
"Wood pays for nearly everything. Select a builder, press Collect and click a pine tree. The builder fells it, carries the logs to the stone yard beside your barracks, and only when the load is dropped there does the wood counter in the top bar rise. Auto Gather keeps a builder working the nearest nodes on its own.","Drewnem płaci się niemal za wszystko. Zaznacz budowniczego, naciśnij Zbieraj i kliknij sosnę. Budowniczy ją ścina, niesie kłody na skład przy koszarach — i dopiero gdy tam złoży ładunek, licznik drewna na górnym pasku rośnie. Auto-zbieranie każe budowniczemu samodzielnie pracować przy najbliższych źródłach."
"Boulders yield stone for buildings and towers; ore seams yield iron for blades and armour. Both are hauled to the same barracks yard, which fills up as your stores grow. Gold comes with the camp and from trade at a marketplace. Set one builder on the boulders and another on the ore.","Głazy dają kamień na budowle i wieże; żyły rudy dają żelazo na ostrza i zbroje. Jedno i drugie wozi się na ten sam dziedziniec koszar, który zapełnia się w miarę wzrostu zapasów. Złoto przychodzi razem z obozem i z handlu na targowisku. Poślij jednego budowniczego do głazów, a drugiego do rudy."
"Select a builder and press Build to open the structure list. Each card shows its cost in wood, stone and gold; a grey card means you cannot afford it yet. Choose Home, then move the outline: green means the ground is flat and clear, red means it is blocked. Scroll to rotate, left-click to confirm. Homes raise the families your barracks will later recruit from.","Zaznacz budowniczego i naciśnij Buduj, by otworzyć listę budowli. Każda karta pokazuje koszt w drewnie, kamieniu i złocie; szara karta znaczy, że jeszcze cię na nią nie stać. Wybierz Dom, a potem przesuń obrys: zielony znaczy, że grunt jest płaski i wolny, czerwony — że zablokowany. Kółko obraca, lewy przycisk zatwierdza. Domy wychowują rodziny, z których później rekrutują twoje koszary."
"Left-click your barracks and pick a soldier from the production panel. Every recruit costs population and resources: the population comes from the barracks' own pool, shown on the card, and refills when civilians from your Homes are delivered to it. The bar in the top panel shows your army against the map's population cap.","Kliknij lewym swoje koszary i wybierz żołnierza z panelu produkcji. Każdy rekrut kosztuje ludność i surowce: ludność bierze się z własnej puli koszar, pokazanej na karcie, i uzupełnia się, gdy odstawisz do nich cywilów ze swoich Domów. Pasek w górnym panelu pokazuje twoją armię wobec limitu ludności mapy."
"One soldier is not an army. Keep recruiting until you field eight - mix spearmen to hold a line with archers to punish whatever charges it. If a card turns grey, the tutorial hint tells you what ran short. New recruits gather at the barracks' rally flag; set one from the production panel.","Jeden żołnierz to nie armia. Rekrutuj, aż wystawisz ośmiu — mieszaj włóczników, którzy trzymają linię, z łucznikami, którzy karzą tego, kto na nią uderzy. Gdy karta zszarzeje, podpowiedź samouczka powie, czego zabrakło. Nowi rekruci zbierają się przy sztandarze zbiórki koszar; ustaw go w panelu produkcji."
"A Roman raid is coming. The wave tracker counts it down and the minimap marks its entry point. Form up near your barracks: spearmen in front, archers behind, and the commander close so his aura reaches them. Break the raid to continue.","Nadchodzi rzymski najazd. Licznik fal go odlicza, a minimapa znaczy miejsce wejścia. Uformuj się przy koszarach: włócznicy z przodu, łucznicy z tyłu, a dowódca blisko, by jego aura ich obejmowała. Złam najazd, by przejść dalej."
"Soldiers can be told how to behave, and the three orders are not the same. Guard: click a spot; they meet anything that comes near it, then walk back to it. Hold: they never take a step, but they reach further, hit harder and brace against a charge - archers and spearmen only. Patrol: click two waypoints and they march the beat between them, fighting whatever crosses it. Hover any of the three to read the full rules, then give one of them to your soldiers.","Żołnierzom można powiedzieć, jak mają się zachowywać, a te trzy rozkazy nie są tym samym. Strzeż: kliknij punkt; wychodzą naprzeciw temu, co się zbliży, i wracają. Trzymaj: nie robią ani kroku, ale sięgają dalej, biją mocniej i podpierają się przed szarżą — tylko łucznicy i włócznicy. Patroluj: kliknij dwa punkty, a będą chodzić między nimi, bijąc wszystko, co przetnie trasę. Najedź na dowolny z trzech, by przeczytać pełne zasady, a potem wydaj jeden ze swoim żołnierzom."
"Your commander carries the standard. Troops near him fight with higher morale, and while he is selected two commands appear: Aura empowers every soldier in a ring around him for a stretch and then recharges - the button prints the radius, how long it lasts and how long until it returns - and Rally plants a flag that the army marches to. If he dies, your lines break and the mission is lost - keep him behind the spears. Trigger the Aura now.","Twój dowódca niesie sztandar. Oddziały przy nim walczą z wyższym morale, a gdy jest zaznaczony, pojawiają się dwa polecenia: Aura wzmacnia na jakiś czas każdego żołnierza w kręgu wokół niego, a potem się odnawia — przycisk wypisuje promień, czas trwania i czas do powrotu — a Zbiórka wbija sztandar, do którego maszeruje armia. Jeśli zginie, twoje linie pękają i misja jest przegrana — trzymaj go za włóczniami. Odpal teraz Aurę."
"Move the view with the arrow keys or WASD, or push the mouse to the screen edge. Scroll to zoom, Q and E rotate, Ctrl with the up and down arrows tilts, and Home returns to your camp. Follow keeps the camera on your selection. Move the camera now.","Ruszaj widokiem strzałkami albo WASD, lub dosuwając mysz do krawędzi ekranu. Kółko przybliża, Q i E obracają, Ctrl ze strzałkami góra-dół pochyla, a Home wraca do obozu. Śledzenie trzyma kamerę na zaznaczeniu. Rusz teraz kamerą."
"The top-left buttons pause the battle and set the speed, from half up to quadruple. Space pauses too, and + and - step through the speeds without reaching for the bar. The active speed stays lit while paused, and you can change it there. Change the speed or pause and resume now.","Przyciski w lewym górnym rogu wstrzymują bitwę i ustawiają tempo, od połowy po poczwórne. Spacja też wstrzymuje, a + i - przechodzą przez tempa bez sięgania na pasek. Wybrane tempo pozostaje podświetlone w pauzie i tam też można je zmienić. Zmień teraz tempo albo wstrzymaj i wznów."
"The star in the top bar shows your current objective. Press Escape and choose Objectives to read the full briefing: what wins the mission, what loses it, and any optional goals. Open it now, then return to the battle.","Gwiazdka na górnym pasku pokazuje twój obecny cel. Naciśnij Escape i wybierz Cele, by przeczytać pełną odprawę: co wygrywa misję, co ją przegrywa i jakie są cele opcjonalne. Otwórz je teraz, a potem wróć do bitwy."
"You know everything the field will ask of you. The Roman camp lies across the meadow. Gather your army, keep the commander behind the line, and take the camp: kill the Roman commander and the mission is won.","Wiesz już wszystko, o co poprosi cię pole. Rzymski obóz leży po drugiej stronie łąki. Zbierz armię, trzymaj dowódcę za linią i zdobądź obóz: zabij rzymskiego dowódcę, a misja jest wygrana."
"Select at least one of your soldiers","Zaznacz co najmniej jednego ze swoich żołnierzy"
"Right-click the ground to move your selected troops","Kliknij ziemię prawym przyciskiem, by ruszyć zaznaczone oddziały"
"Destroy the Roman scouting party (%1 soldiers)","Zniszcz rzymski patrol zwiadowczy (żołnierzy: %1)"
"Deliver %1 wood to your barracks yard","Dostarcz %1 drewna na dziedziniec koszar"
"Deliver %1 stone and %2 iron","Dostarcz %1 kamienia i %2 żelaza"
"Build a Home with a builder","Zbuduj Dom budowniczym"
"Recruit a soldier at the barracks and wait for it to march out","Zrekrutuj żołnierza w koszarach i poczekaj, aż wymaszeruje"
"Field at least %1 soldiers","Wystaw co najmniej %1 żołnierzy"
"Break the Roman raid","Złam rzymski najazd"
"Give a Guard, Hold or Patrol order","Wydaj rozkaz Strzeż, Trzymaj albo Patroluj"
"Select your commander and trigger the Aura","Zaznacz dowódcę i odpal Aurę"
"Move, zoom or rotate the camera","Przesuń, przybliż albo obróć kamerę"
"Change the game speed or pause and resume","Zmień tempo gry albo wstrzymaj i wznów"
"Open the Objectives screen","Otwórz ekran Celów"
"Kill the Roman commander and take the camp","Zabij rzymskiego dowódcę i zdobądź obóz"
"Tutorial","Samouczek"
"Tutorial %1/%2 · %3","Samouczek %1/%2 · %3"
"Show","Pokaż"
"Tutorial step","Krok samouczka"
"TUTORIAL · STEP %1 OF %2","SAMOUCZEK · KROK %1 Z %2"
"Open the help screen","Otwórz ekran pomocy"
"Hide the tutorial card (it can be shown again)","Ukryj kartę samouczka (można ją pokazać ponownie)"
"Well done - the tutorial is complete.","Dobra robota — samouczek ukończony."
"Well done. The next step follows in a moment, or press Continue.","Dobra robota. Kolejny krok za chwilę albo naciśnij Dalej."
"Resume","Wznów"
"Pause","Pauza"
"Show me","Pokaż mi"
"Replay step","Powtórz krok"
"Skip step","Pomiń krok"
"Continue","Dalej"
"End tutorial","Zakończ samouczek"
"Iron Sepulcher %1","Żelazny Grobowiec %1"
"The shrine answers to you now. Its dead fall still.","Świątynia słucha teraz ciebie. Jej umarli padają nieruchomo."
"The shrine is broken. Every risen guardian crumbles.","Świątynia jest złamana. Każdy powstały strażnik rozsypuje się w proch."
"The barrow gives up its hoard: %1.","Kurhan oddaje swój skarb: %1."
"Wave %1/%2","Fala %1/%2"
"The Iron Sepulcher wakes. %1 rises to meet you.","Żelazny Grobowiec się budzi. %1 powstaje ci naprzeciw."
"%1 claws out of the ground.","%1 wygrzebuje się z ziemi."
"The risen guardians are put down. The ground is quiet.","Powstali strażnicy zostali położeni. Ziemia jest cicha."
"Attack","Atakuj"
"Guard","Strzeż"
"Hold","Trzymaj"
"Patrol","Patroluj"
"Medic","Medyk"
"Build","Buduj"
"Collect","Zbieraj"
"Repair","Napraw"
"Unit details","Szczegóły jednostki"
"Close the unit details","Zamknij szczegóły jednostki"
"No details are available for this unit.","Brak szczegółów dla tej jednostki."
"In the field","W polu"
"Damage per second","Obrażenia na sekundę"
"Range","Zasięg"
"Health","Zdrowie"
"Speed","Szybkość"
"Sight","Pole widzenia"
"What it can do","Co potrafi"
"Highlighted orders are the ones this selection can carry out right now.","Podświetlone rozkazy to te, które to zaznaczenie może teraz wykonać."
"What it costs","Ile kosztuje"
"Reserve %1  ·  Build time %2s","Rezerwa %1  ·  Czas budowy %2 s"
"Fields %n soldier(s) in one squad.","Wystawia %n żołnierza w jednym oddziale. | Wystawia %n żołnierzy w jednym oddziale. | Wystawia %n żołnierzy w jednym oddziale."
"Strengths and weaknesses","Mocne i słabe strony"
"History","Historia"
"Line infantry","Piechota liniowa"
"Heavy infantry","Piechota ciężka"
"Spear infantry","Piechota włócznicza"
"Ranged","Dystansowa"
"Skirmisher","Harcownik"
"Cavalry","Jazda"
"War beast","Bestia bojowa"
"Siege","Oblężnicza"
"Command","Dowodzenie"
"Support","Wsparcie"
"Worker","Robotnik"
"Civilian","Cywil"
"Caster","Czarownik"
"Shielded","Tarczownik"
"Mounted","Konny"
"Expendable","Na stracenie"
"Awakened","Przebudzony"
"Elite","Elitarny"
"Archer","Łucznik"
"Swordsman","Miecznik"
"Spearman","Włócznik"
"Mounted Knight","Rycerz konny"
"Horse Archer","Łucznik konny"
"Horse Spearman","Włócznik konny"
"Healer","Uzdrowiciel"
"Skeleton Swordsman","Szkieletowy miecznik"
"Skeleton Archer","Szkieletowy łucznik"
"Grave Priest","Grobowy kapłan"
"Catapult","Katapulta"
"Ballista","Balista"
"War Elephant","Słoń bojowy"
"Quintus Fabius Maximus","Kwintus Fabiusz Maksymus"
"Publius Cornelius Scipio","Publiusz Korneliusz Scypion"
"Marcus Claudius Marcellus","Marek Klaudiusz Marcellus"
"Hanno the Great","Hannon Wielki"
"Hasdrubal Barca","Hazdrubal Barkas"
"Hannibal Barca","Hannibal Barkas"
"Builder","Budowniczy"
"Sheep","Owca"
"Wolf","Wilk"
"Unknown Troop","Nieznany oddział"
"African War Elephant","Afrykański słoń bojowy"
"An ancient army marched with its own carpenters and masons, raising and fortifying a camp every night.","Antyczna armia maszerowała z własnymi cieślami i murarzami, wznosząc i fortyfikując obóz każdej nocy."
"Ancient armies kept surgeons close to the line; the wounded who walked away were the difference between a campaign and a rout.","Antyczne armie trzymały lekarzy blisko linii; ranni, którzy odeszli o własnych siłach, stanowili różnicę między kampanią a pogromem."
"Anti-cavalry spear line","Linia włóczni przeciw jeździe"
"Archers are the answer to it, and massed bows bring it down before it closes.","Odpowiedzią na to są łucznicy, a masa łuków kładzie to, zanim zdąży dojść."
"As brittle as any archer, and it withers as soon as the line in front of it fails.","Kruchy jak każdy łucznik i więdnie, gdy tylko linia przed nim pęknie."
"Auxiliary Archer","Łucznik posiłkowy"
"Battle caster","Czarownik bojowy"
"Behind every field army stood the farms and quarries that fed it, and the people who worked them.","Za każdą armią polową stały gospodarstwa i kamieniołomy, które ją żywiły, oraz ludzie, którzy w nich pracowali."
"Bows decided few ancient battles outright, but a volley loosed before contact could break a formation's nerve.","Łuki rzadko rozstrzygały antyczne bitwy wprost, ale salwa puszczona przed zwarciem potrafiła złamać nerwy szyku."
"Breaks on a braced spear line, which cuts mounted troops down at more than twice the usual rate.","Rozbija się o podpartą linię włóczni, która tnie konnych ponad dwukrotnie szybciej niż zwykle."
"Cannot fight. Left unguarded it dies to anything that reaches it.","Nie potrafi walczyć. Bez ochrony ginie od wszystkiego, co do niego dojdzie."
"Carries more health than any squad on the field, and its reach breaks a line that stands to receive it.","Ma więcej zdrowia niż jakikolwiek oddział na polu, a jego zasięg łamie linię, która stanie, by go przyjąć."
"Carthage bought its archers from Libya and the islands, paying in silver what Rome demanded of its citizens.","Kartagina kupowała łuczników w Libii i na wyspach, płacąc srebrem to, czego Rzym żądał od swoich obywateli."
"Carthage sent its own citizens into the line only when the city itself was threatened. The rest of the army was hired.","Kartagina posyłała własnych obywateli do szyku dopiero wtedy, gdy zagrożone było samo miasto. Reszta armii była najemna."
"Carthage took its elephants from the forests south of the Atlas, smaller than the Indian beasts but the terror of Italy.","Kartagina brała słonie z lasów na południe od Atlasu — mniejsze niż zwierzęta indyjskie, ale będące postrachem Italii."
"Carthaginian Ballista","Balista kartagińska"
"Carthaginian Catapult","Katapulta kartagińska"
"Carthaginian engineers learned artillery from the Greek cities of Sicily, and then improved on it.","Kartagińscy inżynierowie nauczyli się artylerii od greckich miast Sycylii, a potem ją ulepszyli."
"Cavalry rarely charged an unbroken line. It waited for a flank to open and then finished the day.","Jazda rzadko szarżowała na nienaruszoną linię. Czekała, aż odsłoni się skrzydło, i wtedy kończyła dzień."
"Citizen Infantry","Piechota obywatelska"
"Close-order swordsmen were the expensive core of a Mediterranean army, drilled to hold a line rather than to duel.","Miecznicy w zwartym szyku byli drogim rdzeniem armii śródziemnomorskiej, wyszkolonym raczej do trzymania linii niż do pojedynków."
"Costs nothing to raise and never breaks, so it buys time no living troop would.","Nic nie kosztuje jego wystawienie i nigdy nie pęka, więc kupuje czas, jakiego nie kupi żaden żywy oddział."
"Cursed Arrow Volley","Salwa przeklętych strzał"
"Cursed missile line","Przeklęta linia strzelecka"
"Defenceless at close quarters. Infantry that reaches it kills it in a few seconds.","Bezbronny w zwarciu. Piechota, która do niego dojdzie, zabija go w kilka sekund."
"Denies ground nothing else can reach, at well over twice an archer's range.","Odbiera grunt, do którego nic innego nie sięga, na ponad dwukrotnym zasięgu łucznika."
"Engineer and labourer","Inżynier i robotnik"
"Equites","Ekwici"
"Every arrow that lands leaves a curse on its target, draining the will of the formation it struck.","Każda strzała, która trafi, zostawia na celu klątwę wysysającą wolę szyku, w który uderzyła."
"Expendable line infantry","Piechota liniowa na stracenie"
"Faber","Faber"
"Faction-defining heavy beast","Ciężka bestia określająca frakcję"
"Fast enough to choose its own fight, and it rides down archers left without a screen.","Dość szybki, by sam wybierał sobie walkę, i tratuje łuczników zostawionych bez osłony."
"Field surgeon","Lekarz polowy"
"Fireball","Kula ognia"
"Fragile once contacted. Cavalry overruns it whenever it has no melee screen.","Kruchy, gdy dojdzie do zwarcia. Jazda go tratuje, kiedy tylko nie ma osłony w walce wręcz."
"Gathers and delivers the resources every other unit is paid for with.","Zbiera i dostarcza surowce, którymi płaci się za każdą inną jednostkę."
"Has no melee worth the name, and spears punish it the moment it is caught.","Nie ma walki wręcz z prawdziwego zdarzenia, a włócznie karzą go w chwili, gdy zostanie dopadnięty."
"Heavy line infantry","Ciężka piechota liniowa"
"Horse archers came from the steppe and the desert margins, and Mediterranean armies hired them rather than raised them.","Łucznicy konni przybywali ze stepu i skrajów pustyni, a armie śródziemnomorskie raczej ich najmowały, niż wystawiały własnych."
"Hurls fire that bursts across a formation and clings to the ground where it lands.","Ciska ogniem, który wybucha nad szykiem i lgnie do ziemi tam, gdzie spadnie."
"Hurls fire that bursts across a formation and leaves the ground burning where it lands.","Ciska ogniem, który wybucha nad szykiem i zostawia ziemię płonącą tam, gdzie spadnie."
"Its arrows carry a curse that drains the will of everything they strike.","Jego strzały niosą klątwę, która wysysa wolę ze wszystkiego, co trafią."
"Its quiver was buried with it, and the curse worked into the shafts outlasted the hand that drew the bow.","Kołczan pochowano razem z nim, a klątwa wpleciona w drzewce przetrwała rękę, która napinała łuk."
"Lancer cavalry","Jazda kopijnicza"
"Legionary","Legionista"
"Liby-Phoenician Spear","Włócznia libijsko-fenicka"
"Libyan Archer","Łucznik libijski"
"Loses the straight infantry fight to swords, and caught in the open it is only a slower line.","Przegrywa prostą walkę piechoty z mieczami, a złapany w otwartym polu jest tylko wolniejszą linią."
"Massed missile line","Zwarta linia strzelecka"
"Medicus","Medicus"
"Mends nearby wounded without being told to, so a line that holds keeps its strength.","Sam z siebie opatruje rannych w pobliżu, więc linia, która trzyma, zachowuje siłę."
"Mounted skirmisher","Konny harcownik"
"Not a soldier. It cannot hold ground and should never be the last thing guarding a camp.","To nie żołnierz. Nie utrzyma terenu i nigdy nie powinien być ostatnim, co pilnuje obozu."
"Numidian Cavalry","Jazda numidyjska"
"Onager","Onager"
"One slow body, helpless in melee, and it needs the awakened dead between it and the enemy.","Jedno powolne ciało, bezradne w zwarciu, i potrzebuje przebudzonych umarłych między sobą a wrogiem."
"Out-trades everything at range, and massed bows are the answer to a war elephant.","Wygrywa każdą wymianę na dystans, a masa łuków to odpowiedź na słonia bojowego."
"Outranges troops on foot and can withdraw from any fight it cannot win.","Sięga dalej niż piechota i może się wycofać z każdej walki, której nie wygra."
"Overrun in seconds by any infantry that reaches it, and far too slow to withdraw.","Stratowany w kilka sekund przez każdą piechotę, która do niego dojdzie, i o wiele za wolny, by się wycofać."
"Phoenician Craftsman","Rzemieślnik fenicki"
"Phoenician craftsmen raised the harbours and walls that made Carthage the richest city in the western sea.","Fenickie rzemiosło wzniosło porty i mury, które uczyniły Kartaginę najbogatszym miastem zachodniego morza."
"Raised from the burial ranks of an army that was interred still holding its shields.","Podniesiony z pochowanych szeregów armii, którą złożono w ziemi wciąż trzymającą tarcze."
"Raises every building an army needs and repairs what the enemy breaks.","Wznosi każdą budowlę potrzebną armii i naprawia to, co zniszczy wróg."
"Repays its cost against cavalry, and braced on high ground it holds against far heavier attacks.","Zwraca swój koszt przeciw jeździe, a podparty na wzniesieniu trzyma przeciw dużo cięższym uderzeniom."
"Rome raised few archers of its own and drew them from Crete and the eastern allies instead.","Rzym wystawiał niewielu własnych łuczników i ściągał ich raczej z Krety i od sprzymierzeńców ze wschodu."
"Rome standardised the bolt thrower until every legion carried its own, mounted on carts and served by trained crews.","Rzym ujednolicił miotacz bełtów tak dalece, że każdy legion woził własne, na wozach i z wyszkoloną obsługą."
"Sacred Band Healer","Uzdrowiciel Świętego Zastępu"
"Settlement population","Ludność osady"
"Shock cavalry","Jazda uderzeniowa"
"Siege artillery","Artyleria oblężnicza"
"Siege bolt thrower","Oblężniczy miotacz bełtów"
"Slower and weaker than the living line it imitates, and nothing in the field can mend it.","Wolniejszy i słabszy niż żywa linia, którą naśladuje, a w polu nic go nie naprawi."
"Still cavalry. A braced spear line stops it, and it cannot trade with archers at range.","Wciąż jazda. Podparta linia włóczni ją zatrzymuje, a z łucznikami nie wymieni się na dystans."
"The Liby-Phoenician spear was the steady centre that a mercenary army could be built around.","Włócznia libijsko-fenicka była pewnym środkiem, wokół którego dało się zbudować armię najemną."
"The Numidians rode without bridles and were the finest light horse in the Mediterranean. Rome's worst day, at Cannae, was their work.","Numidyjczycy jeździli bez uzdy i byli najlepszą lekką jazdą Morza Śródziemnego. Najgorszy dzień Rzymu, pod Kannami, był ich dziełem."
"The Sacred Band kept physicians of its own, an honour reserved for the citizen elite.","Święty Zastęp miał własnych medyków — zaszczyt zastrzeżony dla obywatelskiej elity."
"The bolt thrower was the accurate half of a siege train, used against men and gates alike.","Miotacz bełtów był celną połową taboru oblężniczego, używaną tak samo przeciw ludziom, jak przeciw bramom."
"The bolt throwers of Carthage were built in the same yards as its fleet, by the same shipwrights.","Miotacze bełtów Kartaginy budowano w tych samych warsztatach co jej flotę i tymi samymi rękami szkutników."
"The equites were drawn from the wealthiest citizens, and Rome's cavalry was never the equal of its infantry.","Ekwitów brano spośród najbogatszych obywateli, a jazda Rzymu nigdy nie dorównała jego piechocie."
"The fabri built the roads, the bridges and the fortified camp that went up every single night of a march.","Fabri budowali drogi, mosty i ufortyfikowany obóz, który powstawał każdej jednej nocy marszu."
"The legionary's short sword and heavy javelin were built for one thing: closing the last twenty paces and winning there.","Krótki miecz i ciężki oszczep legionisty stworzono do jednego: przejścia ostatnich dwudziestu kroków i wygrania tam."
"The longest reach in any army, and quick enough to loose again before its target closes.","Najdłuższy zasięg w całej armii, i dość szybki, by wypuścić kolejną salwę, zanim cel się zbliży."
"The longest reach of any mounted troop, striking before the enemy line can answer.","Najdłuższy zasięg wśród wojsk konnych — uderza, zanim linia wroga zdąży odpowiedzieć."
"The medicus marched with the legion, and Roman field medicine was the best organised in the ancient world.","Medicus maszerował razem z legionem, a rzymska medycyna polowa była najlepiej zorganizowaną w świecie starożytnym."
"The mounted lance traded the sword's flexibility for reach, striking before an enemy could bring a weapon to bear.","Kopia jeźdźca zamieniła giętkość miecza na zasięg, uderzając, zanim wróg zdołał użyć broni."
"The onager kicked like the wild ass it was named for, and was Rome's answer to a wall that would not fall.","Onager kopał jak dziki osioł, po którym go nazwano, i był odpowiedzią Rzymu na mur, który nie chciał paść."
"The priests who sealed the tombs learned to open them, and now walk ahead of what they woke.","Kapłani, którzy pieczętowali grobowce, nauczyli się je otwierać — i teraz kroczą przed tym, co obudzili."
"The slowest troops in the line, and they take losses crossing open ground under archery.","Najwolniejsze wojska w linii, i ponoszą straty, przechodząc otwarty teren pod ostrzałem łuczników."
"The spear was the cheapest way to make a horse refuse a charge, and every ancient army kept a wall of them.","Włócznia była najtańszym sposobem, by koń odmówił szarży, i każda antyczna armia trzymała ich ścianę."
"The triarii were the oldest and steadiest men in the legion, knelt behind the line and committed only when the day was in doubt.","Triarii byli najstarszymi i najpewniejszymi ludźmi w legionie, klęczeli za linią i wchodzili do walki dopiero wtedy, gdy dzień stawał się niepewny."
"The weakest body on the field. Anything that finds it kills it.","Najsłabsze ciało na polu. Cokolwiek go znajdzie, zabije go."
"Torsion artillery was built on the spot from local timber and abandoned when the army moved on.","Artylerię torsyjną budowano na miejscu z miejscowego drewna i porzucano, gdy armia szła dalej."
"Triarius","Triarius"
"War elephants terrified armies that had never met them, and were nearly useless against those that had.","Słonie bojowe przerażały armie, które nigdy ich nie widziały, i były niemal bezużyteczne przeciw tym, które już je znały."
"Wins the straight infantry fight against spears, and overruns unescorted siege in seconds.","Wygrywa prostą walkę piechoty z włóczniami i tratuje nieosłonięte machiny oblężnicze w kilka sekund."
"Blocked by an existing wall.","Zablokowane przez istniejący mur."
"Cannot build there.","Nie można tam budować."
"Probing column","Kolumna rozpoznawcza"
"Assault line","Linia szturmowa"
"Cavalry flank","Skrzydło jazdy"
"Skirmish screen","Zasłona harcowników"
"Siege column","Kolumna oblężnicza"
"Elite guard","Straż elitarna"
"All waves broken","Wszystkie fale złamane"
"Incoming","Nadciąga"
"Engaged","W walce"
"Next wave","Następna fala"
"Wave %1 / %2","Fala %1 / %2"
"%1 left","Pozostało: %1"
"Wolves are moving on the valley.","Wilki ruszają na dolinę."
"Failed to initialize OpenGL renderer.\n\nThis usually means:\n1. Graphics drivers don't support required OpenGL 3.3 Core Profile\n2. Running in a VM with incomplete OpenGL support\n3. Qt software OpenGL fallback is unavailable or failed to initialize\n\nTo fix:\n- Run run_debug_softwaregl.cmd or set QT_OPENGL=software\n- Update graphics drivers\n- On VMs: Enable 3D acceleration in VM settings","Nie udało się zainicjować renderera OpenGL.\n\nZwykle oznacza to, że:\n1. Sterowniki graficzne nie obsługują wymaganego profilu OpenGL 3.3 Core\n2. Gra działa w maszynie wirtualnej z niepełną obsługą OpenGL\n3. Programowa awaryjna obsługa OpenGL w Qt jest niedostępna lub nie wystartowała\n\nJak to naprawić:\n- Uruchom run_debug_softwaregl.cmd albo ustaw QT_OPENGL=software\n- Zaktualizuj sterowniki graficzne\n- W maszynach wirtualnych: włącz akcelerację 3D w ustawieniach maszyny"
