"source","translation_tr_TR"
"Idle","Beklemede"
"Standing by and awaiting orders.","Emir bekleyerek hazırda duruyor."
"Moving","Hareket ediyor"
"Marching to the ordered position.","Verilen mevziye yürüyor."
"Attacking","Saldırıyor"
"Engaging the assigned target.","Belirlenen hedefle çarpışıyor."
"Patrolling","Devriye geziyor"
"Walking the patrol route between its waypoints.","Ara noktaları arasındaki devriye yolunu yürüyor."
"Guarding","Nöbette"
"Holding a guard post and answering threats near it.","Bir nöbet noktasını tutuyor ve yakınındaki tehditlere karşılık veriyor."
"Holding position","Mevziyi tutuyor"
"Rooted in place; it will not pursue.","Yerine çakılı; takibe geçmeyecek."
"Building","İnşa ediyor"
"Raising a structure on the marked site.","İşaretli alanda bir yapı yükseltiyor."
"Repairing","Onarıyor"
"Mending a damaged structure.","Hasarlı bir yapıyı onarıyor."
"Dismantling","Söküyor"
"Taking a structure apart.","Bir yapıyı parçalarına ayırıyor."
"Cutting timber","Kereste kesiyor"
"Felling a tree for wood.","Odun için ağaç deviriyor."
"Quarrying stone","Taş ocağında"
"Breaking a boulder for stone.","Taş için kaya kırıyor."
"Mining iron","Demir çıkarıyor"
"Working an ore deposit for iron.","Demir için cevher yatağı işliyor."
"Harvesting grain","Tahıl biçiyor"
"Reaping a ripe farm for food.","Yiyecek için olgunlaşmış tarlayı hasat ediyor."
"Butchering","Kesim yapıyor"
"Slaughtering a sheep for food.","Yiyecek için koyun kesiyor."
"Auto gathering","Otomatik topluyor"
"Standing order: seek out the nearest resource and keep collecting.","Sürekli emir: en yakın kaynağı bulup toplamayı sürdür."
"Delivering","Teslim ediyor"
"Carrying its load to the barracks; it cannot be interrupted until the load is dropped off.","Yükünü kışlaya taşıyor; yük bırakılana kadar bölünemez."
"Healing","İyileştiriyor"
"Tending wounded allies nearby.","Yakındaki yaralı müttefikleri tedavi ediyor."
"Training","Eğitiyor"
"Producing the next unit in the queue.","Sıradaki bir sonraki birimi üretiyor."
"Blocked","Engellendi"
"Waiting: the way is blocked or the target is gone.","Bekliyor: yol kapalı ya da hedef ortadan kalktı."
"Active","Etkin"
"Work is under way.","Çalışma sürüyor."
"Queued","Sırada"
"Ordered, but the unit is still on its way.","Emir verildi, ama birim hâlâ yolda."
"Unavailable","Kullanılamaz"
"The target cannot be worked; give a new order.","Hedef üzerinde çalışılamıyor; yeni bir emir ver."
"Interrupted","Yarıda kesildi"
"Work stopped part-way; re-issue the order to resume.","Çalışma yarıda kaldı; sürdürmek için emri yeniden ver."
"Cannot be interrupted","Bölünemez"
"Hauling a load to the barracks. New orders wait until the load is dropped off.","Kışlaya yük taşıyor. Yük bırakılana kadar yeni emirler bekler."
"%1 — %2","%1 — %2"
"%1 (%2 units)","%1 (%2 birim)"
"Automatic","Otomatik"
"%1 of %2 positions do not fit on this ground.","%1 / %2 mevzi bu zemine sığmıyor."
"Barracks production queue","Kışla üretim sırası"
"BARRACKS","KIŞLA"
"Reserve %1 / %2","Yedek %1 / %2"
"Recruiting now","Şimdi devşiriliyor"
"Queued unit %1","Sıradaki birim %1"
"Set where newly recruited units will gather","Yeni devşirilen birimlerin toplanacağı yeri belirle"
"Set barracks rally point","Kışla toplanma noktasını belirle"
"Select a barracks before setting a rally point","Toplanma noktası belirlemeden önce bir kışla seç"
"Manpower this barracks still holds. Every recruit spends some; civilians raised at a Home deliver more.","Bu kışlanın hâlâ elinde tuttuğu insan gücü. Her asker alımı bundan harcar; Evde yetiştirilen siviller daha fazlasını getirir."
"Return to Menu","Menüye Dön"
"Close Report","Raporu Kapat"
"Kills","Öldürülen"
"Losses","Kayıplar"
"Trained","Eğitilen"
"Barracks","Kışla"
"Held the Field","Meydanı Tuttu"
"Routed","Bozguna Uğradı"
"Score","Puan"
"YOUR COMMAND","KOMUTAN"
"ARMIES OF THE FIELD","MEYDANDAKİ ORDULAR"
"Army","Ordu"
"YOU","SEN"
"Esc closes the report","Esc raporu kapatır"
"Victory Conditions — complete all","Zafer Koşulları — hepsini tamamla"
"Victory Conditions — complete any","Zafer Koşulları — herhangi birini tamamla"
"Victory Conditions","Zafer Koşulları"
"Mission Steps — in order","Görev Adımları — sırayla"
"Next step","Sonraki adım"
"%1 of %2","%1 / %2"
"Complete the objective","Hedefi tamamla"
"Defeat Conditions","Yenilgi Koşulları"
"Avoid this condition","Bu koşuldan kaçın"
"Optional Objectives","İsteğe Bağlı Hedefler"
"Optional objective","İsteğe bağlı hedef"
"No mission objectives available.\nThis may be a skirmish, or objectives have not been configured.","Görev hedefi bulunmuyor.\nBu bir çatışma olabilir ya da hedefler tanımlanmamıştır."
"unbound","atanmamış"
"%1 or %2","%1 ya da %2"
"on, %1 px","açık, %1 px"
"off","kapalı"
"Screen edge","Ekran kenarı"
"Edge scroll","Kenardan kaydırma"
"Cursor to a screen edge","İmleci bir ekran kenarına götür"
"Push the pointer into any edge of the screen and the camera follows. Turn it off or change how wide the band is under Settings › Accessibility.","İşaretçiyi ekranın herhangi bir kenarına götür, kamera izlesin. Ayarlar › Erişilebilirlik altından kapatabilir ya da şeridin genişliğini değiştirebilirsin."
"Keyboard pan","Klavyeyle kaydırma"
"Slides the view over the battlefield and keeps going while held. Either the arrows or WASD; hold Shift to cover twice the ground per step.","Görüşü savaş alanı üzerinde kaydırır ve basılı tuttuğun sürece sürdürür. Ok tuşları ya da WASD; her adımda iki kat yol almak için Shift'i basılı tut."
"Middle-drag","Orta tuşla sürükleme"
"Drag pan","Sürükleyerek kaydırma"
"Hold middle button and drag","Orta tuşu basılı tutup sürükle"
"Drags the ground under the cursor. Edge scroll pauses while you drag so the two never fight.","İmlecin altındaki zemini sürükler. Sürüklerken kenardan kaydırma durur, böylece ikisi çakışmaz."
"Wheel or %1","Tekerlek ya da %1"
"Zoom","Yakınlaştırma"
"Mouse wheel, or %1","Fare tekerleği ya da %1"
"Moves the camera closer to and further from the battle.","Kamerayı savaşa yaklaştırır ve uzaklaştırır."
"Rotate","Döndürme"
"Swings the view around the point you are looking at. Hold Shift to swing further, or hold Alt and drag with the middle button.","Görüşü baktığın nokta çevresinde çevirir. Daha çok çevirmek için Shift'i basılı tut ya da Alt'ı basılı tutup orta tuşla sürükle."
"Tilt","Eğme"
"Raises the camera towards an overhead view or lowers it towards the horizon. Hold Shift to tilt further.","Kamerayı tepeden görünüme yükseltir ya da ufka doğru alçaltır. Daha çok eğmek için Shift'i basılı tut."
"Click minimap","Mini haritaya tıkla"
"Minimap jump","Mini haritayla atlama"
"Click or drag the minimap","Mini haritaya tıkla ya da sürükle"
"Left-click jumps the camera there; right-click sends the selection there.","Sol tık kamerayı oraya taşır; sağ tık seçimi oraya yollar."
"Top bar button","Üst çubuk düğmesi"
"Follow selection","Seçimi izle"
"Follow button, top bar","İzle düğmesi, üst çubuk"
"Keeps the camera on whatever you have selected until you switch it off.","Kamerayı, sen kapatana kadar seçtiğin şeyin üzerinde tutar."
"Reset camera","Kamerayı sıfırla"
"%1, or the Reset button in the top bar","%1 ya da üst çubuktaki Sıfırla düğmesi"
"Returns the view to your own camp, framed the way the battle opened.","Görüşü, savaşın açıldığı çerçeveyle kendi kampına döndürür."
"Moving the camera","Kamerayı hareket ettirme"
"Hide the camera legend","Kamera açıklamasını gizle"
"Camera settings","Kamera ayarları"
"Aleria","Aleria"
"Ariminum","Ariminum"
"Capua","Capua"
"Caralis","Caralis"
"Carthage","Kartaca"
"Carthage Core","Kartaca Çekirdeği"
"Carthaginian Iberia","Kartaca İberyası"
"Cirta","Cirta"
"Cisalpine Gaul","Cisalpin Galya"
"Corsica","Korsika"
"Emporiae","Emporiae"
"Etruria","Etruria"
"Iberian Interior","İberya İç Bölgesi"
"Illyrian Coast","İllirya Kıyısı"
"Illyrian Interior","İllirya İç Bölgesi"
"Leptis","Leptis"
"Libya","Libya"
"Lilybaeum","Lilybaeum"
"Massalia","Massalia"
"Mediolanum","Mediolanum"
"New Carthage","Yeni Kartaca"
"Numantia","Numantia"
"Numidia","Numidya"
"Placentia","Placentia"
"Roman Core","Roma Çekirdeği"
"Rome","Roma"
"Saguntum","Saguntum"
"Salona","Salona"
"Sardinia","Sardinya"
"Sicily","Sicilya"
"Southern Italy","Güney İtalya"
"Syracuse","Syracusa"
"Tarentum","Tarentum"
"Tarraco","Tarraco"
"Tingis","Tingis"
"Transalpine Gaul","Transalpin Galya"
"Veii","Veii"
"Campaign War Table • Mediterranean Theater","Sefer Harp Masası • Akdeniz Cephesi"
"Campaign","Sefer"
"Campaign Chronicle •","Sefer Vakayinamesi •"
"← Back","← Geri"
"Campaign Chronicle","Sefer Vakayinamesi"
"Campaign Progress:","Sefer İlerlemesi:"
"202 BC: recalled to Africa, Hannibal faces Scipio and Masinissa on the plain near Zama. The elephant lanes are prepared, the Roman camps are fortified, and the Iron Sepulcher no longer waits at the edge of history. Take all four camps and break both risings of the dead — nothing less ends this war.","MÖ 202: Afrika'ya geri çağrılan Hannibal, Zama yakınlarındaki ovada Scipio ve Masinissa ile karşı karşıya gelir. Fil koridorları hazırlanmış, Roma kampları tahkim edilmiş, Demir Kabir ise artık tarihin kıyısında beklemiyor. Dört kampı da al ve ölülerin iki kalkışını da kır — bundan azı bu savaşı bitirmez."
"215-212 BC: Capua and the Campanian allies sustain Hannibal while Rome avoids another Cannae and attacks roads, farms, and loyalties. Fortify the Punic supply quarter and break all three coordinated assaults — the quarter is not held until the last consular column lies dead in the streets.","MÖ 215-212: Capua ve Campania müttefikleri Hannibal'ı ayakta tutarken Roma yeni bir Cannae'den kaçınır ve yollara, tarlalara ve sadakatlere saldırır. Pön ikmal mahallesini tahkim et ve üç eşgüdümlü saldırıyı da kır — son konsül kolu sokaklarda ölü yatmadan mahalle tutulmuş sayılmaz."
"216 BC: the consuls mass Rome's greatest field army beside the Aufidus. Yield the Punic center by design, win both cavalry wings, close the double envelopment, then take the principal camp, the reserve camp, and the allied camp across the river road.","MÖ 216: konsüller Roma'nın en büyük sahra ordusunu Aufidus kıyısında toplar. Pön merkezini bilerek geri ver, iki süvari kanadını da kazan, çifte kuşatmayı kapat, sonra ana kampı, yedek kampı ve nehir yolunun karşısındaki müttefik kampı al."
"217 BC: Flaminius pursues along the northern shore of Lake Trasimene. Mist closes the road between lake and wooded height — and it will not hold for long. Strike the length of the column and seize both field posts within twenty minutes, before the air clears and a cohort carries word out of the basin.","MÖ 217: Flaminius, Trasimene Gölü'nün kuzey kıyısı boyunca takibe geçer. Sis, göl ile ormanlık yükselti arasındaki yolu kapatır — ve uzun sürmeyecektir. Kolun boyunca vur ve iki sahra karakolunu da yirmi dakika içinde ele geçir; hava açılıp bir kohort havzadan haber çıkarmadan önce."
"218 BC, winter: Sempronius Longus accepts the bait and drives his hungry army through the freezing Trebia. Hold the southern line and break all three crossings. You need not take his camp — you need only be standing when the river has finished with him.","MÖ 218, kış: Sempronius Longus yemi yutar ve aç ordusunu buz gibi Trebia'dan geçirir. Güney hattını tut ve üç geçidi de kır. Kampını almana gerek yok — nehir onunla işini bitirdiğinde ayakta duruyor olman yeter."
"218 BC: Hannibal turns from the Rhône into the Alps with soldiers, cavalry, baggage animals, and elephants. The pass cannot be taken by the sword alone — it must be paid for in timber, stone and iron. Set your builders to the slopes while the mountain peoples contest every switchback; do not follow the grave-lights into the snow.","MÖ 218: Hannibal, Rhône'dan askerleri, süvarileri, yük hayvanları ve filleriyle Alpler'e döner. Geçit yalnızca kılıçla alınamaz — bedeli kereste, taş ve demirle ödenmelidir. Dağ halkları her viraja itiraz ederken inşaatçılarını yamaçlara sür; mezar ışıklarının ardından kara girme."
"218 BC: near the Ticinus, Scipio's reconnaissance force tests Hannibal's cavalry. Win the mounted engagement, cut the bridge road, and overrun both Roman camps before their scouts carry a clean account back to the consul.","MÖ 218: Ticinus yakınlarında Scipio'nun keşif kuvveti Hannibal'ın süvarisini yoklar. Atlı çarpışmayı kazan, köprü yolunu kes ve izcileri konsüle temiz bir rapor götürmeden iki Roma kampını da ez."
"218 BC: the Rhône must be secured faster than Publius Cornelius Scipio can bring his army from Massalia. In this altered campaign, Roman advance posts hold the eastern approaches. Cross by ford, pontoon, or wooded detour and seize their river camps.","MÖ 218: Rhône, Publius Cornelius Scipio ordusunu Massalia'dan getirebilmeden önce güvenceye alınmalı. Bu değiştirilmiş seferde Roma ileri karakolları doğu yaklaşımlarını tutuyor. Sığ geçitten, dubalı köprüden ya da ormanlık bir dolambaçtan geç ve nehir kamplarını ele geçir."
"At dawn the market still stands and the consular roads are choked with Roman shields. Campania has bought the army another season, though every ally now understands how long Rome is willing to bleed.","Şafakta pazar hâlâ ayakta ve konsül yolları Roma kalkanlarıyla tıkalı. Campania orduya bir mevsim daha kazandırdı; gerçi artık her müttefik Roma'nın ne kadar kanamaya razı olduğunu anlıyor."
"Command Hannibal's Carthaginian army from the Alpine invasion of 218 BC to Zama in 202 BC. Break Roman camps, take fortified towns, preserve allied economies, and survive the Republic's answering legions while the Iron Sepulcher watches from roads older than either empire.","Hannibal'ın Kartaca ordusunu MÖ 218'deki Alp istilasından MÖ 202'deki Zama'ya kadar komuta et. Roma kamplarını kır, tahkimli kasabaları al, müttefik ekonomileri koru ve Demir Kabir her iki imparatorluktan da eski yollardan izlerken Cumhuriyet'in karşılık veren lejyonlarına karşı ayakta kal."
"Flaminius and much of his army are lost beside the lake. Rome names Fabius dictator. In the drowned reeds, an Iron Sepulcher altar has fed well without choosing a side.","Flaminius ve ordusunun büyük bölümü gölün kıyısında yitirildi. Roma, Fabius'u diktatör ilan eder. Suya gömülü sazlıklarda, taraf tutmayan bir Demir Kabir sunağı iyi beslendi."
"The Barcid Road","Barka Yolu"
"The Roman army is destroyed and the camps are taken, yet Rome refuses negotiation. So many dead lie on the plain that the Sepulcher's iron bells sound beneath the earth for seven nights.","Roma ordusu yok edildi ve kamplar alındı, yine de Roma görüşmeyi reddediyor. Ovada o kadar çok ölü yatıyor ki Kabir'in demir çanları yedi gece boyunca toprağın altından çınlıyor."
"The Roman screen breaks and Scipio is carried from the field wounded. The Insubres see that Carthage can defeat Rome on Italian ground—but pale riders still haunt the abandoned ford.","Roma perdesi yarılır ve Scipio yaralı olarak meydandan taşınır. İnsubreler Kartaca'nın Roma'yı İtalyan toprağında yenebileceğini görür — ama solgun atlılar hâlâ terk edilmiş geçidi arşınlıyor."
"The column reaches the plain of the Po diminished but unbroken. Italy lies below, and fires answer from Gallic settlements. Behind you, the sealed shrine in the pass begins counting the dead.","Kol, Po ovasına eksilmiş ama kırılmamış olarak ulaşır. İtalya aşağıda uzanır ve Galya yerleşimlerinden ateşler karşılık verir. Arkanda, geçitteki mühürlü mabet ölüleri saymaya başlar."
"The ferries and supply road belong to Carthage. Scipio finds abandoned standards and cold cooking fires; Hannibal is already turning toward the mountains.","Sallar ve ikmal yolu Kartaca'nın. Scipio terk edilmiş sancaklarla sönmüş ocaklar bulur; Hannibal çoktan dağlara dönmüştür."
"The last standards fall under an African sky. Rome and Carthage will remember the field differently; the Iron Sepulcher remembers only that both armies finally entered its reach.","Son sancaklar bir Afrika göğü altında düşer. Roma ile Kartaca meydanı farklı hatırlayacak; Demir Kabir yalnızca iki ordunun da sonunda erimine girdiğini hatırlıyor."
"The survivors flee toward Placentia through sleet and mud. Roman tents, grain, and weapons are captured; bodies beneath the ice rise only when nobody is watching.","Sağ kalanlar sulusepken ve çamurun içinden Placentia'ya kaçar. Roma çadırları, tahılı ve silahları ele geçirilir; buzun altındaki bedenler ise yalnızca kimse bakmazken kalkar."
"Not enough wood, stone, or iron to recruit this unit.","Bu birimi devşirmek için yeterli odun, taş ya da demir yok."
"Click to dismiss","Kapatmak için tıkla"
"ALLY","MÜTTEFİK"
"Their commander is dead. The host breaks and its camps stand empty.","Komutanları öldü. Ordu dağılıyor ve kampları boş kalıyor."
"%1 has lost its commander. The host breaks and its camps stand empty.","%1 komutanını yitirdi. Ordu dağılıyor ve kampları boş kalıyor."
"A camp gathered in. I shall keep it quiet and fed. That is what I am for.","Bir ordugâh devralındı. Sessiz ve karnı tok tutacağım. Ben bunun içinim."
"A camp lost. I have a dozen more, and the one you hold is the one I liked least.","Bir ordugâh kaybedildi. Bir düzine daha var; elindeki, en az sevdiğimdi."
"A camp lost. I have slept in worse hides and woken to better mornings.","Bir ordugâh kaybedildi. Daha beter inlerde uyudum, daha güzel sabahlara uyandım."
"A camp lost. I shall claim it was never mine. That is the beauty of having good clerks.","Bir ordugâh kaybedildi. Hiç benim olmadığını söyleyeceğim. İyi kâtiplerin faydası budur."
"A fresh column is on the road to you. Treat them courteously; several of them owe me money.","Taze bir kol sana doğru yolda. Onlara nazik davran; birkaçının bana borcu var."
"A victory, and a tidy one. I shall write it up as mostly mine; you would have done the same.","Bir zafer, hem de derli toplu. Kayda çoğunlukla benim diye geçireceğim; sen de aynısını yapardın."
"Advance. Double time. A slow attack is a gift to the enemy, and I am not generous.","İleri. Çabuk adım. Yavaş bir saldırı düşmana hediyedir, ben ise cömert değilim."
"Ah. Blades at last. I had begun to think you were a rumour with a baggage train.","Ah. Nihayet çelik. Ağırlık arabalarıyla dolaşan bir söylenti olduğunu düşünmeye başlamıştım."
"An army, and someone paying for it. Let us not pretend this is about glory. I will make you an offer at the end; you will not like the terms.","Bir ordu ve onu ödeyen biri. Bunun şan meselesi olduğunu farz etmeyelim. Sonunda sana bir teklif yapacağım; şartları hoşuna gitmeyecek."
"An assault on my camp. Every breach is coming out of someone's wages, and it will not be mine.","Ordugâhıma bir hücum. Her gedik birinin maaşından düşer, o da benimki olmayacak."
"An assault on my camp. Spend your men on it if you like; I have budgeted for exactly this kind of impatience.","Ordugâhıma bir hücum. İstersen adamlarını buna harca; tam da bu tür sabırsızlığı bütçeye koydum."
"Another camp for the Republic. Do stay and watch the standards go up; you will not see it done better.","Cumhuriyet'e bir ordugâh daha. Kal da sancakların yükselişini gör; daha iyi yapıldığını göremezsin."
"Another camp gathered in. Slowly, like fruit. Rot takes the ones you leave on the branch.","Bir ordugâh daha devralındı. Yavaşça, meyve gibi. Çürüklük, dalda bıraktıklarını alır."
"Another column comes down the road. Rome walks slowly and never, ever stops.","Yoldan bir kol daha iniyor. Roma yavaş yürür ve asla, asla durmaz."
"Another standard on my frontier. I have counted your tents from the ridge - it did not take long. Rome has surveyed better men than you and buried them in straighter rows.","Sınırımda bir sancak daha. Çadırlarını sırttan saydım; uzun sürmedi. Roma senden iyilerini ölçtü ve daha düzgün sıralarla gömdü."
"At my walls, are you. Keep swinging. Every man you put there is a man not guarding your own.","Demek surlarımdasın. Vurmaya devam et. Oraya koyduğun her adam, kendi adamlarını korumayan bir adamdır."
"Beaten, on this ground, today. Note the qualifications. I have made a career of the ground and the day after.","Yenildim, bu toprakta, bugün. Kayıtlara dikkat et. Ben kariyerimi toprak ve ertesi gün üzerine kurdum."
"Beaten. Beside you, which stings. I shall mention that the ground was poor and the allies poorer.","Yenildim. Hem de senin yanında; asıl acıtan bu. Zeminin kötü, müttefiklerin daha da kötü olduğunu söyleyeceğim."
"Beaten. Fair. You held when I thought you would run and you hit when I thought you would hold. I will not forget your standard.","Yenildim. Adilce. Kaçacağını sandığımda durdun, duracağını sandığımda vurdun. Sancağını unutmayacağım."
"Beaten. I shall write it down as an expense and you as a creditor. I pay my creditors. Eventually, and never in full.","Yenildim. Bunu gider, seni de alacaklı diye yazacağım. Alacaklılarıma öderim. Zamanla ve asla tamamını değil."
"Beaten. My brother would have a speech for this. I have only a road home and a great many arrows still in the quiver.","Yenildim. Kardeşimin buna bir nutku olurdu. Benim yalnızca bir eve dönüş yolum ve sadağımda hâlâ pek çok okum var."
"Camp taken. At the run. Next one is yours, if you are quick.","Ordugâh alındı. Koşarak. Sıradaki senin, çabuk olursan."
"Cohorts moving. Fast. Keep up if you can.","Kohortlar hareket ediyor. Hızlı. Yetişebilirsen yetiş."
"Cohorts, forward. Fast. Hit them before they finish thinking.","Kohortlar, ileri. Hızlı. Düşünmeleri bitmeden vurun."
"Done. You came at the wrong tempo and I was already inside it. Lie down; the surgeons work through the fallen in the order they fell.","Bitti. Yanlış tempoyla geldin, ben zaten onun içindeydim. Uzan; cerrahlar düşenlere düştükleri sırayla bakar."
"Down, then. Tell them Marcellus died forward. Tell them the ground was worth it. Both are true.","Demek düştüm. Onlara Marcellus'un ileri giderken öldüğünü söyleyin. Toprağın buna değdiğini söyleyin. İkisi de doğru."
"Down. You came in fast and hungry, and hungry things walk into snares. Rest. The country will not miss you.","Düştüm. Hızlı ve aç geldin; aç olanlar tuzağa yürür. Dinlen. Bu ülke seni aramaz."
"Finished. I shall put your camp in the books as a purchase. Blood is a currency like any other; you simply overpaid.","Tamamlandı. Ordugâhını defterlere alım olarak geçireceğim. Kan da her para gibi bir paradır; sen sadece fazla ödedin."
"Finished. You fought like a wall - solid, honest, and completely unable to turn around.","Tamamlandı. Bir duvar gibi dövüştün: sağlam, dürüst ve dönmeyi bütünüyle beceremeyen."
"First blood. Good. I was beginning to worry you were one of those enemies who negotiate.","İlk kan. Güzel. Pazarlık eden düşmanlardan biri olmandan korkmaya başlamıştım."
"Forward, in order. If you have a reserve, this would be the moment to discover it does not exist.","İleri, düzenle. İhtiyatın varsa, olmadığını keşfetmek için tam sırası."
"Forward, in pay order. Mercenaries fight best when they can see the paymaster watching.","İleri, ödeme sırasıyla. Paralı askerler, ödeyicinin baktığını gördüklerinde daha iyi dövüşür."
"Forward, quietly. The best charge is the one the enemy hears about afterwards.","İleri, sessizce. En iyi hücum, düşmanın sonradan haber aldığıdır."
"Forward. If it seems too easy, that is because it is meant to.","İleri. Fazla kolay görünüyorsa, öyle görünmesi içindir."
"Fresh cohorts on the road. They march fast because I told them to.","Yolda taze kohortlar var. Hızlı yürüyorlar, çünkü ben emrettim."
"Good. An enemy who shows up. Half my career was spent chasing ones who did not. Let us get on with it.","Güzel. Ortaya çıkan bir düşman. Kariyerimin yarısını çıkmayanları kovalayarak geçirdim. Başlayalım."
"Hitting my camp, are we? Every stone you knock loose has already been invoiced to your treasury.","Demek ordugâhıma vuruyorsun? Söktüğün her taş çoktan hazinene fatura edildi."
"Hitting my camp. Spend your strength there while my hunters spend theirs on your wagons.","Ordugâhıma vuruyorsun. Gücünü orada harca; benim avcılarım da kendi güçlerini arabalarına harcasın."
"Hitting my walls, are you. Every man you spend there is one I need not outwit later.","Demek surlarımdasın. Orada harcadığın her adam, sonradan alt etmek zorunda kalmayacağım biridir."
"I am advancing. It will not look like much. It is not meant to.","İlerliyorum. Pek bir şeye benzemeyecek. Benzemesi de gerekmiyor."
"I am at the end of what patience can buy. Come, or write to my family. Either will do; only one is useful.","Sabrın satın alabileceğinin sonuna geldim. Gel, ya da aileme yaz. İkisi de olur; yalnız biri işe yarar."
"I am attacking. Do not take it personally; I am simply collecting on ground you owe me.","Saldırıyorum. Üstüne alınma; sadece bana borçlu olduğun toprağı tahsil ediyorum."
"I am attacking. Hold your side. If this is wasted, I shall be sending you the bill.","Saldırıyorum. Kendi yanını tut. Bu boşa giderse hesabı sana yollarım."
"I am attacking. If you wished to be consulted, you should have brought more men.","Saldırıyorum. Fikrin sorulsun istiyorduysan daha çok adam getirecektin."
"I am bleeding men, and each one was paid in advance. This is not a battle, it is an audit, and it is going badly.","Adam kaybediyorum ve her biri peşin ödenmişti. Bu bir muharebe değil, bir teftiş, ve kötü gidiyor."
"I am coming at you now. All of it. Do not blink; you will miss the only part that matters.","Şimdi üstüne geliyorum. Hepsiyle. Gözünü kırpma; önemli olan tek kısmı kaçırırsın."
"I am coming for you. Not from where you are looking. I never come from where you are looking.","Peşinden geliyorum. Baktığın yerden değil. Ben hiç baktığın yerden gelmem."
"I am down to the last of them. If you are coming, run.","Elimde son kalanlar var. Geliyorsan, koş."
"I am going in. Now. Hit them from your side or watch me do it alone.","Giriyorum. Şimdi. Kendi tarafından vur ya da tek başıma yapışımı izle."
"I am losing cohorts faster than the treasury can replace them, and the treasury is quicker than you think.","Kohortları hazinenin yerine koyabildiğinden hızlı kaybediyorum, hazine de sandığından hızlıdır."
"I am losing men and I cannot replace them out here. If you have spare, I have work for them.","Adam kaybediyorum ve burada yerlerini dolduramam. Fazlan varsa, onlara işim var."
"I am losing men at a rate I do not care for. The ledger still balances. Do not let it stop balancing.","Hoşuma gitmeyen bir hızla adam kaybediyorum. Defter hâlâ tutuyor. Tutmaz hâle gelmesine izin verme."
"I am losing men fast. Faster than I like, and I like it fast. Something has to change.","Hızla adam kaybediyorum. Sevdiğimden de hızlı, ki ben hızlıyı severim. Bir şeyin değişmesi gerek."
"I am losing men. Not to cleverness, to weight. Lend me some of yours, or a distraction, or both.","Adam kaybediyorum. Zekâdan değil, ağırlıktan. Bana kendi adamlarından ödünç ver, ya da bir oyalama, ya da ikisi."
"I am moving on them. Do not follow me directly; be where they run to.","Üzerlerine gidiyorum. Ardımdan doğrudan gelme; kaçacakları yerde ol."
"I am moving on them. Slowly, from the high ground. Do not wait for me; be where they break to.","Üzerlerine gidiyorum. Yavaşça, yüksekten. Beni bekleme; dağılacakları yerde ol."
"I am nearly done here. Nearly. The last few are hunters, and hunters are patient about dying.","Burada neredeyse bitirdim. Neredeyse. Son kalanlar avcı, avcılar da ölmekte sabırlıdır."
"I am nearly done, they say. I have crossed mountains on nearly. Do not count what is left of me; count what it is still holding.","Neredeyse bittiğimi söylüyorlar. Ben o ""neredeyse"" ile dağlar aştım. Benden geriye kalanı değil, onun hâlâ neyi tuttuğunu say."
"I am nearly finished, they say. Nearly. A fire is nearly out for a long time before it goes cold, and it burns fingers all the while.","Neredeyse tükendiğimi söylüyorlar. Neredeyse. Bir ateş sönmeden çok önce neredeyse sönmüştür ve bu süre boyunca parmak yakar."
"I am nearly finished. I would rather not be. Consider this an invoice for immediate assistance.","Neredeyse tükendim. Olmasam iyiydi. Bunu derhal yardım için kesilmiş bir fatura say."
"I am nearly out of men. Nearly. The last handful are the ones who stayed, and those are the ones you should fear.","Neredeyse adamım kalmadı. Neredeyse. Son avuç, kalanlardır; korkman gerekenler de onlardır."
"I am sending men forward now. Not many. Enough. One does not empty the granary to kill a fox.","Şimdi öne adam yolluyorum. Çok değil. Yeterince. Bir tilkiyi öldürmek için ambar boşaltılmaz."
"I am sending the cohorts down now. Count them as they come. It will give you something to do with your last minutes.","Kohortları şimdi aşağı yolluyorum. Gelirken say. Son dakikalarında yapacak bir işin olur."
"I am sending the column now. It will not look like an attack until it is one.","Kolu şimdi yolluyorum. Saldırıya dönüşene kadar saldırıya benzemeyecek."
"I see your banners. I saw others like them, years ago; they made excellent kindling. Take your time. I intend to take mine.","Sancaklarını görüyorum. Yıllar önce benzerlerini gördüm; mükemmel çıra oldular. Acele etme. Ben de etmeye niyetli değilim."
"Keep the field, then. Rome does not lose provinces - she lends them, at interest. My accountants will be along in the spring, and they are far less pleasant than I am.","Öyleyse meydan senin olsun. Roma eyalet kaybetmez; faiziyle ödünç verir. Muhasebecilerim baharda uğrar ve benden çok daha tatsızdırlar."
"Look at that. You are bleeding out and still holding the ground. Brave. Wrong, but brave.","Şuna bak. Kan kaybediyorsun ve hâlâ toprağı tutuyorsun. Cesur. Yanlış, ama cesur."
"Look at them fall. I did warn you that arithmetic is cruel, and I am only its clerk.","Düşüşlerini izle. Aritmetiğin zalim olduğunu söylemiştim, ben yalnızca onun kâtibiyim."
"Look at your line. Brave men, standing where the arrows are. Whose idea was that?","Hattına bak. Okların düştüğü yerde duran cesur adamlar. Kimin fikriydi bu?"
"Look at your line. Brave, disciplined, and in exactly the wrong place. Rome taught you well.","Hattına bak. Cesur, disiplinli ve tam da yanlış yerde. Roma sana iyi öğretmiş."
"Look at your losses. Whoever is paying for this war is getting very poor value.","Kayıplarına bak. Bu savaşı kim ödüyorsa parasının karşılığını çok kötü alıyor."
"Lost. I did say this was the Barcids' kind of war. Nobody listens to the man who keeps the books until the books are empty.","Kaybedildi. Bunun Barkaların savaşı olduğunu söylemiştim. Defterleri tutan adamı, defterler boşalana dek kimse dinlemez."
"Lost. We fought their war instead of ours. Next time we choose the field before we choose the fight.","Kaybedildi. Kendi savaşımız yerine onlarınkini yaptık. Bir dahaki sefere kavgayı seçmeden meydanı seçelim."
"Lost. We ran out of arrows or out of time; in this country they are the same thing.","Kaybedildi. Ya okumuz bitti ya vaktimiz; bu ülkede ikisi aynı şeydir."
"Lost. We were quicker than we should have been, or slower. I shall spend the winter deciding which.","Kaybedildi. Ya olmamız gerekenden hızlıydık ya da yavaş. Kışı hangisi olduğuna karar vererek geçireceğim."
"Lost. We were slow when it mattered. I will say so to anyone who asks, including you.","Kaybedildi. Önemli anda ağır kaldık. Soran herkese bunu söylerim, sana da."
"More men are on the road. I did not send for them out of fear; I sent for them because there is room.","Yolda daha çok adam var. Onları korkudan çağırmadım; yer olduğu için çağırdım."
"More men coming. Not for you to see - for you to feel.","Daha çok adam geliyor. Görmen için değil; hissetmen için."
"More of mine are coming down the road. I know - I did not tell you. That was rather the idea.","Benimkilerden daha fazlası yoldan iniyor. Biliyorum, sana söylemedim. Maksat da buydu."
"More of mine are coming. I sent for them before you arrived; a hunter sets the snare before he sees the deer.","Benimkilerden daha fazlası geliyor. Sen gelmeden önce çağırmıştım; avcı, geyiği görmeden tuzağı kurar."
"More of my hired men are coming down the road. Fresh, fed, and paid. You cannot say the same for yours.","Paralı adamlarımdan daha fazlası yoldan iniyor. Dinç, tok ve ödenmiş. Seninkiler için aynısı söylenemez."
"My archers advance. When their line looks at me, it is not looking at you.","Okçularım ilerliyor. Onların hattı bana baktığında sana bakmıyordur."
"My archers are moving up. Look to your flanks; that is where the country runs thin.","Okçularım öne çıkıyor. Kanatlarına dikkat et; ülke orada incelir."
"My camp is taking hits. I can hold. I would rather kill them with you than hold without you.","Ordugâhım darbe alıyor. Dayanabilirim. Ama sensiz dayanmaktansa seninle onları öldürmeyi yeğlerim."
"My camp is taking the weight of their attack. If you were planning to come, this is the day for planning to end.","Ordugâhım saldırılarının ağırlığını taşıyor. Gelmeyi düşünüyorduysan, düşünmenin bittiği gün bugündür."
"My camp is under attack, and my archers are better at giving than taking. If you can come, come along the ridge.","Ordugâhım saldırı altında ve okçularım almaktan çok vermekte iyidir. Gelebilirsen sırttan gel."
"My camp is under attack, and my men are paid to fight, not to die. If you want them alive tomorrow, come today.","Ordugâhım saldırı altında ve adamlarıma dövüşmek için para veriliyor, ölmek için değil. Yarın sağ istiyorsan bugün gel."
"My camp is under attack. I would prefer not to be the one caught in a trap for once; if you can help, now would be poetic.","Ordugâhım saldırı altında. Bir kez olsun tuzağa düşen ben olmasam iyiydi; yardım edebilirsen şimdi tam şiirsel olurdu."
"My camp is under the hammer. If you have men to spare, spare them now; if not, I shall be curious to see what you were saving them for.","Ordugâhım çekicin altında. Fazladan adamın varsa şimdi ver; yoksa onları ne için sakladığını merak edeceğim."
"My cohorts are bleeding. Very well. Rome bleeds the way rivers do - it is how she reaches the sea.","Kohortlarım kanıyor. Olsun. Roma, nehirler gibi kanar; denize böyle ulaşır."
"My cohorts are marching on them. Watch the manoeuvre; it is not something one sees twice for free.","Kohortlarım üzerlerine yürüyor. Manevrayı izle; böylesi ikinci kez bedavaya görülmez."
"My cohorts are moving on them. Slowly. If you are quicker, be quicker where they can see it.","Kohortlarım üzerlerine gidiyor. Yavaşça. Sen daha hızlıysan, görebilecekleri yerde hızlı ol."
"My cohorts are thinning. It is a cost, and I keep the books honestly. There is still more field than you have men.","Kohortlarım seyreliyor. Bu bir maliyet ve ben defteri dürüst tutarım. Hâlâ senin adamından çok meydan var."
"My columns advance. Watch their reserve. It will move when they see me, and that is when it is yours.","Kollarım ilerliyor. İhtiyatlarını gözle. Beni görünce kımıldayacak, işte o zaman senindir."
"My columns are moving. Watch the front, by all means; someone should, and it may as well be you.","Kollarım hareket ediyor. Cepheyi elbette gözle; birinin gözlemesi lazım, o da pekâlâ sen olabilirsin."
"My line advances. Do not look for the trick; there is no trick. There is only the next step, and then the one after.","Hattım ilerliyor. Hile arama; hile yok. Yalnızca bir sonraki adım var, sonra ondan sonraki."
"My men are down in numbers. So be it. Blood is the coin, and I have always paid in full.","Adamlarım sayıca düşüyor. Olsun. Kan paradır ve ben hep tam ödedim."
"My men are dying. Good men, too. The enemy may take them; the enemy may not have my attention as well.","Adamlarım ölüyor. Hem de iyi adamlar. Düşman onları alabilir; dikkatimi de almasın."
"My men are falling. The line thins. I have fed armies on less and the hills have not run out of stone.","Adamlarım düşüyor. Hat inceliyor. Daha azıyla ordular besledim ve tepelerin taşı tükenmedi."
"My part is done. The hills kept me alive longer than the plain would have. Go on without me and win.","Benim payıma düşen bitti. Tepeler beni ovanın tutacağından uzun tuttu. Bensiz devam et ve kazan."
"My part is over. I shall be in the Council chamber by morning, explaining how it was your fault. Win anyway.","Payım sona erdi. Sabaha Meclis salonunda, bunun nasıl senin suçun olduğunu anlatıyor olacağım. Yine de kazan."
"My spears are falling. Every one is a contract I have to settle with a widow. Someone will pay for this, and it will not be me.","Mızraklılarım düşüyor. Her biri bir dulla kapatmam gereken bir sözleşme. Birileri bunun bedelini ödeyecek ve o ben olmayacağım."
"My spears are marching on them. I do not do this cheaply, so kindly make it count.","Mızraklılarım üzerlerine yürüyor. Bunu ucuza yapmıyorum, o yüzden lütfen değsin."
"My spears are moving. Every one of them is paid through the season, so they will not stop for a little dying.","Mızraklılarım hareket ediyor. Hepsinin mevsimlik ödemesi yapıldı, o yüzden azıcık ölüm için durmazlar."
"Nearly bankrupt, then. In men, I mean. I have been bankrupt before; the trick is to owe so much that they cannot afford to finish you.","Demek neredeyse iflas. Adam bakımından yani. Daha önce de iflas ettim; hile, seni bitirmeye güçlerinin yetmeyeceği kadar borçlu olmaktır."
"Nearly beaten, they tell me. I have been nearly beaten before. The word is doing a great deal of work in that sentence.","Neredeyse yenildim diyorlar. Daha önce de neredeyse yenilmiştim. O kelime bu cümlede çok ağır bir iş görüyor."
"One camp changes hands. I have lost more to a dishonest quartermaster and slept perfectly well.","Bir ordugâh el değiştiriyor. Sahtekâr bir levazımcıya bundan fazlasını kaybettim ve mışıl mışıl uyudum."
"One camp gone. I have never yet lost a war to masonry.","Bir ordugâh gitti. Hiçbir savaşı taş duvara kaybetmedim."
"One camp lost. I have lost an eye, an army and a brother, and here I still am.","Bir ordugâh kaybedildi. Bir göz, bir ordu ve bir kardeş kaybettim, hâlâ buradayım."
"Reinforcements march. Rome has a great many sons and a very short memory for their names.","Takviyeler yürüyor. Roma'nın pek çok oğlu ve adlarına dair pek kısa bir hafızası vardır."
"Reinforcements on the road. Not many. Enough to make you turn your head at the wrong moment.","Yolda takviyeler var. Çok değil. Yanlış anda başını çevirtmeye yetecek kadar."
"Reinforcements. Bought this morning, delivered this afternoon. That is what a treasury is for.","Takviyeler. Sabah satın alındı, öğleden sonra teslim edildi. Hazine bunun içindir."
"Reinforcements. Mine, I am afraid. I collect them the way others collect debts.","Takviyeler. Korkarım benimkiler. Onları başkalarının borç topladığı gibi toplarım."
"Right. You are here, I am here. No speeches. Sharpen what you have; I do not like to fight dull men.","Pekâlâ. Sen buradasın, ben buradayım. Nutuk yok. Elindekini bile; kör adamlarla dövüşmeyi sevmem."
"So it begins. Spears touch, men fall, and the wheat grows regardless. I can wait longer than you can bleed.","İşte başlıyor. Mızraklar değer, adamlar düşer, buğday yine de büyür. Ben senin kanayabileceğinden uzun bekleyebilirim."
"So it ends with a blade after all. Tell Rome I was a wolf, not a bull. She never did learn the difference.","Demek sonunda bir bıçakla bitiyor. Roma'ya bir kurt olduğumu söyleyin, boğa değil. Farkı hiç öğrenemedi."
"So the Barcids' war has found me a new opponent. Understand that I am here for the ledger, not the legend, and ledgers are much harder to kill.","Demek Barkaların savaşı bana yeni bir hasım buldu. Şunu anla: ben efsane için değil, defter için buradayım ve defterleri öldürmek çok daha zordur."
"So the arrow finds me at last. Tell my brother I held the road as long as roads can be held.","Demek ok beni sonunda buldu. Kardeşime söyleyin: yolu, yollar tutulabildiği kadar tuttum."
"So the old man falls at last. Rome will call it a tragedy for a week and a lesson for a century. Mind the lesson.","Demek yaşlı adam nihayet düşüyor. Roma buna bir hafta trajedi, bir yüzyıl ders diyecek. Derse kulak ver."
"So this is the army. I make it three cohorts and some optimism. My clerks have already drawn up the receipt for your camp; we only need the date.","Demek ordu bu. Üç kohort ile biraz iyimserlik sayıyorum. Kâtiplerim ordugâhının makbuzunu şimdiden yazdı; sadece tarih eksik."
"So. The Barcids get their wish and I get a spear. Tell the Council the books are in order. They always were.","Pekâlâ. Barkalar dileğini alıyor, ben de bir mızrak. Meclis'e defterlerin düzgün olduğunu söyleyin. Hep düzgündü."
"So. You have come to fight me. How refreshing - most of my enemies prefer to wait behind their walls until I have finished with the countryside.","Demek benimle dövüşmeye geldin. Ne ferahlatıcı; düşmanlarımın çoğu, ben kırla işimi bitirene dek surlarının ardında beklemeyi yeğler."
"Steel meets steel. Now the costs begin. I do hope you are keeping accounts, because I am.","Çelik çeliğe değdi. Şimdi masraflar başlıyor. Umarım hesap tutuyorsundur, çünkü ben tutuyorum."
"Steel. Finally. Now we find out what you are made of, and I already have a guess.","Çelik. Nihayet. Şimdi neyden yapıldığını öğreneceğiz, ki bir tahminim var."
"Take the camp. I have taken cities and given them back; the joy is in the taking, not the holding.","Ordugâhı al. Şehirler alıp geri verdim; keyif almakta, tutmakta değil."
"That camp is Rome's now. I shall let you have the wells, at the usual rate.","O ordugâh artık Roma'nın. Kuyuları sana bırakırım, her zamanki bedelle."
"That camp is mine now. I have already sold the grain in it twice. Do not look so surprised; it is how one makes a profit on war.","O ordugâh artık benim. İçindeki tahılı çoktan iki kez sattım. Öyle şaşırma; savaştan kâr böyle çıkarılır."
"That camp is mine now. I shall not do anything dramatic with it. I shall simply keep it, which is worse.","O ordugâh artık benim. Onunla dramatik bir şey yapmayacağım. Sadece elimde tutacağım, ki bu daha kötüdür."
"That camp is mine. I did not even need the elephants. I am almost disappointed.","O ordugâh benim. Fillere bile gerek kalmadı. Neredeyse hayal kırıklığına uğradım."
"That camp is mine. I did not storm it; I waited for it. There is a difference and you will feel it.","O ordugâh benim. Onu basmadım; bekledim. Arada fark vardır ve onu hissedeceksin."
"That camp is mine. Took it at the run. Did you even see the standard change?","O ordugâh benim. Koşarak alındı. Sancağın değiştiğini görebildin mi?"
"That camp is ours. I have already leased the granary. To you, actually. We can discuss terms.","O ordugâh bizim. Tahıl ambarını çoktan kiraya verdim. Aslında sana. Şartları konuşabiliriz."
"That camp is ours. I took it from the side nobody guards, which is every side, eventually.","O ordugâh bizim. Kimsenin korumadığı taraftan aldım, ki eninde sonunda her taraf öyledir."
"That camp is ours. I will hold it and keep the road open behind you. Somebody has to.","O ordugâh bizim. Onu tutacağım ve ardındaki yolu açık tutacağım. Birinin yapması lazım."
"That is all of me spent. It was a long war and I regret none of the slow parts. Finish it.","Bendeki bu kadardı. Uzun bir savaştı ve yavaş kısımlarının hiçbirine pişman değilim. Sen bitir."
"That is my part done. Went forward the whole way. Finish what is left of them.","Payım bu kadardı. Yolun tamamını ileri giderek yürüdüm. Onlardan kalanı bitir."
"That is the end of it. You fought. That counts for something in my camp, if not in yours.","İşte sonu. Dövüştün. Benim ordugâhımda bunun bir değeri var, seninkinde olmasa da."
"That is the end of my army. Not of me - never that - but the war is in your hands now. Turn it.","İşte ordumun sonu. Benim değil, asla, ama savaş artık senin ellerinde. Onu çevir."
"That is the end of my part. The rest of the war is yours. Do keep the receipts.","İşte payımın sonu. Savaşın kalanı senin. Makbuzları sakla."
"That is the end. You fought hard and thought little. In the hills, that gets you eaten.","İşte son. Sert dövüştün ve az düşündün. Tepelerde bu, yem olmak demektir."
"That was yours a moment ago. My surveyors are already renaming the streets. Something Latin, I think.","Az önce bu seninken. Kadastrocularım şimdiden sokakların adını değiştiriyor. Latince bir şey, sanırım."
"The cohorts are moving - slowly, in step. You will have time to see them coming. That is the point.","Kohortlar hareket ediyor; yavaşça, adım adım. Geldiklerini görmeye vaktin olacak. Amaç da bu."
"The first arrows fly. Now we learn whether you can bleed and think at once.","İlk oklar uçuyor. Şimdi hem kanayıp hem düşünebiliyor musun öğreneceğiz."
"The legion is moving. Do not trouble to form a line - it will only give my men something to step over.","Lejyon hareket ediyor. Hat kurmakla uğraşma; adamlarıma sadece üstünden geçecekleri bir şey verir."
"There it is. You came straight at me, like a bull at a red cloak, and now you are wondering where the cloak went.","İşte bu. Kırmızı beze koşan boğa gibi doğrudan üstüme geldin ve şimdi bezin nereye gittiğini merak ediyorsun."
"There you are. I have been counting your wagons. Fewer than you need, more than you can guard. This will be a patient day.","İşte oradasın. Arabalarını sayıyordum. İhtiyacından az, koruyabileceğinden çok. Bu, sabırlı bir gün olacak."
"There. It was never a battle, only a season, and seasons end. Go home if you have one; the road is long and I shall not follow.","İşte bu kadar. Bu hiç muharebe değildi, sadece bir mevsimdi ve mevsimler biter. Varsa evine git; yol uzun ve ben peşinden gelmeyeceğim."
"There. That is what happens when amateurs march against a ledger. Sit down. My men will count you when they have counted the horses.","İşte bu kadar. Acemiler bir hesap defterine yürüyünce böyle olur. Otur. Adamlarım atları saydıktan sonra sizi de sayar."
"There. You are done, and I have lost fewer men than I budgeted for. That is a good day in my trade.","İşte bu kadar. Sen bittin ve ben bütçelediğimden az adam kaybettim. Benim işimde bu, iyi bir gündür."
"They are at my walls, and my walls were built by the lowest bidder. Some assistance would not go unrecorded.","Surlarımdalar ve surlarımı en ucuz teklifi veren yaptı. Biraz yardım kayıtsız kalmazdı."
"They are at my walls. Come now, hard, and we break them between us.","Surlarımdalar. Şimdi gel, sert gel, ikimizin arasında kıralım onları."
"They are at my walls. I can hold a while - I always can - but a while is not forever, and I would rather not test the word.","Surlarımdalar. Bir süre dayanabilirim, hep dayanırım, ama bir süre sonsuza dek değildir ve o kelimeyi sınamayı yeğlemem."
"They are at my walls. I can hold a while with what I have. A while, not long. Please hear the difference.","Surlarımdalar. Elimdekiyle bir süre dayanabilirim. Bir süre, uzun değil. Lütfen farkı duy."
"They are at my walls. I have been the hammer so often that I forget what the anvil feels like. It is unpleasant.","Surlarımdalar. O kadar sık çekiç oldum ki örs olmanın nasıl bir şey olduğunu unuttum. Hoş değilmiş."
"They are at my walls. Mercenaries have a fine sense of when a paymaster is about to become a corpse. Do hurry.","Surlarımdalar. Paralı askerlerin, bir ödeyicinin ne zaman ceset olacağına dair keskin bir burnu vardır. Acele et."
"This is the edge. I have stood on it before and walked back. I would rather not do it alone.","Bu, kenar. Daha önce de üstünde durdum ve geri döndüm. Bunu yalnız yapmayı yeğlemem."
"This is the end of my line unless you reach me. I will not ask twice; there will not be time to.","Bana ulaşamazsan hattımın sonu bu. İki kez istemeyeceğim; vakit olmayacak."
"This is what the end of a consulship looks like from the inside. Come quickly, or come for the funeral.","Bir konsüllüğün sonu içeriden böyle görünür. Çabuk gel ya da cenazeye gel."
"Together, then. I will do the clever part. You may do the brave part; it is honest work and someone must.","Birlikte öyleyse. Zekice kısmı ben yaparım. Cesur kısmı sen yapabilirsin; dürüst bir iştir ve birinin yapması gerekir."
"We are allies, so I am told. I did not vote for it. Keep your men off my supply lines and we shall get along splendidly.","Müttefikiz, öyle diyorlar. Ben bunun için oy vermedim. Adamlarını ikmal hatlarımdan uzak tut, gayet iyi geçiniriz."
"We fight side by side. Keep pace with me or stay out of my way; either is fine, both at once is not.","Omuz omuza dövüşüyoruz. Ya bana ayak uydur ya yolumdan çekil; ikisi de olur, ikisi birden olmaz."
"We fight together, then. Do try to keep your line straight - I shall be watching from the good ground, and I have a very long memory for embarrassments.","Demek birlikte dövüşüyoruz. Hattını düz tutmaya çalış; ben iyi zeminden izliyor olacağım ve utançlara dair hafızam çok uzundur."
"We fight together. I will hold the flanks and watch the roads. Keep your supply close; the enemy will not fight fair and neither will I.","Birlikte dövüşüyoruz. Kanatları ben tutar, yolları ben gözlerim. İkmalini yakın tut; düşman adil dövüşmeyecek, ben de."
"We stand together. I will not be hurried, and I will not hurry you. Hold what you have and let the enemy come to us tired.","Birlikte duruyoruz. Acele ettirilmem ve seni de ettirmem. Elindekini tut, bırak düşman bize yorgun gelsin."
"Welcome to my field. I say mine; I have not signed anything. I simply find that fields tend to become mine after a while.","Meydanıma hoş geldin. Meydanım diyorum; hiçbir şey imzalamadım. Sadece meydanların bir süre sonra benim olmaya eğilimli olduğunu görüyorum."
"Well. A field is lost. I have lost fields before and taken the harvest anyway. We shall see who is still here at the sowing.","Eh. Bir meydan kaybedildi. Daha önce de meydan kaybettim ve hasadı yine de aldım. Ekim vakti kimin burada olduğunu göreceğiz."
"Won. Clean and fast. That is how it is done. Drink tonight; march tomorrow.","Kazanıldı. Temiz ve hızlı. Böyle yapılır. Bu gece iç; yarın yürü."
"Won. Good. Now let us eat before someone counts what it cost us.","Kazanıldı. Güzel. Şimdi biri bize kaça mal olduğunu saymadan yemek yiyelim."
"Won. I shall tell the Council it was my doing and yours was very expensive. They will believe half of it.","Kazanıldı. Meclis'e bunun benim işim, seninkinin de çok pahalı olduğunu söyleyeceğim. Yarısına inanırlar."
"Won. Neatly. Remember that half of it was the ground and the other half was the timing, and none of it was luck.","Kazanıldı. Düzgünce. Bunun yarısının zemin, yarısının zamanlama olduğunu ve hiçbirinin şans olmadığını unutma."
"Won. Not quickly, but won. Remember how it felt to wait; it is the part nobody else will remember for you.","Kazanıldı. Hızlı değil ama kazanıldı. Beklemenin nasıl olduğunu hatırla; onu senin yerine kimse hatırlamayacak."
"You are a long way from your supply, and I can see your fires from here. A hunter does not chase the deer; he waits at the water.","İkmalinden çok uzaktasın ve ateşlerini buradan görüyorum. Avcı geyiği kovalamaz; suyun başında bekler."
"You are at my camp. A camp is a tent with ambition; I have left better ones to wolves.","Ordugâhımdasın. Ordugâh, hırsı olan bir çadırdır; daha iyilerini kurtlara bıraktım."
"You are at my walls. A camp is a hide, nothing more. I have others, and the hills have more still.","Surlarımdasın. Ordugâh bir in, o kadar. Başkaları var, tepelerde daha da fazlası."
"You are at my walls. Bold. My grandfather kept a dog that was bold; we buried it with honours and bought a better one.","Surlarımdasın. Cesur. Dedemin cesur bir köpeği vardı; onu törenle gömdük ve daha iyisini aldık."
"You are at my walls. Do you have any idea what those walls cost? Of course not. Nobody who breaks things ever does.","Surlarımdasın. Bu surların neye mal olduğuna dair fikrin var mı? Elbette yok. Bir şeyi kıranların hiç olmaz."
"You are at my walls. Knock. My walls have been knocked on by better, and they have learned not to answer.","Surlarımdasın. Vur kapıya. Surlarıma senden iyileri vurdu ve onlar açmamayı öğrendiler."
"You are bleeding. I am not pleased by it; I am merely not surprised.","Kanıyorsun. Bu beni memnun etmiyor; sadece şaşırtmıyor."
"You are hitting my camp. Good. That means you are close enough for me to hit back.","Ordugâhıma vuruyorsun. Güzel. Demek ki karşılık verebileceğim kadar yakınsın."
"You brought numbers. I brought arithmetic. Do write to your people and tell them the difference, if any of them can read.","Sen sayı getirdin. Ben aritmetik getirdim. Halkına yaz ve farkı anlat, içlerinde okuyabilen varsa."
"You have a camp of mine. Feed it. Water it. I will watch you try to do both from the road you do not hold.","Bir ordugâhım sende. Besle. Sula. İkisini de elinde olmayan bir yoldan yapmaya çalışmanı izleyeceğim."
"You have beaten a consul. Write it down somewhere; nobody in the city will believe you, and next year they will send two.","Bir konsülü yendin. Bir yere yaz; şehirde kimse inanmaz ve seneye iki tane yollarlar."
"You have come a long way to stand in a field. Stand in it, then. I have wheat to bring in, and a great deal of time, and you have neither.","Bir meydanda dikilmek için çok uzun yol geldin. Öyleyse dikil. Benim kaldıracak buğdayım ve pek çok vaktim var, senin ise ikisi de yok."
"You have killed a consul. Rome keeps forty more in cupboards in the city, and I promise you the ones still in the cupboards are worse.","Bir konsül öldürdün. Roma şehirdeki dolaplarda kırk tane daha tutar ve söz veriyorum, dolaptakiler daha beterdir."
"You have taken a camp. It will need feeding, and I have noticed that you do not feed things well.","Bir ordugâh aldın. Beslenmesi gerekecek ve fark ettim ki sen bir şeyleri iyi beslemiyorsun."
"You have taken a camp. Take the debts that come with it too; I was rather hoping someone would.","Bir ordugâh aldın. Beraberinde gelen borçları da al; birinin almasını umuyordum zaten."
"You have that camp. Congratulations - you now own its wells, its debts, and its sanitation. I shall want it back before the rains.","O ordugâh sende. Tebrikler; artık kuyuları, borçları ve lağımı senin. Yağmurlardan önce geri isteyeceğim."
"You have the ground. Ground is patient; so am I. Winter will visit you here long before I do, and it does not negotiate.","Toprak sende. Toprak sabırlıdır; ben de. Kış seni burada benden çok önce ziyaret eder ve o pazarlık etmez."
"You have won the field. Very well. I have lost cheaper things to worse men. The Council will hear that the Barcids' war lost it, not mine.","Meydanı kazandın. Pekâlâ. Daha ucuz şeyleri daha kötü adamlara kaybettim. Meclis, kaybedenin Barkaların savaşı olduğunu duyacak, benimki değil."
"You have won. I am almost pleased; a man learns nothing from beating fools. I shall learn from you, and I promise you will not enjoy the lesson.","Kazandın. Neredeyse memnunum; ahmakları yenerek insan bir şey öğrenmez. Senden öğreneceğim ve söz veriyorum, dersten hoşlanmayacaksın."
"You hurried. Men who hurry meet me exactly where I am waiting. Rest now. The ground is good for it.","Acele ettin. Acele eden adamlar beni tam beklediğim yerde bulur. Şimdi dinlen. Toprak buna elverişlidir."
"You took the camp. Fine. It was walls; I fight in the field. Come and find me there.","Ordugâhı aldın. Peki. Onlar surdu; ben meydanda dövüşürüm. Gel ve beni orada bul."
"You win the field. Take it. I have hunted this country for years; the land will still feed me when you have eaten it bare.","Meydanı kazanıyorsun. Al. Bu ülkede yıllardır avlanırım; sen onu kemirip bitirdiğinde bile o beni doyurur."
"You won. Do not gloat; it slows the feet. I will find you again on better ground.","Kazandın. Böbürlenme; ayakları ağırlaştırır. Seni daha iyi bir zeminde yeniden bulurum."
"Your camp changes masters. They will find me a lenient landlord and a very poor tenant.","Ordugâhın el değiştiriyor. Beni hoşgörülü bir mal sahibi ve çok kötü bir kiracı olarak bulacaklar."
"Your camp is taken. My brother will say it was his idea. It usually is.","Ordugâhın alındı. Kardeşim bunun kendi fikri olduğunu söyleyecek. Genelde öyledir."
"Your camp, gone in a heartbeat. That is what tempo does. Learn it or lose the next one.","Ordugâhın, bir kalp atışında gitti. Tempo bunu yapar. Öğren ya da bir sonrakini kaybet."
"Your camp, under new management. I shall keep the wells and fire the garrison. Standard practice.","Ordugâhın yeni yönetim altında. Kuyuları tutar, garnizonu dağıtırım. Alışılmış uygulama."
"Your commander has fallen. A pity. I had a speech prepared for after, and he would have hated it.","Komutanın düştü. Yazık. Sonrası için bir konuşma hazırlamıştım ve ondan nefret ederdi."
"Your commander has fallen. Grief later; line now. The field does not pause for either of us.","Komutanın düştü. Yas sonra; şimdi hat. Meydan ikimiz için de durmaz."
"Your commander has fallen. Hasty men do. Bury him with honour; you will be joining him soon enough, and the ground here is soft.","Komutanın düştü. Aceleci olanların başına gelir. Onu şerefle göm; yakında ona katılacaksın ve buranın toprağı yumuşak."
"Your commander has fallen. I know that grief. Keep your men together; scattered men are what the enemy is hunting.","Komutanın düştü. O yası bilirim. Adamlarını bir arada tut; düşmanın avladığı, dağılmış olanlardır."
"Your commander has fallen. Sorry. Keep your men moving; grief stands still and standing still kills.","Komutanın düştü. Üzgünüm. Adamlarını hareket hâlinde tut; yas yerinde durur ve yerinde durmak öldürür."
"Your commander has fallen. Unfortunate. Hold your line; I shall not hold mine for a leaderless ally very long.","Komutanın düştü. Talihsizlik. Hattını tut; başsız bir müttefik için kendi hattımı uzun süre tutmam."
"Your commander is dead. A costly man to lose. I have already calculated what it will cost you to replace him; the number is not kind.","Komutanın öldü. Pahalı bir kayıp. Onun yerine birini koymanın sana neye mal olacağını çoktan hesapladım; rakam nazik değil."
"Your commander is dead. Unfortunate, and expensive. Keep your line; a leaderless ally is a liability I did not agree to insure.","Komutanın öldü. Talihsiz ve pahalı. Hattını tut; başsız bir müttefik, sigortalamayı kabul etmediğim bir risktir."
"Your commander is down. He led from the front; brave men do, and it is where the arrows go.","Komutanın düştü. Önden komuta ediyordu; cesurlar öyle yapar ve oklar oraya gider."
"Your commander is down. I did not enjoy it. I did not have to.","Komutanın düştü. Zevk almadım. Almam da gerekmiyordu."
"Your commander is down. Pity. I had meant to invite him to dinner after and explain where he went wrong.","Komutanın düştü. Yazık. Onu sonrasında yemeğe çağırıp nerede yanıldığını anlatmayı düşünüyordum."
"Your commander is down. Their moment of joy is your moment of opportunity; nobody watches the flanks while they cheer.","Komutanın düştü. Onların sevinç anı senin fırsat anındır; kimse tezahürat ederken kanatlarını gözlemez."
"Your line is breaking. I can hear it from here. Press or pull back - standing there is just dying slowly.","Hattın kırılıyor. Buradan duyuyorum. Ya bastır ya geri çekil; orada durmak yavaş yavaş ölmektir."
"Your line is thinning nicely. I am told grief is easier when one has fewer names to remember.","Hattın güzelce inceliyor. Diyorlar ki hatırlanacak isim azalınca yas kolaylaşırmış."
"Your men are dropping in the open. A hunter feels no pride in it. Only a little pity, and a full quiver.","Adamların açıkta düşüyor. Bir avcı bundan gurur duymaz. Yalnızca biraz acıma ve dolu bir sadak."
"Your men are dying at a rate that would bankrupt a lesser treasury. I find that admirable and very stupid.","Adamların, daha küçük bir hazineyi iflasa sürükleyecek bir hızla ölüyor. Bunu hayranlık verici ve çok aptalca buluyorum."
"Your men are falling faster than you are replacing them. That is not a battle. That is a harvest, and it is not yours.","Adamların, yerlerini doldurduğundan hızlı düşüyor. Bu bir muharebe değil. Bu bir hasat ve seninki değil."
"Your men are falling in rows. That is what happens when you fight a wall's war against a river.","Adamların sıra sıra düşüyor. Bir duvarın savaşını bir nehre karşı verince böyle olur."
"Quintus Fabius Maximus","Quintus Fabius Maximus"
"Rome's delaying strategist who preserves armies through discipline and staying power.","Orduları disiplin ve dayanma gücüyle ayakta tutan, Roma'nın oyalama stratejisti."
"A campaign and scenario commander; never produced from a barracks.","Sefer ve senaryo komutanı; kışlada asla üretilmez."
"Heavy spear commander who anchors a disciplined battle line.","Disiplinli bir savaş hattını çapalayan ağır mızrak komutanı."
"Boosts nearby troop endurance and slows collapse in grind fights.","Yakındaki birliklerin dayanıklılığını artırır ve yıpratma çarpışmalarında çöküşü yavaşlatır."
"Lower offensive pressure and weaker pursuit potential.","Daha düşük saldırı baskısı ve daha zayıf takip gücü."
"Fabian Endurance keeps nearby cohorts in line for prolonged fighting.","Fabius Dayanıklılığı, yakındaki kohortları uzun süren çarpışmalarda hatta tutar."
"Nearby allied spearmen regenerate health fastest inside the aura.","Aura içindeki yakın müttefik mızrakçılar en hızlı can yeniler."
"Rally of Patience stabilizes wavering lines during attritional combat.","Sabır Toplanması, yıpratma çarpışmasında sendeleyen hatları dengeler."
"If killed or wounded, nearby allies lose confidence and the aura shuts off.","Öldürülür ya da yaralanırsa yakındaki müttefikler güvenini yitirir ve aura kapanır."
"Bracing Thrust","Payandalı Hamle"
"Publius Cornelius Scipio","Publius Cornelius Scipio"
"Aggressive Roman consul focused on decisive strikes and tactical initiative.","Kesin darbelere ve taktik inisiyatife odaklanan saldırgan Roma konsülü."
"Sword-and-shield infantry commander who leads close behind the main assault line.","Ana taarruz hattının hemen ardından yöneten kılıç-kalkan piyade komutanı."
"Improves nearby offensive output and enables sharper counter-pushes.","Yakındaki saldırı gücünü artırır ve daha keskin karşı hamlelere olanak verir."
"More vulnerable if isolated away from supporting infantry.","Destek piyadesinden ayrı kalırsa daha kırılgandır."
"Consular Assault boosts nearby legion attack tempo.","Konsül Taarruzu yakındaki lejyonun saldırı temposunu yükseltir."
"Nearby allied swordsmen gain the most bonus damage in aura range.","Aura menzilindeki yakın müttefik kılıççılar en çok ek hasarı alır."
"Consular Rally rapidly restores morale to wavering assault cohorts.","Konsül Toplanması sendeleyen taarruz kohortlarının moralini hızla onarır."
"Death of the consul causes a severe morale shock to nearby Romans.","Konsülün ölümü yakındaki Romalılarda ağır bir moral şoku yaratır."
"Consular Riposte","Konsül Karşılığı"
"Marcus Claudius Marcellus","Marcus Claudius Marcellus"
"Roman field commander known for fast shock actions and relentless pressure.","Hızlı şok hareketleri ve bitmeyen baskısıyla tanınan Roma sahra komutanı."
"Lightly armored bow commander who supports aggressive vanguard action.","Saldırgan öncü harekâtı destekleyen hafif zırhlı yay komutanı."
"Raises maneuver speed for nearby troops, enabling faster local redeployment.","Yakındaki birliklerin manevra hızını artırarak yerel konuşlanmayı hızlandırır."
"Lower staying power than other Roman commanders.","Diğer Roma komutanlarından daha az dayanıklıdır."
"Vanguard Tempo accelerates nearby infantry movement and line repositioning.","Öncü Temposu yakındaki piyadenin hareketini ve hat değişimini hızlandırır."
"Nearby allied archers move fastest while in aura range.","Aura menzilindeki yakın müttefik okçular en hızlı hareket eder."
"Vanguard Rally snaps wavering attackers back into coherent motion.","Öncü Toplanması sendeleyen saldırganları düzenli harekete geri döndürür."
"If Marcellus falls, nearby attackers suffer immediate morale drop.","Marcellus düşerse yakındaki saldırganların morali anında düşer."
"Point-blank Volley","Bitişik Mesafeden Yaylım"
"Hanno the Great","Büyük Hanno"
"Carthaginian phalanx commander who holds ground with hired spear levies.","Kiralık mızrak levhalarıyla mevzi tutan Kartacalı falanks komutanı."
"Bronze-spear commander coordinating disciplined mercenary infantry.","Disiplinli paralı piyadeyi yöneten tunç mızrak komutanı."
"Keeps a braced spear line standing far longer than it should.","Payandalı bir mızrak hattını olması gerekenden çok daha uzun ayakta tutar."
"Mediocre direct combat impact and risky if exposed.","Doğrudan çarpışma etkisi vasat, açıkta kalırsa risklidir."
"Contract Discipline knits nearby spear levies into an unbroken hedge.","Sözleşme Disiplini yakındaki mızrak levhalarını kırılmaz bir çite dokur."
"Nearby allied spearmen recover health fastest inside the aura.","Aura içindeki yakın müttefik mızrakçılar en hızlı can yeniler."
"Treasury Rally restores wavering troops and keeps formations from breaking.","Hazine Toplanması sendeleyen birlikleri onarır ve düzenlerin bozulmasını önler."
"Death triggers contract panic, reducing confidence in nearby troops.","Ölümü sözleşme paniği tetikler ve yakındaki birliklerin güvenini düşürür."
"Phalanx Sweep","Falanks Süpürmesi"
"Hasdrubal Barca","Hasdrubal Barka"
"Mobile Carthaginian field commander built around decisive flanking momentum.","Kesin kanat momentumu üzerine kurulu hareketli Kartaca sahra komutanı."
"Fast bow commander built around flanking pressure and withdrawal.","Kanat baskısı ve geri çekilme üzerine kurulu hızlı yay komutanı."
"Increases nearby unit speed for coordinated flanks and withdrawals.","Eşgüdümlü kanat hareketleri ve çekilmeler için yakındaki birim hızını artırır."
"Less resilient in prolonged frontal attrition.","Uzun süren cepheden yıpratmada daha az dirençlidir."
"Barcid Maneuver grants nearby troops superior movement control.","Barka Manevrası yakındaki birliklere üstün hareket denetimi verir."
"Nearby allied archers gain the most movement speed in aura range.","Aura menzilindeki yakın müttefik okçular en çok hareket hızı kazanır."
"Flank Rally rapidly restores wavering units preparing to maneuver.","Kanat Toplanması manevraya hazırlanan sendelemiş birimleri hızla onarır."
"Loss of Hasdrubal sharply drops morale among nearby mobile forces.","Hasdrubal'ın kaybı yakındaki hareketli kuvvetlerin moralini sert biçimde düşürür."
"Hunting Shot","Av Atışı"
"Hannibal Barca","Hannibal Barka"
"Carthage's premier battlefield commander from the Hannibal campaign.","Hannibal seferinden, Kartaca'nın en önde gelen savaş meydanı komutanı."
"Elite sword commander with an iconic standard and sacred-band armor.","İkonik sancağı ve kutsal birlik zırhıyla seçkin kılıç komutanı."
"Delivers a strong nearby attack bonus and elite crisis rally response.","Yakında güçlü bir saldırı desteği ve kriz anında seçkin bir toplanma sağlar."
"High-value target; losing him causes severe local collapse.","Yüksek değerli hedef; yitirilmesi yerel çöküşe yol açar."
"Hannibalic Offensive amplifies nearby attack power before decisive engagements.","Hannibal Taarruzu, kesin çarpışmalar öncesinde yakındaki saldırı gücünü büyütür."
"Nearby allied swordsmen gain substantial attack damage in aura range.","Aura menzilindeki yakın müttefik kılıççılar kayda değer saldırı hasarı kazanır."
"Supreme Rally restores routing or wavering units to fighting order.","Yüce Toplanma, bozulan ya da sendeleyen birimleri savaş düzenine döndürür."
"If Hannibal is killed or wounded, nearby allied morale takes a heavy shock and aura ends.","Hannibal öldürülür ya da yaralanırsa yakındaki müttefik morali ağır bir şok alır ve aura sona erer."
"Encircling Cut","Kuşatan Kesik"
"Iron and Ember","Demir ve Kor"
"Scale %1×  ·  %2  ·  colour vision: %3","Ölçek %1×  ·  %2  ·  renk görüşü: %3"
"reduced motion","azaltılmış hareket"
"full motion","tam hareket"
"Typefaces","Yazı Tipleri"
"Display: the quick brown fox","Başlık: kırmızı tilki tembel köpeğin"
"Body: the quick brown fox jumps over the lazy dog","Metin: kırmızı tilki tembel köpeğin üstünden atlar"
"Buttons","Düğmeler"
"Primary","Birincil"
"Secondary","İkincil"
"Destructive","Yıkıcı"
"Disabled","Devre dışı"
"Unavailable in this state","Bu durumda kullanılamaz"
"Search","Ara"
"Selected","Seçili"
"Orders","Emirler"
"Attack","Saldır"
"Guard","Nöbet"
"Anchor troops to a spot. They step out to meet what comes near, then walk back.","Birlikleri bir noktaya bağlar. Yaklaşanı karşılamak için çıkar, sonra geri dönerler."
"Holding a spot","Bir noktayı tutma"
"Reach","Erim"
"They fight what comes within 10 m of that spot, and drop a target that leaves it.","O noktanın 10 m yakınına gireni vururlar ve oradan ayrılan hedefi bırakırlar."
"Release","Bırakma"
"Press Guard again, or order a move or attack.","Yeniden Nöbet'e bas ya da hareket veya saldırı emri ver."
"Patrol","Devriye"
"Rally","Toplan"
"Build","İnşa"
"Build is only available to builders","İnşa yalnızca inşaatçılarda kullanılabilir"
"Unit activities","Birim etkinlikleri"
"Faction skins","Taraf görünümleri"
"Selection","Seçim"
"Roman Spearmen ×24","Roma Mızrakçıları ×24"
"Defense formation","Savunma düzeni"
"In the field","Sahada"
"A collapsible block of detail. The unit panel stacks one per topic.","Katlanabilir bir ayrıntı bloğu. Birim paneli her konu için bir tane yığar."
"Spearmen","Mızrakçılar"
"Archers","Okçular"
"Inputs","Girdiler"
"Balanced","Dengeli"
"Aggressive","Saldırgan"
"Defensive","Savunmacı"
"Reduced motion","Azaltılmış hareket"
"Collapses transitions to an instant state change","Geçişleri anlık durum değişimine indirger"
"Objectives","Hedefler"
"Capture the eastern barracks","Doğudaki kışlayı ele geçir"
"Hold the ford until dusk","Geçidi akşama kadar tut"
"Do not lose the commander","Komutanı yitirme"
"Take no losses","Hiç kayıp verme"
"Notification priorities","Bildirim öncelikleri"
"Commander under attack","Komutan saldırı altında"
"Eastern approach, 3 hostiles","Doğu yaklaşımı, 3 düşman"
"Barracks destroyed","Kışla yıkıldı"
"Spearmen ready","Mızrakçılar hazır"
"Supply route restored","İkmal yolu yeniden açıldı"
"Press a key or click a mouse button. Backspace clears it, Esc cancels.","Bir tuşa bas ya da fare düğmesine tıkla. Backspace temizler, Esc iptal eder."
"Select a command to rebind it. Each one takes two keys, so the camera can answer to the arrows and to WASD at once.","Yeniden atamak için bir komut seç. Her biri iki tuş alır, böylece kamera hem ok tuşlarına hem WASD'ye aynı anda yanıt verebilir."
"Reset all","Hepsini sıfırla"
"Every binding is already at its default.","Her atama zaten varsayılan değerinde."
"%1 is already used by %2.","%1 zaten %2 tarafından kullanılıyor."
"Use it here anyway","Yine de burada kullan"
"Keep as it is","Olduğu gibi bırak"
"Taking it leaves the other command unbound.","Bunu almak diğer komutu atamasız bırakır."
"Conflicts with %1","%1 ile çakışıyor"
"Press a key…","Bir tuşa bas…"
"Unbound","Atanmamış"
"Add a second key for %1","%1 için ikinci bir tuş ekle"
"Second key for %1","%1 için ikinci tuş"
"Default","Varsayılan"
"This binding is already the default.","Bu atama zaten varsayılan."
"The cursed vein is yours. It bleeds gold - and the men who guard it.","Lanetli damar senin. Altın akıtıyor - bir de onu bekleyen adamları."
"Enemy target","Düşman hedef"
"Cannot attack ally","Müttefike saldırılamaz"
"Cannot attack this target","Bu hedefe saldırılamaz"
"Selection cannot attack","Seçim saldıramaz"
"In range","Menzilde"
"Too close","Fazla yakın"
"Out of range","Menzil dışı"
"No firing line","Atış hattı yok"
"Collect","Topla"
"Deliver civilians","Sivilleri götür"
"Repair","Onar"
"Harvest grain","Tahıl biç"
"Slaughter sheep","Koyun kes"
"Hide these prompts","Bu ipuçlarını gizle"
"How it works","Nasıl işler"
"Gold","Altın"
"Food","Yiyecek"
"Wood","Odun"
"Stone","Taş"
"Iron","Demir"
"Comes from your starting treasury, mission rewards, and selling goods at a marketplace.","Başlangıç hazinenden, görev ödüllerinden ve pazarda mal satmaktan gelir."
"Send a builder to reap a ripe farm or slaughter a sheep with Collect, or leave Auto Gather running. Recruiting a civilian at a home spends it.","Bir inşaatçıyı Topla ile olgun bir tarlayı biçmeye ya da koyun kesmeye yolla, veya Otomatik Toplama'yı açık bırak. Evde sivil devşirmek bundan harcar."
"Send a builder to chop a tree with Collect, or leave Auto Gather running.","Bir inşaatçıyı Topla ile ağaç kesmeye yolla ya da Otomatik Toplama'yı açık bırak."
"Send a builder to a boulder with Collect, or leave Auto Gather running.","Bir inşaatçıyı Topla ile bir kayaya yolla ya da Otomatik Toplama'yı açık bırak."
"Send a builder to an iron ore deposit with Collect, or leave Auto Gather running.","Bir inşaatçıyı Topla ile bir demir cevheri yatağına yolla ya da Otomatik Toplama'yı açık bırak."
"Home","Ev"
"Farm","Tarla"
"Barracks","Kışla"
"Defense Tower","Savunma Kulesi"
"Marketplace","Pazar"
"Temple","Tapınak"
"Wall Segment","Sur Parçası"
"Wall Gate","Sur Kapısı"
"Catapult","Mancınık"
"Ballista","Balista"
"Archer","Okçu"
"Swordsman","Kılıççı"
"Spearman","Mızrakçı"
"Horse Swordsman","Atlı Kılıççı"
"Horse Archer","Atlı Okçu"
"Horse Spearman","Atlı Mızrakçı"
"Healer","Şifacı"
"Builder","İnşaatçı"
"Civilian","Sivil"
"Elephant","Fil"
"Raises civilians, who carry reserve to the nearest barracks. Each one costs food.","En yakın kışlaya yedek taşıyan siviller yetiştirir. Her biri yiyecek harcar."
"Grows grain in cycles. A builder reaps it for food once it ripens.","Dönemler hâlinde tahıl yetiştirir. Olgunlaştığında bir inşaatçı yiyecek için biçer."
"Recruits troops and receives everything your builders gather.","Birlik devşirir ve inşaatçılarının topladığı her şeyi alır."
"Shoots at enemies that come near it.","Yaklaşan düşmanlara ateş eder."
"Buys and sells resources for gold.","Altın karşılığında kaynak alıp satar."
"Watches over a wide stretch of ground, holds a settlement together, and takes in healers.","Geniş bir araziyi gözetler, yerleşimi bir arada tutar ve şifacıları barındırır."
"Blocks enemy movement.","Düşman hareketini engeller."
"Opens for your troops and allies, shut to everyone else.","Birliklerine ve müttefiklerine açılır, herkese kapalıdır."
"Long-range siege engine, best against structures.","Uzun menzilli kuşatma makinesi, yapılara karşı en etkilidir."
"Precise siege engine, best against units.","İsabetli kuşatma makinesi, birimlere karşı en etkilidir."
", and %1 more",", ve %1 tane daha"
"%1 %2","%1 %2"
"No resource cost","Kaynak bedeli yok"
"%1 more %2","%1 %2 daha"
"Nobody is gathering it right now.","Şu anda kimse toplamıyor."
"Builders gathering it: %1","Toplayan inşaatçılar: %1"
"%1 being hauled to a barracks","%1 kışlaya taşınıyor"
"Held in your treasury; no storage limit.","Hazinende tutulur; depolama sınırı yoktur."
"Hauled to a barracks yard before it is credited. The yard looks full at %1.","Hesaba geçmeden önce bir kışla avlusuna taşınır. Avlu %1 değerinde dolu görünür."
"Short %1 for a %2.","%2 için %1 eksik."
"%1 in store: %2","Depodaki %1: %2"
"Spent on: %1","Harcandığı yer: %1"
"Step 1 — Gather","1. Adım — Topla"
"Step 2 — Build","2. Adım — İnşa et"
"Step 3 — Recruit","3. Adım — Devşir"
"Step 4 — Keep an army","4. Adım — Ordu tut"
"Your settlement runs itself","Yerleşimin kendi kendini çeviriyor"
"Recruit a builder at a barracks, then send it to collect wood, stone or iron.","Bir kışlada inşaatçı devşir, sonra onu odun, taş ya da demir toplamaya yolla."
"Select a builder, press Collect, and click a tree, boulder, ore deposit, ripe farm or sheep. It hauls the load to a barracks yard, then goes back for more.","Bir inşaatçı seç, Topla'ya bas ve bir ağaca, kayaya, cevher yatağına, olgun tarlaya ya da koyuna tıkla. Yükü bir kışla avlusuna taşır, sonra yenisi için geri döner."
"With a builder selected, press Build and place a Home to raise your reserve, or a Barracks to recruit from.","Bir inşaatçı seçiliyken İnşa'ya bas ve yedeğini büyütmek için bir Ev ya da devşirme yapmak için bir Kışla yerleştir."
"Select a barracks and recruit troops. Each one costs reserve and resources, both shown on its card.","Bir kışla seç ve birlik devşir. Her biri yedek ve kaynak harcar; ikisi de kartında yazılıdır."
"Keep recruiting while your builders gather. Raise Homes and Farms when reserve or food runs out.","İnşaatçıların toplarken devşirmeyi sürdür. Yedek ya da yiyecek bittiğinde Ev ve Tarla yükselt."
"Gathering, building and recruiting are all under way.","Toplama, inşa ve devşirme birlikte sürüyor."
"You have no builders. Recruit one at a barracks before you can gather or build.","Hiç inşaatçın yok. Toplayabilmek ya da inşa edebilmek için bir kışlada devşir."
"Builders: %1 (%2 idle). Placing a structure sends every selected builder to the site.","İnşaatçılar: %1 (%2 boşta). Bir yapı yerleştirmek seçili her inşaatçıyı alana yollar."
"Recruiting draws on the reserve held by each barracks.","Devşirme, her kışlanın tuttuğu yedekten harcar."
"Manpower %1 / %2. A Home raises civilians for %3 food each; walking a civilian into a barracks adds %4 reserve. Farms ripen every %5s and sheep yield %6 food.","İnsan gücü %1 / %2. Bir Ev her biri %3 yiyecek karşılığında sivil yetiştirir; bir sivili kışlaya yürütmek %4 yedek ekler. Tarlalar %5sn'de bir olgunlaşır, koyunlar %6 yiyecek verir."
"Needs a home","Bir ev gerekiyor"
"Needs a barracks","Bir kışla gerekiyor"
"Needs a builder","Bir inşaatçı gerekiyor"
"Not enough reserve at the barracks","Kışlada yeterli yedek yok"
"Manpower limit reached","İnsan gücü sınırına ulaşıldı"
"Missing %1","%1 eksik"
"Economy guide","Ekonomi rehberi"
"Resources and Building","Kaynaklar ve İnşa"
"Close the economy guide","Ekonomi rehberini kapat"
"Gather with builders, spend what they bring on structures, recruit from a barracks, and keep both running.","İnşaatçılarla topla, getirdiklerini yapılara harca, kışladan devşir ve ikisini de sürdür."
"WHAT EACH RESOURCE IS FOR","HER KAYNAK NE İŞE YARAR"
"Spent on: %1","Harcandığı yer: %1"
"WHAT A BUILDER CAN RAISE","BİR İNŞAATÇI NE YÜKSELTEBİLİR"
"%1 — %2 · %3s","%1 — %2 · %3sn"
"WHAT A BARRACKS CAN RECRUIT","BİR KIŞLA NE DEVŞİREBİLİR"
"%1 — %2 reserve, %3 · %4s","%1 — %2 yedek, %3 · %4sn"
"Back to the battle","Savaşa dön"
"Standard","Standart"
"Iron and Ember","Demir ve Kor"
"Roman Republic","Roma Cumhuriyeti"
"Senatus Populusque Romanus","Senatus Populusque Romanus"
"Carthage","Kartaca"
"Qart-Ḥadašt","Qart-Ḥadašt"
"Iron Sepulcher","Demir Kabir"
"The watch does not sleep","Nöbet uyumaz"
"POP","NÜF"
"Barracks","Kışla"
"Defense tower","Savunma kulesi"
"Home","Ev"
"Wall","Sur"
"Gate","Kapı"
"Marketplace","Pazar"
"Temple","Tapınak"
"Farm","Tarla"
"No units selected.","Hiçbir birim seçilmedi."
"No units eligible for formation placement.","Düzen yerleştirmeye uygun birim yok."
"This doctrine has no template for the chosen formation.","Bu doktrinin seçilen düzen için şablonu yok."
"No part of this formation fits on the chosen ground.","Bu düzenin hiçbir parçası seçilen zemine sığmıyor."
"Faction Default","Taraf Varsayılanı"
"Line","Hat"
"Column","Kol"
"Defensive","Savunmacı"
"Assault","Taarruz"
"Encirclement","Kuşatma"
"Siege Escort","Kuşatma Muhafızı"
"Reforming","Yeniden diziliyor"
"Formed","Dizildi"
"Disrupted","Bozuldu"
"Opening","Açılıyor"
"Traversing","Geçiyor"
"Arrived","Vardı"
"Neutral","Tarafsız"
"Roman Republic","Roma Cumhuriyeti"
"Requires at least one siege engine in the selection.","Seçimde en az bir kuşatma makinesi gerekiyor."
"Requires cavalry or mounted troops to close the encirclement.","Kuşatmayı kapatmak için süvari ya da atlı birlik gerekiyor."
"Carthage","Kartaca"
"The Iron Sepulcher","Demir Kabir"
"%1 has no template for this intent.","%1 için bu amaca uygun şablon yok."
"The selection lacks the troop types this formation needs.","Seçimde bu düzenin ihtiyaç duyduğu birlik türleri yok."
"Encirclement needs at least three units.","Kuşatma en az üç birim ister."
"%1°","%1°"
"Drag to face the unit · Release to move it","Birimi yöneltmek için sürükle · Taşımak için bırak"
"Wheel to turn · Esc to cancel","Döndürmek için tekerlek · İptal için Esc"
"Drag to face the formation · Release to deploy","Düzeni yöneltmek için sürükle · Yerleştirmek için bırak"
"Wheel to turn · Ctrl+wheel for depth · Esc to cancel","Döndürmek için tekerlek · Derinlik için Ctrl+tekerlek · İptal için Esc"
"Drag on the ground to set facing · Click to move","Yönü belirlemek için zeminde sürükle · Taşımak için tıkla"
"Wheel to turn · Right-click or Esc to cancel","Döndürmek için tekerlek · İptal için sağ tık ya da Esc"
"Drag on the ground to set width and facing.","Genişliği ve yönü belirlemek için zeminde sürükle."
"Click to deploy · Wheel to turn · Ctrl+wheel for depth · Right-click or Esc to cancel","Yerleştirmek için tıkla · Döndürmek için tekerlek · Derinlik için Ctrl+tekerlek · İptal için sağ tık ya da Esc"
"The deployment this faction fights in by default. No setup needed.","Bu tarafın varsayılan savaş düzeni. Ayar gerektirmez."
"Widest frontage. Best for meeting an advance head on.","En geniş cephe. Bir ilerleyişi cepheden karşılamak için en iyisi."
"Narrow and deep. Best for moving through gates and passes.","Dar ve derin. Kapılardan ve geçitlerden geçmek için en iyisi."
"Compressed frontage with reserves. Best for holding ground.","Yedekli, sıkıştırılmış cephe. Mevzi tutmak için en iyisi."
"Weighted front with skirmishers ahead. Best for breaking a line.","Önde avcılarla ağırlıklı cephe. Bir hattı kırmak için en iyisi."
"Wide flanks that close around a target. Needs cavalry.","Hedefin çevresini saran geniş kanatlar. Süvari ister."
"Engines protected behind infantry. Needs a siege engine.","Piyadenin ardında korunan makineler. Kuşatma makinesi ister."
"%1 m","%1 m"
"Position %1","%1 mevzisi"
"Position unit","Birimi yerleştir"
"Choose a formation","Bir düzen seç"
"%1 · %2 units","%1 · %2 birim"
"Shape","Biçim"
"%1 × %2","%1 × %2"
"Frontage","Cephe"
"Depth","Derinlik"
"Facing","Yön"
"Facing (auto)","Yön (otomatik)"
"In place","Yerinde"
"%1 position(s) nudged to fit the ground.","%1 mevzi zemine uyması için kaydırıldı."
"Hide fine tuning","İnce ayarı gizle"
"Fine tuning","İnce ayar"
"How wide the deployment spreads before it starts adding ranks behind.","Düzen, arkaya saf eklemeye başlamadan önce ne kadar genişler."
"Narrow","Dar"
"Balanced","Dengeli"
"Wide","Geniş"
"How many ranks stand behind the front. Deeper hits harder but covers less ground.","Cephenin arkasında kaç saf durur. Derin olan daha sert vurur ama daha az alan kaplar."
"Shallow","Sığ"
"Deep","Derin"
"The gap between units. Tight holds shape better; loose loses less to area attacks.","Birimler arasındaki aralık. Sıkı olan biçimi daha iyi korur; gevşek olan alan saldırılarında daha az kaybeder."
"Spacing","Aralık"
"Tight","Sıkı"
"Normal","Normal"
"Loose","Gevşek"
"Which wing the cavalry weights. Split puts an equal body on each wing.","Süvarinin hangi kanadı ağırlıklandırdığı. Bölünmüş, her kanada eşit bir kütle koyar."
"Cavalry wing","Süvari kanadı"
"Left","Sol"
"Right","Sağ"
"Split","Bölünmüş"
"Where archers and slingers stand. Skirmish sends them out ahead and pulls them back on contact.","Okçular ve sapancıların nerede duracağı. Avcı düzeni onları öne yollar ve temasta geri çeker."
"Missile troops","Atıcı birlikler"
"In front","Önde"
"Behind","Arkada"
"Skirmish ahead","Önde avcı"
"Rows held back from the fighting line to plug gaps.","Boşlukları kapatmak için savaş hattından geride tutulan saflar."
"Reserve rows","Yedek saflar"
"Doctrine decides","Doktrin karar versin"
"None","Yok"
"One row","Bir saf"
"Two rows","İki saf"
"Reform is faster and copes with chokepoints. Maintain keeps the shape on the march but moves slower.","Yeniden dizilme daha hızlıdır ve dar geçitlerle baş eder. Koruma yürüyüşte biçimi korur ama daha yavaş ilerler."
"On the march","Yürüyüşte"
"Reform on arrival","Varışta yeniden diz"
"Hold the shape","Biçimi koru"
"How a selection drawn from several factions is arranged.","Birkaç taraftan derlenen bir seçimin nasıl dizileceği."
"Mixed armies","Karma ordular"
"By role","Göreve göre"
"Separate contingents","Ayrı birlikler"
"Follow the commander","Komutanı izle"
"Follow the majority","Çoğunluğu izle"
"Sorting groups the same troop types together. Keeping the order leaves each unit where it already stands in the line.","Sıralama aynı birlik türlerini bir araya toplar. Sırayı korumak her birimi hatta zaten durduğu yerde bırakır."
"Slot order","Yuva sırası"
"Sort by type","Türe göre sırala"
"Keep current order","Şimdiki sırayı koru"
"Which drill book shapes the deployment. Automatic follows the troops you selected.","Düzeni hangi talim kitabının biçimlendireceği. Otomatik, seçtiğin birlikleri izler."
"Doctrine","Doktrin"
"Reset to faction default","Taraf varsayılanına sıfırla"
"Formed","Dizildi"
"In position","Mevzide"
"Disrupted","Bozuldu"
"Opening ranks","Saflar açılıyor"
"Filing through","Sırayla geçiyor"
"Forming up","Diziliyor"
"The line is holding its shape and takes reduced damage.","Hat biçimini koruyor ve daha az hasar alıyor."
"The line has reached its ground and is holding it.","Hat zeminine ulaştı ve orayı tutuyor."
"The line has come apart and is taking extra damage. Re-issue the formation order to reform.","Hat dağıldı ve fazladan hasar alıyor. Yeniden dizmek için düzen emrini tekrar ver."
"The ranks are opening to let the line through.","Saflar, hattın geçmesi için açılıyor."
"The line is filing through a narrow crossing.","Hat dar bir geçitten sırayla geçiyor."
"Units are still moving into their slots.","Birimler hâlâ yuvalarına yürüyor."
"Formation","Düzen"
"Hide this readout","Bu göstergeyi gizle"
"Cohesion %1%","Bütünlük %%1"
"%1 units","%1 birim"
"Selection spans several formations.","Seçim birkaç düzene yayılıyor."
"%1 slot(s) blocked by terrain.","%1 yuva arazi yüzünden kapalı."
"Standard of Iron — Iron and Ember Gallery","Standard of Iron — Demir ve Kor Galerisi"
"Scale","Ölçek"
"Reduce motion","Hareketi azalt"
"High contrast","Yüksek karşıtlık"
"Reset","Sıfırla"
"Iron and Ember — every control the product may use","Demir ve Kor — ürünün kullanabileceği her denetim"
"Cannot save: empty slot name","Kaydedilemiyor: yuva adı boş"
"Save service is shutting down","Kaydetme hizmeti kapanıyor"
"Queued","Sırada"
"Serializing world","Dünya diziliyor"
"Compressing","Sıkıştırılıyor"
"Writing","Yazılıyor"
"Exception while saving: %1","Kaydederken hata: %1"
"Save cancelled","Kaydetme iptal edildi"
"Done","Bitti"
"Save storage unavailable","Kaydetme deposu kullanılamıyor"
"Save slot '%1' is corrupted: %2","'%1' kayıt yuvası bozuk: %2"
"Exception while loading save '%1': %2","'%1' kaydı yüklenirken hata: %2"
"Cannot write '%1': %2","'%1' yazılamıyor: %2"
"Failed to write '%1': %2","'%1' yazılamadı: %2"
"Cannot read '%1': %2","'%1' okunamıyor: %2"
"Our ally %1 has been defeated.","Müttefikimiz %1 yenildi."
"%1 has been defeated.","%1 yenildi."
"Our ally %1 is finished - %2 has fallen.","Müttefikimiz %1 bitti - %2 düştü."
"%1 is finished - %2 has fallen.","%1 bitti - %2 düştü."
"Cannot play replay: %1","Tekrar oynatılamıyor: %1"
"Cannot play replay: unknown launch kind '%1'","Tekrar oynatılamıyor: bilinmeyen başlatma türü '%1'"
"Cannot start skirmish: renderer not initialized","Çatışma başlatılamıyor: görüntüleyici hazırlanmadı"
"Save: not initialized","Kaydetme: hazırlanmadı"
"A save is already in progress","Zaten süren bir kaydetme var"
"Queued","Sırada"
"Cancelling...","İptal ediliyor..."
"Load: not initialized","Yükleme: hazırlanmadı"
"Manpower limit reached.","İnsan gücü sınırına ulaşıldı."
"Not enough reserve — build a home to raise more families.","Yeterli yedek yok — daha çok aile yetiştirmek için bir ev inşa et."
"The previous frame is still running; the match could not be changed. Please try again.","Önceki kare hâlâ çalışıyor; maç değiştirilemedi. Lütfen tekrar deneyin."
"%1/%2 walls  •  %3 wood","%1/%2 sur  •  %3 odun"
"Low","Düşük"
"Medium","Orta"
"High","Yüksek"
"Ultra","Ultra"
"Playable on weak hardware: no cast shadows or post-processing, sparse grass, reduced detail beyond a few metres.","Zayıf donanımda oynanır: gölge ve son işleme yok, seyrek çimen, birkaç metreden sonra düşük ayrıntı."
"Small cast shadows, lighter shaders, reduced detail at distance. For integrated graphics.","Küçük gölgeler, hafif gölgelendiriciler, uzakta düşük ayrıntı. Tümleşik ekran kartları için."
"Everything as designed: full detail everywhere, full shadows and post-processing. Recommended.","Tasarlandığı gibi her şey: her yerde tam ayrıntı, tam gölge ve son işleme. Önerilir."
"High plus contact-hardening shadows, foliage translucency, extra terrain detail and 8x anti-aliasing. Needs a strong GPU.","Yüksek ayarların üstüne temas sertleşmeli gölgeler, yaprak saydamlığı, ek arazi ayrıntısı ve 8x kenar yumuşatma. Güçlü bir ekran kartı ister."
"%1 FPS","%1 FPS"
"%1 m","%1 m"
"%1s","%1sn"
"Give it","Ver gitsin"
"Press Guard, then click the ground to hold. Right-click cancels.","Nöbet'e bas, sonra tutulacak zemine tıkla. Sağ tık iptal eder."
"Reach","Erim"
"They fight what comes within %1 of that spot, and drop a target that leaves it.","O noktanın %1 yakınına gireni vururlar ve oradan ayrılan hedefi bırakırlar."
"After","Sonrasında"
"They walk back to the spot when the fight ends.","Çarpışma bitince noktaya geri yürürler."
"Release","Bırakma"
"Press Guard again, or order a move or attack. Stop does not lift it.","Yeniden Nöbet'e bas ya da hareket veya saldırı emri ver. Dur bunu kaldırmaz."
"Troops","Birlikler"
"Any soldier, and the commander.","Her asker ve komutan."
"vs Hold","Mevzi ile farkı"
"Guards step out to meet the enemy; Hold never moves.","Nöbetçiler düşmanı karşılamaya çıkar; Mevzi hiç kımıldamaz."
"Press Hold. There is nothing to click.","Mevzi'ye bas. Tıklanacak bir şey yok."
"Stance","Duruş"
"They kneel, strike whatever reaches them, and never pursue.","Diz çöker, kendilerine ulaşana vurur ve asla takibe geçmezler."
"Dug in","Siperde"
"Archers reach %1% further and spearmen %2%; both hit %3% harder, take %4% more punishment, and braced spears break a charge.","Okçular %%1 daha uzağa erişir, mızrakçılar %%2; ikisi de %%3 daha sert vurur, %%4 daha çok dayanır ve payandalı mızraklar bir hücumu kırar."
"Press Hold again, or order a move, attack or Stop. Standing up takes a moment.","Yeniden Mevzi'ye bas ya da hareket, saldırı veya Dur emri ver. Ayağa kalkmak biraz sürer."
"Archers and spearmen only.","Yalnızca okçular ve mızrakçılar."
"vs Guard","Nöbet ile farkı"
"Guard would chase; Hold trades that for reach and staying power.","Nöbet takibe geçerdi; Mevzi bunu erim ve dayanıklılıkla takas eder."
"Press Patrol, left-click the first waypoint, then left-click the second. Right-click cancels.","Devriye'ye bas, ilk ara noktaya sol tıkla, sonra ikincisine sol tıkla. Sağ tık iptal eder."
"Route","Güzergâh"
"They march between the two points for good, attacking whatever crosses the line.","İki nokta arasında sürekli yürür, hattı geçen her şeye saldırırlar."
"Any other order, or Stop, clears the route.","Başka herhangi bir emir ya da Dur güzergâhı siler."
"Every soldier and the commander.","Her asker ve komutan."
"Effect","Etki"
"Nearby troops fight with steadier morale and the commander's own bonus.","Yakındaki birlikler daha sağlam morille ve komutanın kendi desteğiyle çarpışır."
"%1 around the commander, and it moves with him.","Komutanın çevresinde %1 ve onunla birlikte hareket eder."
"Lasts","Süre"
"Recharge","Yenilenme"
"%1 once it fades. A wounded commander cannot call it.","Sona erdiğinde %1. Yaralı bir komutan bunu çağıramaz."
"Your own living troops inside the ring; a glow marks each one.","Halkanın içindeki kendi canlı birliklerin; her birini bir parıltı işaretler."
"Wood only","Yalnızca odun"
"Stone only","Yalnızca taş"
"Iron only","Yalnızca demir"
"Food first","Önce yiyecek"
"Any resource","Her kaynak"
"Click waypoint 1","1. ara noktaya tıkla"
"Click waypoint 2","2. ara noktaya tıkla"
"On patrol","Devriyede"
"Active %1","Etkin %1"
"Ready in %1","%1 içinde hazır"
"Ready","Hazır"
"Holding a spot","Bir noktayı tutma"
"Select troops first","Önce birlik seç"
"No troops selected","Hiç birlik seçilmedi"
"Orders ready","Emirler hazır"
"Patrol: click the second waypoint","Devriye: ikinci ara noktaya tıkla"
"Patrol: click the first waypoint","Devriye: ilk ara noktaya tıkla"
"Guard: click the spot to hold","Nöbet: tutulacak noktaya tıkla"
"Guarding a spot","Bir noktayı tutuyor"
"Attack order","Saldırı emri"
"Medic order","Şifacı emri"
"Engineer order","İstihkâm emri"
"Repair order","Onarım emri"
"Dismantle order","Sökme emri"
"Collection order","Toplama emri"
"Barracks delivery","Kışlaya teslim"
"Formation order","Düzen emri"
"Rally order","Toplanma emri"
"Stop command","Dur komutu"
"Attack","Saldır"
"Send the selected troops at one enemy unit or building.","Seçili birlikleri tek bir düşman birime ya da yapısına sür."
"Press Attack, then left-click the target. Right-click cancels. A right-click on an enemy does the same thing.","Saldır'a bas, sonra hedefe sol tıkla. Sağ tık iptal eder. Bir düşmana sağ tıklamak da aynı işi görür."
"Scope","Kapsam"
"They chase the target until it dies or you order otherwise.","Hedef ölene ya da sen başka emir verene kadar peşini bırakmazlar."
"Every fighting unit; healers and builders sit it out.","Her çarpışan birim; şifacılar ve inşaatçılar bunun dışında kalır."
"Attack is not available for the current selection","Şimdiki seçim için Saldır kullanılamaz"
"Guard","Nöbet"
"Anchor troops to a spot. They step out to meet what comes near, then walk back.","Birlikleri bir noktaya bağlar. Yaklaşanı karşılamak için çıkar, sonra geri dönerler."
"Guard is not available for the current selection","Şimdiki seçim için Nöbet kullanılamaz"
"Patrol","Devriye"
"March a beat between two points and fight whatever crosses it.","İki nokta arasında mekik dokur ve arasından geçen her şeyle çarpışır."
"Patrol is not available for the current selection","Şimdiki seçim için Devriye kullanılamaz"
"Medic","Şifacı"
"Healers tend the wounded around them on their own.","Şifacılar çevrelerindeki yaralılara kendiliğinden bakar."
"Passive","Edilgen"
"There is nothing to press: a healer mends nearby allies whenever they are hurt.","Basılacak bir şey yok: bir şifacı, yakındaki müttefikler yaralandıkça onları iyileştirir."
"Healers only. Keep them behind the line and they will work.","Yalnızca şifacılar. Onları hattın gerisinde tut, işlerini görürler."
"Healers automatically heal nearby allies. This is passive, not a manual order.","Şifacılar yakındaki müttefikleri kendiliğinden iyileştirir. Bu edilgen bir davranıştır, elle verilen bir emir değil."
"Select healer units","Şifacı birimleri seç"
"Stop","Dur"
"Drop everything the selected troops are doing and stand still.","Seçili birliklerin yaptığı her şeyi bıraktır ve onları oldukları yerde durdur."
"Clears","Temizler"
"Movement, the current target, Patrol, Hold, formation and gathering orders.","Hareketi, şimdiki hedefi, Devriye'yi, Mevzi'yi, düzeni ve toplama emirlerini."
"Keeps","Korur"
"Guard: press Guard again to release troops from their anchor.","Nöbet: birlikleri bağlı oldukları noktadan çözmek için yeniden Nöbet'e bas."
"Hold","Mevzi"
"Stand fast. Troops dig in where they are, hit harder and further, and never pursue.","Sıkı dur. Birlikler bulundukları yerde siper kazar, daha sert ve daha uzağa vurur, asla takibe geçmezler."
"Hold is only available to archers and spearmen","Mevzi yalnızca okçularda ve mızrakçılarda kullanılabilir"
"Build","İnşa"
"Open the builder's structure list and place one.","İnşaatçının yapı listesini aç ve bir tane yerleştir."
"Pick a structure, move the outline onto flat clear ground, scroll or press [ and ] to rotate, left-click to confirm. Right-click cancels.","Bir yapı seç, taslağı düz ve boş bir zemine taşı, döndürmek için tekerleği çevir ya da [ ve ] tuşlarına bas, onaylamak için sol tıkla. Sağ tık iptal eder."
"Builders only.","Yalnızca inşaatçılar."
"Build is only available to builders","İnşa yalnızca inşaatçılarda kullanılabilir"
"Collect","Topla"
"Send a builder to fell a tree, break a boulder, work an ore seam, reap a ripe farm or slaughter a sheep.","Bir inşaatçıyı ağaç devirmeye, kaya kırmaya, cevher damarı işlemeye, olgun tarla biçmeye ya da koyun kesmeye yolla."
"Press Collect, then left-click the node. Right-click cancels.","Topla'ya bas, sonra kaynağa sol tıkla. Sağ tık iptal eder."
"The load only counts once it is dropped at the yard beside a barracks.","Yük ancak kışlanın yanındaki avluya bırakılınca sayılır."
"Collect is only available to builders","Topla yalnızca inşaatçılarda kullanılabilir"
"Auto Gather","Otomatik Topla"
"Auto","Otomatik"
"Builders keep finding and working the nearest resource on their own.","İnşaatçılar en yakın kaynağı kendiliğinden bulup işlemeyi sürdürür."
"Runs until you stop it; any new order cancels it.","Sen durdurana kadar sürer; her yeni emir iptal eder."
"Pick a resource","Bir kaynak seç"
"Press again to cycle any resource, wood, stone, iron, food, then off.","Her kaynak, odun, taş, demir, yiyecek ve kapalı arasında geçmek için yeniden bas."
"Auto Gather is only available to builders","Otomatik Topla yalnızca inşaatçılarda kullanılabilir"
"Repair","Onar"
"Send a builder to mend one of your damaged buildings.","Bir inşaatçıyı hasarlı yapılarından birini onarmaya yolla."
"Press Repair, then left-click the damaged building. Right-click cancels.","Onar'a bas, sonra hasarlı yapıya sol tıkla. Sağ tık iptal eder."
"Repair is only available to builders","Onar yalnızca inşaatçılarda kullanılabilir"
"Dismantle","Sök"
"Scrap","Hurdaya ayır"
"Send builders to take one of your own buildings apart and get part of its cost back.","İnşaatçıları kendi yapılarından birini sökmeye yolla ve bedelinin bir kısmını geri al."
"Press Dismantle, then left-click your building. Right-click cancels.","Sök'e bas, sonra yapına sol tıkla. Sağ tık iptal eder."
"Pays back","Geri ödemesi"
"Part of what it cost, once the work finishes. Calling the crew off pays nothing.","İş bittiğinde bedelinin bir kısmı. Ekibi geri çağırmak hiçbir şey ödemez."
"Crew","Ekip"
"Builders only; up to three of them speed it up.","Yalnızca inşaatçılar; en çok üç tanesi işi hızlandırır."
"Dismantle is only available to builders","Sök yalnızca inşaatçılarda kullanılabilir"
"Split","Bölünmüş"
"Break the selected squad into two smaller ones so they can work or fight in two places at once.","Seçili müfrezeyi iki küçük müfrezeye böl, böylece aynı anda iki yerde çalışabilir ya da çarpışabilirler."
"Each half","Her yarısı"
"Carries half the men, half the health and does its work at half the speed.","Adamların yarısını, canın yarısını taşır ve işini yarı hızda görür."
"Needs","Gerekenler"
"A squad of at least four still standing.","Ayakta en az dört kişilik bir müfreze."
"This squad is too small to divide","Bu müfreze bölünemeyecek kadar küçük"
"Join","Birleştir"
"Fold two understrength squads of the same kind back into one.","Aynı türden eksik iki müfrezeyi tekrar tek bir müfrezede topla."
"Two squads of the same kind, both below full strength and standing close together.","Aynı türden, ikisi de tam mevcudun altında ve birbirine yakın duran iki müfreze."
"Result","Sonuç"
"One squad with their men and health added together, up to a full establishment.","Adamları ve canları toplanmış, tam mevcuda kadar tek bir müfreze."
"Select two understrength squads of the same kind","Aynı türden eksik iki müfreze seç"
"Deliver","Teslim et"
"Send civilians to a barracks to refill the reserve it recruits from.","Devşirme yaptığı yedeği tazelemek için sivilleri bir kışlaya yolla."
"Press Deliver, then left-click a friendly barracks. Right-click cancels.","Teslim et'e bas, sonra dost bir kışlaya sol tıkla. Sağ tık iptal eder."
"Civilians only; other selected units ignore it.","Yalnızca siviller; seçili diğer birimler bunu yok sayar."
"Deliver is only available to civilians","Teslim et yalnızca sivillerde kullanılabilir"
"Rally","Toplan"
"The commander plants a flag and the army marches to it.","Komutan bir sancak diker ve ordu ona doğru yürür."
"Press Rally, then left-click where the flag should stand. He walks there and plants it.","Toplan'a bas, sonra sancağın dikileceği yere sol tıkla. Oraya yürür ve sancağı diker."
"Troops near the flag march in; it also steadies wavering men.","Sancağın yakınındaki birlikler ona yürür; ayrıca sendeleyen adamları da toparlar."
"Needs your commander selected.","Komutanının seçili olmasını ister."
"Select a commander to use rally","Toplanmayı kullanmak için bir komutan seç"
"Gate","Kapı"
"Cycle the selected gates: automatic, held open, held shut.","Seçili kapıları sırayla değiştir: otomatik, açık tutulan, kapalı tutulan."
"Automatic gates open for your own troops and shut behind them.","Otomatik kapılar kendi birliklerine açılır ve arkalarından kapanır."
"Select one of your own gates.","Kendi kapılarından birini seç."
"Select one of your gates to control it","Denetlemek için kapılarından birini seç"
"Aura","Aura"
"The commander empowers the troops around him for a while, then must recharge.","Komutan bir süre çevresindeki birlikleri güçlendirir, sonra yenilenmesi gerekir."
"Select a ready commander to activate the aura","Aurayı etkinleştirmek için hazır bir komutan seç"
"ORDERS","EMİRLER"
"Right-click to cancel","İptal için sağ tık"
"TARGET","HEDEF"
"%n attacking","%n saldırıyor"
"%1%","%%1"
"Automatic","Otomatik"
"No specialist actions for this selection","Bu seçim için uzmanlık eylemi yok"
"Select troops to reveal their specialist actions","Uzmanlık eylemlerini görmek için birlik seç"
"Commander","Komutan"
"Commander unavailable","Komutan kullanılamıyor"
"Choose destination","Varış noktası seç"
"Planting flag","Sancak dikiliyor"
"Moving commander","Komutan yürüyor"
"Flag active","Sancak etkin"
"Ready","Hazır"
"Left-click a destination to confirm the rally flag.","Toplanma sancağını onaylamak için bir varış noktasına sol tıkla."
"The commander is planting the flag. Interruptions will cancel the rally.","Komutan sancağı dikiyor. Bölünmeler toplanmayı iptal eder."
"The commander is marching to the chosen point before planting the flag.","Komutan, sancağı dikmeden önce seçilen noktaya yürüyor."
"Troops have already received a normal move order to this rally flag.","Birliklere bu toplanma sancağına zaten olağan bir hareket emri verildi."
"Choose a destination, march there, plant the flag, then order all controllable troops there.","Bir varış noktası seç, oraya yürü, sancağı dik, sonra denetleyebildiğin bütün birliklere oraya emir ver."
"Cancel Rally Placement","Toplanma Yerleştirmesini İptal Et"
"Rally In Progress","Toplanma Sürüyor"
"Reposition Rally [R]","Toplanmayı Taşı [R]"
"Place Rally [R]","Toplanma Yerleştir [R]"
"Vanguard Rush","Öncü Hamlesi"
"Explode forward into the focused enemy and open a punish.","Odaklanılan düşmana doğru patlayarak atıl ve bir ceza penceresi aç."
"Second Wind","İkinci Nefes"
"Recover posture and stamina, then steady yourself for the next exchange.","Duruşunu ve dayanıklılığını topla, sonra bir sonraki alışveriş için kendini sağlama al."
"Weapon Special / Shield Bash","Silah Özel / Kalkan Vuruşu"
"Use your weapon technique, or hold guard for a shield-bash stagger burst.","Silah tekniğini kullan ya da kalkan vuruşuyla sersemletme için siperi basılı tut."
"Command Aura","Komuta Aurası"
"Temporarily empower nearby troops. A glow marks every affected soldier.","Yakındaki birlikleri geçici olarak güçlendirir. Etkilenen her askeri bir parıltı işaretler."
"Disconnected","Bağlantı koptu"
"Guard broken","Siper kırıldı"
"Punish window","Ceza penceresi"
"Sprinting","Koşuyor"
"Steady","Sağlam"
"COMMANDER","KOMUTAN"
"Frontline command","Cephe komutası"
"Aura active","Aura etkin"
"Aura ready","Aura hazır"
"Aura cooling","Aura yenileniyor"
"HP %1/%2","CAN %1/%2"
"STM %1%","DYN %%1"
"Stable","Dengeli"
"Posture","Duruş"
"State: %1","Durum: %1"
"Perfect guard live","Kusursuz siper açık"
"Finisher primed","Bitirici hazır"
"Aura %1","Aura %1"
"empowers nearby troops","yakındaki birlikleri güçlendiriyor"
"is recovering","yenileniyor"
"Camera: %1","Kamera: %1"
"Chase","Takip"
"ORDERS","EMİRLER"
"ABILITIES","YETENEKLER"
"Rally","Toplan"
"Command Aura Active · %1s","Komuta Aurası Etkin · %1sn"
"Activate Command Aura [3]","Komuta Aurasını Etkinleştir [3]"
"Command Aura · %1s cooldown","Komuta Aurası · %1sn bekleme"
"Temporarily empower nearby troops. Every affected soldier receives a visible glow.","Yakındaki birlikleri geçici olarak güçlendirir. Etkilenen her asker görünür bir parıltı alır."
"The aura is not ready yet.","Aura henüz hazır değil."
"Combo","Kombo"
"%1 [%2]","%1 [%2]"
"COMBAT CONTROLS","ÇARPIŞMA DENETİMLERİ"
"[LMB] Strike  [RMB] Guard","[Sol tık] Vur  [Sağ tık] Siper"
"[Space] Dodge  [Alt] Jump","[Boşluk] Sıyrıl  [Alt] Sıçra"
"[WASD] Move  [Shift] Sprint","[WASD] Hareket  [Shift] Koş"
"[Tab] Cycle Target  [3] Aura  [C] Camera","[Tab] Hedef Değiştir  [3] Aura  [C] Kamera"
"[R] Rally Orders  [Enter] Return to RTS","[R] Toplanma Emirleri  [Enter] RTS'ye Dön"
"[F] Bash  [1] Rush  [2] Second Wind","[F] Vuruş  [1] Hamle  [2] İkinci Nefes"
"[Tab] Target  [1] Rush  [2] Second Wind  [3] Aura  [F] Bash","[Tab] Hedef  [1] Hamle  [2] İkinci Nefes  [3] Aura  [F] Vuruş"
"[R] Place Rally  [C] Camera  [Enter] Return to RTS","[R] Toplanma Yerleştir  [C] Kamera  [Enter] RTS'ye Dön"
"Rally autopilot engaged until the flag is planted","Sancak dikilene kadar toplanma otomatik sürüşte"
"Combat HUD synced for close-quarters command","Çarpışma arayüzü yakın muharebe komutası için eşitlendi"
"First-person command engaged","Birinci şahıs komuta etkin"
"Armies of the field","Meydandaki ordular"
"Following: %1","İzlenen: %1"
"Follow the previous army","Önceki orduyu izle"
"Follow the next army","Sonraki orduyu izle"
"Manpower %1/%2","İnsan gücü %1/%2"
"Holdings %1","Mülkler %1"
"Trained %1","Eğitilen %1"
"Kills %1  Losses %2","Öldürülen %1  Kayıplar %2"
"the whole field","bütün meydan"
"All objectives complete","Bütün hedefler tamamlandı"
"(%1/%2)","(%1/%2)"
"Click to look at the objective.","Hedefe bakmak için tıkla."
"[You]","[Sen]"
"Resume","Sürdür"
"Pause","Duraklat"
"Battle speed %1","Savaş hızı %1"
"Battle speed","Savaş hızı"
"Follow the selection with the camera","Kamerayla seçimi izle"
"Return the camera to your camp (%1)","Kamerayı kampına döndür (%1)"
"Hide the camera controls","Kamera denetimlerini gizle"
"Show how to move the camera","Kameranın nasıl hareket ettirileceğini göster"
"Camera controls","Kamera denetimleri"
"Open the field manual (help)","Sahra kılavuzunu aç (yardım)"
"SPECTATOR","İZLEYİCİ"
"Watching a CPU-only match. You cannot issue commands.","Yalnızca bilgisayarların oynadığı bir maçı izliyorsun. Emir veremezsin."
"Resource and building guide","Kaynak ve yapı rehberi"
"Manpower","İnsan gücü"
"Manpower in the field: %1 of %2.\nEvery troop costs manpower; a squad of twelve builders costs ten. This is not a headcount - the selection panel counts soldiers.","Sahadaki insan gücü: %2 üzerinden %1.\nHer birlik insan gücü harcar; on iki kişilik bir inşaatçı müfrezesi on harcar. Bu bir kişi sayımı değildir - seçim paneli askerleri sayar."
"Human players","İnsan oyuncular"
"AI players","Bilgisayar oyuncuları"
"Enemies defeated","Yenilen düşmanlar"
"Minimap","Mini harita"
"MINIMAP","MİNİ HARİTA"
"Left click moves the camera, right click orders selected troops.\nVisible: currently scouted, enemies shown.\nExplored: seen before, terrain only.\nUnseen: never scouted.","Sol tık kamerayı taşır, sağ tık seçili birliklere emir verir.\nGörünür: şu anda gözetleniyor, düşmanlar gösterilir.\nKeşfedilmiş: daha önce görüldü, yalnızca arazi.\nGörülmemiş: hiç gözetlenmedi."
"Visible","Görünür"
"Explored","Keşfedilmiş"
"Unseen","Görülmemiş"
"Basics","Temeller"
"Economy","Ekonomi"
"Buildings","Yapılar"
"Army","Ordu"
"Commander","Komutan"
"Camera","Kamera"
"Controls","Denetimler"
"Tutorial","Eğitim"
"Selecting","Seçme"
"Left-click a unit to select it, or hold the left button and drag a box around several. Hold Ctrl to add to the selection. Selected units show a ring at their feet, and the panel at the bottom lists them by type - click a type to keep only those.","Bir birimi seçmek için sol tıkla ya da sol tuşu basılı tutup birkaçının çevresine kutu çiz. Seçime eklemek için Ctrl'ü basılı tut. Seçili birimlerin ayaklarında bir halka belirir ve alttaki panel onları türlerine göre sıralar - yalnızca birini tutmak için bir türe tıkla."
"Giving orders","Emir verme"
"Right-click the ground to move, right-click an enemy to attack. Hold the right button and drag before releasing to choose the way the troops will face: one unit turns to face where you drag, several units are placed in formation facing it. The command grid offers Attack, Guard, Patrol, Hold, Stop and the builder and commander orders. A marker shows where troops are going and the banner above the grid confirms each order - or explains why it was refused.","Hareket için zemine sağ tıkla, saldırı için düşmana sağ tıkla. Birliklerin hangi yöne bakacağını seçmek için sağ tuşu basılı tutup bırakmadan sürükle: tek birim sürüklediğin yöne döner, birkaç birim ise o yöne bakan bir düzene yerleşir. Komut ızgarası Saldır, Nöbet, Devriye, Mevzi, Dur ile inşaatçı ve komutan emirlerini sunar. Bir işaret birliklerin nereye gittiğini gösterir ve ızgaranın üstündeki şerit her emri onaylar - ya da neden geri çevrildiğini açıklar."
"Guard - hold a spot","Nöbet - bir noktayı tutma"
"Press Guard, then left-click the ground the troops should hold. They fight anything that comes within about 10 m of that spot, let go of anything that runs past it, and walk back once the fight is over. Press Guard again, or give a move or attack order, to release them; Stop alone will not lift it. Any soldier can guard.","Nöbet'e bas, sonra birliklerin tutacağı zemine sol tıkla. O noktanın yaklaşık 10 m yakınına gelen her şeyle çarpışır, yanından koşup geçeni bırakır ve çarpışma bitince geri yürürler. Onları çözmek için yeniden Nöbet'e bas ya da hareket veya saldırı emri ver; tek başına Dur bunu kaldırmaz. Her asker nöbet tutabilir."
"Hold - stand fast","Mevzi - sıkı durma"
"Press Hold and the troops kneel where they stand. They never take a step, but they reach further, hit harder and take more punishment than they would on the move, and braced spears gut a cavalry charge. That is the trade: pursuit for staying power. Press Hold again, or give a move, attack or Stop order, to stand them up. Only archers and spearmen can hold.","Mevzi'ye bas, birlikler durdukları yerde diz çöker. Bir adım bile atmazlar, ama hareket hâlindekinden daha uzağa erişir, daha sert vurur ve daha çok dayanırlar; payandalı mızraklar da bir süvari hücumunu deşer. Takas budur: takip yerine dayanıklılık. Onları ayağa kaldırmak için yeniden Mevzi'ye bas ya da hareket, saldırı veya Dur emri ver. Yalnızca okçular ve mızrakçılar mevzi tutabilir."
"Patrol - walk a beat","Devriye - mekik dokuma"
"Press Patrol, left-click the first waypoint, then left-click the second. The troops march between the two points for good and attack whatever crosses the line - useful for watching a flank while you look elsewhere. Right-click cancels while you are setting it; any other order, or Stop, clears the route.","Devriye'ye bas, ilk ara noktaya sol tıkla, sonra ikincisine sol tıkla. Birlikler iki nokta arasında sürekli yürür ve hattı geçen her şeye saldırır - sen başka yere bakarken bir kanadı gözetlemek için elverişlidir. Ayarlarken sağ tık iptal eder; başka herhangi bir emir ya da Dur güzergâhı siler."
"Winning and losing","Kazanmak ve kaybetmek"
"Each mission states its own victory and defeat conditions in the Objectives screen (Escape, then Objectives). In every battle your commander must survive: a nation dies with the man who leads it, and a lone commander is already lost.","Her görev kendi zafer ve yenilgi koşullarını Hedefler ekranında belirtir (Escape, sonra Hedefler). Her savaşta komutanın hayatta kalmalıdır: bir ulus, kendisini yöneten adamla birlikte ölür ve yalnız kalmış bir komutan çoktan yitirilmiştir."
"The three materials","Üç hammadde"
"Wood comes from pine trees, stone from boulders and iron from ore seams. A builder harvests a node with Collect (or Auto Gather), then carries the load to the stone yard beside a friendly barracks. Only when it is dropped there does the counter in the top bar rise. The yard's piles grow and shrink with your stores.","Odun çam ağaçlarından, taş kayalardan, demir cevher damarlarından gelir. Bir inşaatçı bir kaynağı Topla (ya da Otomatik Topla) ile işler, sonra yükü dost bir kışlanın yanındaki taş avlusuna taşır. Sayaç üst çubukta ancak yük oraya bırakılınca yükselir. Avlunun yığınları depona göre büyür ve küçülür."
"Food","Yiyecek"
"Food feeds your settlement: every civilian recruited at a Home costs it. A Farm grows grain in cycles; when the field turns gold a builder reaps it with Collect and hauls the grain home, and the field is sown again. Builders can also slaughter a sheep for a smaller haul. Auto Gather set to food keeps a builder working the farms.","Yiyecek yerleşimini besler: Ev'de devşirilen her sivil ondan harcar. Tarla dönemler hâlinde tahıl yetiştirir; tarla altın rengine döndüğünde bir inşaatçı onu Topla ile biçer ve tahılı eve taşır, sonra tarla yeniden ekilir. İnşaatçılar daha küçük bir yük için koyun da kesebilir. Yiyeceğe ayarlı Otomatik Topla, bir inşaatçıyı tarlalarda çalıştırmayı sürdürür."
"Gold and trade","Altın ve ticaret"
"Gold comes with the camp and cannot be mined. A marketplace lets you buy materials for gold and sell surplus for it; a temple costs gold to raise.","Altın kampla birlikte gelir ve çıkarılamaz. Bir pazar, altın karşılığı hammadde almanı ve fazlanı satmanı sağlar; bir tapınak yükseltmek altına mal olur."
"Costs","Bedeller"
"Every card - recruit or building - lists its price. A grey card means something is short; hover it to read what. Homes cost 50 wood and 15 stone, a farm 40 wood and 10 stone, a barracks 100 wood and 60 stone, a defence tower 60 wood and 80 stone; soldiers cost wood and iron plus reserve, and civilians cost food.","Her kart - devşirme ya da yapı - fiyatını yazar. Gri bir kart bir şeyin eksik olduğunu gösterir; neyin eksik olduğunu okumak için üzerine gel. Evler 50 odun ve 15 taş, tarla 40 odun ve 10 taş, kışla 100 odun ve 60 taş, savunma kulesi 60 odun ve 80 taş tutar; askerler odun ve demirin yanında yedek, siviller ise yiyecek harcar."
"Placing a structure","Bir yapı yerleştirme"
"Select a builder and press Build to open the structure list. Move the outline over the ground: green means flat, clear ground; red means it is blocked by another building, water or a slope. Scroll to rotate, left-click to confirm, right-click to cancel. The builder walks over and works until it stands.","Bir inşaatçı seç ve yapı listesini açmak için İnşa'ya bas. Taslağı zemin üzerinde gezdir: yeşil düz ve boş zemin demektir; kırmızı başka bir yapı, su ya da bir eğim yüzünden kapalı demektir. Döndürmek için tekerleği çevir, onaylamak için sol tıkla, iptal için sağ tıkla. İnşaatçı oraya yürür ve yapı dikilene kadar çalışır."
"What each building does","Her yapı ne işe yarar"
"Barracks recruit soldiers and hold your stockpile yard. Homes raise families and civilians. Farms grow grain that builders reap for food. Defence towers shoot at anything in range. Marketplaces trade. Temples strengthen morale and take in healers. Walls and gates shape the field; gates open for your own troops.","Kışlalar asker devşirir ve depo avlunu barındırır. Evler aileler ve siviller yetiştirir. Tarlalar, inşaatçıların yiyecek için biçtiği tahılı büyütür. Savunma kuleleri menzillerine gireni vurur. Pazarlar ticaret yapar. Tapınaklar morali güçlendirir ve şifacıları barındırır. Surlar ve kapılar meydanı biçimlendirir; kapılar kendi birliklerine açılır."
"Repair and dismantle","Onarım ve sökme"
"A damaged building can be repaired by a builder with the Repair order. A building you no longer need can be taken down with the Dismantle order: pick your builders, press Dismantle and click the building. Part of what it cost comes back once the work is done, and calling the crew off before then pays nothing.","Hasarlı bir yapı, Onar emriyle bir inşaatçı tarafından onarılabilir. Artık gerek duymadığın bir yapı Sök emriyle indirilebilir: inşaatçılarını seç, Sök'e bas ve yapıya tıkla. İş bittiğinde bedelinin bir kısmı geri gelir; ekibi ondan önce geri çağırmak hiçbir şey ödemez."
"Recruiting","Devşirme"
"Left-click a barracks and pick a soldier; healers take their vows at a temple instead. Recruits queue up to five deep and march out to the rally flag. Each costs reserve from the building's own pool as well as materials.","Bir kışlaya sol tıkla ve bir asker seç; şifacılar yeminlerini bunun yerine bir tapınakta eder. Devşirilenler en çok beş derinliğinde sıraya girer ve toplanma sancağına yürür. Her biri hammaddenin yanında yapının kendi havuzundan da yedek harcar."
"Reserve","Yedek"
"A barracks or temple starts with a reserve and spends it on every recruit; the card shows exactly what each one costs. Homes refill it: each Home raises families over time, a civilian can be recruited there for food and sent to either building with Deliver, and that building's reserve grows. A squad then stands in the field for what it cost, which is what the top bar counts against the map's manpower cap.","Bir kışla ya da tapınak bir yedekle başlar ve her devşirmede ondan harcar; kart her birinin tam olarak neye mal olduğunu gösterir. Evler onu tazeler: her Ev zamanla aile yetiştirir, orada yiyecek karşılığı bir sivil devşirilip Teslim et ile iki yapıdan birine yollanabilir ve o yapının yedeği büyür. Böylece bir müfreze sahada mal olduğu kadar durur; üst çubuğun haritanın insan gücü sınırına karşı saydığı da budur."
"Formations and lines","Düzenler ve hatlar"
"Spearmen hold a line, archers punish from behind it, cavalry breaks flanks, healers mend nearby wounded on their own. Right-click and drag with several units selected to deploy them in a formation that faces the drag; the Formation order opens the same planner where they stand. Run trades stamina for speed.","Mızrakçılar bir hat tutar, okçular arkasından cezalandırır, süvari kanatları kırar, şifacılar yakındaki yaralılara kendiliğinden bakar. Birkaç birim seçiliyken sağ tıklayıp sürükle ve onları sürüklediğin yöne bakan bir düzende yerleştir; Düzen emri aynı planlayıcıyı durdukları yerde açar. Koşmak dayanıklılığı hıza takas eder."
"The standard","Sancak"
"Your commander carries the standard. Troops close to him fight with higher morale, and morale decides who breaks first. Keep him behind the spears: if he falls the mission is lost.","Sancağı komutanın taşır. Ona yakın birlikler daha yüksek morille çarpışır ve önce kimin dağılacağına moral karar verir. Onu mızrakların gerisinde tut: düşerse görev kaybedilir."
"Aura and Rally","Aura ve Toplanma"
"With the commander selected, Aura empowers his troops for a stretch and then has to recharge - each commander brings his own bonus, radius and timings, and the button prints them along with the time left. A glow marks every soldier inside the ring, the ring travels with him, and a wounded commander cannot call it. Rally plants a flag that your army marches to - useful for pulling a scattered force back into a line.","Komutan seçiliyken Aura, birliklerini bir süre güçlendirir ve sonra yenilenmesi gerekir - her komutan kendi desteğini, yarıçapını ve sürelerini getirir ve düğme bunları kalan süreyle birlikte yazar. Halkanın içindeki her askeri bir parıltı işaretler, halka onunla birlikte gezer ve yaralı bir komutan bunu çağıramaz. Toplanma, ordunun yürüdüğü bir sancak diker - dağılmış bir kuvveti tekrar hatta çekmek için elverişlidir."
"Taking direct control","Doğrudan denetimi alma"
"Where the mission allows it, you can step into the commander's boots and lead from the field. The controls for that mode are listed under Controls.","Görevin izin verdiği yerde komutanın yerine geçip meydandan yönetebilirsin. O kipin denetimleri Denetimler altında sıralanmıştır."
"Pace and view","Tempo ve görüş"
"The top-left buttons pause the battle and set the speed, from half up to quadruple; Space pauses too, and + and - step through the speeds. The active speed stays lit while paused and can be changed there. Move the camera with the arrow keys or WASD, or push the mouse to the screen edge; scroll or PgUp and PgDown to zoom, Q and E to rotate, Ctrl with the up and down arrows to tilt; Home returns to your camp and Follow keeps the camera on your selection. Every one of these can be rebound under Settings › Controls, where each camera command says what it does.","Sol üstteki düğmeler savaşı duraklatır ve hızı yarımdan dört katına kadar ayarlar; Boşluk da duraklatır, + ve - hızlar arasında ilerletir. Etkin hız duraklatılmışken de yanık kalır ve oradan değiştirilebilir. Kamerayı ok tuşları ya da WASD ile hareket ettir veya fareyi ekran kenarına it; yakınlaştırmak için tekerleği çevir ya da PgUp ile PgDown'a bas, döndürmek için Q ve E, eğmek için Ctrl ile yukarı ve aşağı okları kullan; Home kampına döndürür ve İzle kamerayı seçiminin üzerinde tutar. Bunların hepsi Ayarlar › Denetimler altından yeniden atanabilir; orada her kamera komutu ne yaptığını söyler."
"Field manual","Sahra kılavuzu"
"Field Manual","Sahra Kılavuzu"
"Close the field manual","Sahra kılavuzunu kapat"
"unbound","atanmamış"
"The tutorial is a guided first battle on a small meadow. Each step names one goal, tells you when it is done, and explains why an order is refused. It also points: the button a step is talking about lights up in the command bar, and what you are meant to act on is ringed on the field and pinned on the minimap - press Show me to swing the camera onto it. Steps can be paused, skipped and replayed at any time.","Eğitim, küçük bir çayırda yol gösterilen ilk savaştır. Her adım tek bir amaç belirtir, ne zaman tamamlandığını söyler ve bir emrin neden geri çevrildiğini açıklar. Ayrıca gösterir: bir adımın söz ettiği düğme komut çubuğunda yanar ve üzerinde iş görmen gereken şey sahada halkalanır ve mini haritaya iğnelenir - kamerayı ona çevirmek için Bana göster'e bas. Adımlar her an duraklatılabilir, atlanabilir ve yeniden oynatılabilir."
"%1. %2","%1. %2"
"Start the tutorial","Eğitimi başlat"
"Show tutorial card","Eğitim kartını göster"
"Restart the steps","Adımları yeniden başlat"
"Close","Kapat"
"Hide this","Bunu gizle"
"Never show this again","Bunu bir daha gösterme"
"Mouse Left","Fare Sol"
"Mouse Right","Fare Sağ"
"Mouse Middle","Fare Orta"
"Mouse Back","Fare Geri"
"Mouse Forward","Fare İleri"
"Unbound","Atanmamış"
"%1 of %2","%1 / %2"
"Pick a target","Bir hedef seç"
"OK","Tamam"
"Battle Report","Savaş Raporu"
"Battle Decided","Savaş Karara Bağlandı"
"The Campaign is Won","Sefer Kazanıldı"
"Training Complete","Eğitim Tamamlandı"
"Victory Secured","Zafer Güvenceye Alındı"
"Army Broken","Ordu Kırıldı"
"One side is left holding the field.","Meydanı tutan bir taraf kaldı."
"Every mission has fallen to your standard.","Her görev sancağının önünde düştü."
"You can run an army now. The Barcid Road is waiting.","Artık bir ordu yönetebilirsin. Barka Yolu seni bekliyor."
"Every order carried out.","Her emir yerine getirildi."
"Enemy command has fallen.","Düşman komutası düştü."
"Your command has collapsed.","Komutan çöktü."
"March the Campaign","Sefere Çık"
"Search","Ara"
"Selected units","Seçili birimler"
"%1 / %2","%1 / %2"
"%1/%2","%1/%2"
"YOUR BUILDING","YAPIN"
"YOUR UNIT","BİRİMİN"
"ENEMY BUILDING","DÜŞMAN YAPISI"
"ENEMY UNIT","DÜŞMAN BİRİMİ"
"BUILDING","YAPI"
"UNIT","BİRİM"
"Under attack by %n of your units","Senin %n biriminin saldırısı altında"
"Not engaged by your army","Ordun tarafından çarpışmaya sokulmadı"
"Under attack by %n enemies","%n düşmanın saldırısı altında"
"Not under attack","Saldırı altında değil"
"SELECTION","SEÇİM"
"SELECTED UNIT","SEÇİLİ BİRİM"
"SELECTED FORCE","SEÇİLİ KUVVET"
"%1 soldiers ready","%1 asker hazır"
"Show what this unit is for","Bu birimin ne işe yaradığını göster"
"Unit details","Birim ayrıntıları"
"Enemy","Düşman"
"Yours","Senin"
"Neutral","Tarafsız"
"1 unit","1 birim"
"%1 units","%1 birim"
"%1 units  ·  %2 types","%1 birim  ·  %2 tür"
"ATK","SLD"
"RNG","MNZ"
"SPD","HIZ"
"HEALTH","CAN"
"%1 soldiers","%1 asker"
"Drag a box over your troops, or click a unit","Birliklerinin üzerine bir kutu çiz ya da bir birime tıkla"
"SOLDIERS","ASKERLER"
"%1%","%%1"
"STAMINA","DAYANIKLILIK"
"soldiers —","asker —"
"(mixed)","(karma)"
"%1 wounded","%1 yaralı"
"Map load failed: %1","Harita yüklenemedi: %1"
"Prewarming templates: scanning unit profiles...","Şablonlar ön ısıtılıyor: birim profilleri taranıyor..."
"Prewarming templates: %1 / %2","Şablonlar ön ısıtılıyor: %1 / %2"
"Queued deferred template warmup (%1 additional)","Ertelenmiş şablon ısıtması sıraya alındı (%1 ek)"
"Template warmup complete (%1 core, %2 total)","Şablon ısıtması tamamlandı (%1 çekirdek, %2 toplam)"
"Template warmup cancelled","Şablon ısıtması iptal edildi"
"%1h %2m","%1sa %2dk"
"%1m","%1dk"
"Campaign","Sefer"
"Skirmish","Çatışma"
"%1 - autosave","%1 - otomatik kayıt"
"%1 - quicksave","%1 - hızlı kayıt"
"Load game","Oyun yükle"
"Cancel","İptal"
"No saves found","Kayıt bulunamadı"
"Untitled Save","Adsız Kayıt"
"Unknown Map","Bilinmeyen Harita"
"No Preview","Önizleme Yok"
"%1 · %2","%1 · %2"
"Saved %1","Kaydedildi %1"
"Played %1","Oynandı %1"
"Export","Dışa aktar"
"Exported to %1","%1 konumuna aktarıldı"
"Export failed","Dışa aktarma başarısız"
"Verify","Doğrula"
"Verification Passed","Doğrulama Başarılı"
"Verification Failed","Doğrulama Başarısız"
"""%1"" is intact. The save file has not been corrupted.","""%1"" sağlam. Kayıt dosyası bozulmamış."
"""%1"" is corrupted and cannot be loaded. The save failed its integrity check.","""%1"" bozuk ve yüklenemiyor. Kayıt bütünlük denetiminden geçemedi."
"Delete","Sil"
"Import...","İçe aktar..."
"Load","Yükle"
"Pick a saved game first.","Önce kayıtlı bir oyun seç."
"Confirm Delete","Silmeyi Onayla"
"Are you sure you want to delete the save:\n""%1""?\n\nThis action cannot be undone.","Şu kaydı silmek istediğine emin misin:\n""%1""?\n\nBu işlem geri alınamaz."
"Save Verification","Kayıt Doğrulaması"
"Import Save","Kayıt İçe Aktar"
"Save files found in the exports folder:","Dışa aktarma klasöründe bulunan kayıt dosyaları:"
"Import","İçe aktar"
"Imported as ""%1""","""%1"" olarak içe aktarıldı"
"Import failed","İçe aktarma başarısız"
"No importable save files were found.","İçe aktarılabilir kayıt dosyası bulunamadı."
"Loading...","Yükleniyor..."
"Not Started","Başlamadı"
"Initializing...","Hazırlanıyor..."
"Loading Map Data...","Harita Verisi Yükleniyor..."
"Loading Terrain...","Arazi Yükleniyor..."
"Loading Biome...","Biyom Yükleniyor..."
"Loading Water Features...","Su Öğeleri Yükleniyor..."
"Loading Roads...","Yollar Yükleniyor..."
"Loading Environment...","Çevre Yükleniyor..."
"Loading Fog...","Sis Yükleniyor..."
"Loading Units & Buildings...","Birimler ve Yapılar Yükleniyor..."
"Loading Audio...","Ses Yükleniyor..."
"Generating Minimap...","Mini Harita Oluşturuluyor..."
"Initializing Game Systems...","Oyun Sistemleri Hazırlanıyor..."
"Finalizing...","Tamamlanıyor..."
"Complete","Tamam"
"Failed","Başarısız"
"Unknown","Bilinmiyor"
"A commander who personally investigates every problem soon becomes one of them.","Her sorunu bizzat inceleyen bir komutan, kısa sürede sorunlardan biri olur."
"A formation that becomes scattered is easier to surround and destroy.","Dağılan bir düzeni kuşatmak ve yok etmek daha kolaydır."
"A narrow front can prevent a numerically superior enemy from using all of its troops at once.","Dar bir cephe, sayıca üstün bir düşmanın bütün birliklerini aynı anda kullanmasını engelleyebilir."
"A retreat made early can preserve an army. A retreat made late can become a rout.","Erken yapılan bir çekilme orduyu kurtarabilir. Geç yapılan bir çekilme bozguna dönüşebilir."
"A strong economy cannot help you if the enemy cuts the road between it and your army.","Düşman, ekonominle ordunun arasındaki yolu keserse güçlü bir ekonomi seni kurtaramaz."
"A unit surrounded on several sides will struggle even if it began the fight at full strength.","Birkaç yandan kuşatılan bir birim, çarpışmaya tam güçle girmiş olsa bile zorlanır."
"A well-defended position is one the enemy has not yet discovered a ridiculous way around.","İyi savunulan bir mevzi, düşmanın etrafından dolaşmanın gülünç bir yolunu henüz bulamadığı mevzidir."
"An army marches on its stomach. The stomach, regrettably, also requires a supply line.","Ordu midesiyle yürür. Ne yazık ki mide de bir ikmal hattı ister."
"Archers perform best when protected from direct melee combat.","Okçular doğrudan göğüs göğüse çarpışmadan korunduklarında en iyi iş görür."
"Avoid sending cavalry directly into prepared infantry formations.","Süvariyi doğrudan hazırlanmış piyade düzenlerinin üstüne sürmekten kaçın."
"Battles are often decided before contact through positioning, preparation, and logistics.","Savaşlar çoğu kez temastan önce mevzilenme, hazırlık ve lojistikle karara bağlanır."
"Building near resources can reduce the amount of time workers spend carrying supplies.","Kaynakların yakınına inşa etmek işçilerin yük taşımakla geçirdiği süreyi kısaltabilir."
"Capturing useful infrastructure can be more valuable than destroying it.","İşe yarar bir altyapıyı ele geçirmek onu yıkmaktan daha değerli olabilir."
"Cavalry can arrive quickly. Whether they should have arrived there is another question.","Süvari hızla varabilir. Oraya varmalı mıydı, o başka bir soru."
"Cavalry is most effective when attacking exposed flanks or isolated units.","Süvari, açıkta kalmış kanatlara ya da yalnız kalmış birimlere saldırırken en etkilidir."
"Clearing a dangerous area is not the same as securing it. Check what remains nearby.","Tehlikeli bir bölgeyi temizlemek onu güvenceye almakla aynı şey değildir. Yakında ne kaldığına bak."
"Concentrating your forces can overwhelm a stronger enemy fighting in separate groups.","Kuvvetlerini toplamak, ayrı gruplar hâlinde çarpışan daha güçlü bir düşmanı ezebilir."
"Destroying an enemy army is useful. Preventing it from fighting effectively is often enough.","Bir düşman ordusunu yok etmek işe yarar. Onun etkili biçimde çarpışmasını engellemek çoğu kez yeter."
"Direct commander control can help turn a critical fight, but exposes your commander to greater danger.","Komutanı doğrudan yönetmek kritik bir çarpışmayı çevirebilir, ama komutanını daha büyük tehlikeye atar."
"Do not chase fleeing enemies so far that your own formation collapses.","Kaçan düşmanı kendi düzenin dağılacak kadar uzağa kovalama."
"Enemy reinforcements are much less dangerous when they never reach the battlefield.","Düşman takviyeleri savaş alanına hiç ulaşmadıklarında çok daha az tehlikelidir."
"Every commander has a plan until a sheep joins the formation.","Her komutanın bir planı vardır, düzene bir koyun katılana kadar."
"Every supply shortage begins with someone saying, “We probably have enough.”","Her ikmal sıkıntısı birinin “herhâlde yeter” demesiyle başlar."
"Exhausted troops are less effective. Allow units time to recover when possible.","Bitkin birlikler daha az etkilidir. Mümkün olduğunda birimlere toparlanma süresi tanı."
"Formations are strongest when their flanks are protected.","Düzenler kanatları korunduğunda en güçlüdür."
"High ground improves your ability to control an engagement.","Yüksek zemin bir çarpışmayı denetleme yeteneğini artırır."
"History remembers the victorious general. The quartermaster remembers who forgot to bring food.","Tarih muzaffer generali hatırlar. Levazımcı ise yiyecek getirmeyi kimin unuttuğunu hatırlar."
"If your formation looks impressive from a distance, you are at least halfway to military competence.","Düzenin uzaktan etkileyici görünüyorsa askerî yeterliliğin en az yarısına gelmişsin demektir."
"Infantry can hold ground that faster units may struggle to defend.","Piyade, daha hızlı birimlerin savunmakta zorlanacağı bir araziyi tutabilir."
"Keep an escape route available when fighting near rivers, cliffs, or narrow passages.","Nehirlerin, uçurumların ya da dar geçitlerin yakınında çarpışırken bir kaçış yolunu açık tut."
"Keep ranged troops away from routes enemy cavalry can reach quickly.","Menzilli birlikleri düşman süvarisinin hızla ulaşabileceği yollardan uzak tut."
"Keep reserve troops behind the main line to respond to breakthroughs.","Yarmalara karşılık verebilmek için ana hattın gerisinde yedek birlikler bulundur."
"Never underestimate the tactical value of looking busy while someone else carries the stone.","Taşı başkası taşırken meşgul görünmenin taktik değerini asla küçümseme."
"Protect your commander. Losing leadership at the wrong moment can decide a battle.","Komutanını koru. Yanlış anda önderliği yitirmek bir savaşı belirleyebilir."
"Repairing damaged defenses before the next attack is usually cheaper than rebuilding them afterward.","Hasarlı savunmaları bir sonraki saldırıdan önce onarmak, sonradan yeniden inşa etmekten genellikle ucuzdur."
"Scout unfamiliar terrain before committing your main force.","Ana kuvvetini sürmeden önce tanımadığın araziyi gözetle."
"Stockpiles shorten resource delivery routes and improve economic efficiency.","Depolar kaynak taşıma yollarını kısaltır ve ekonomik verimi artırır."
"Terrain can be as important as numbers. Use forests, hills, and narrow passages to your advantage.","Arazi sayı kadar önemli olabilir. Ormanları, tepeleri ve dar geçitleri lehine kullan."
"The Iron Sepulcher is best approached with troops prepared for an unexpected engagement.","Demir Kabir'e, beklenmedik bir çarpışmaya hazırlanmış birliklerle yaklaşmak en iyisidir."
"The enemy cannot predict your strategy if you have forgotten it yourself.","Stratejini kendin unuttuysan düşman da onu kestiremez."
"The shortest path between two points is rarely the route selected by an army.","İki nokta arasındaki en kısa yol, nadiren bir ordunun seçtiği güzergâhtır."
"Use patrol orders to secure roads, settlements, and vulnerable resource routes.","Yolları, yerleşimleri ve korunmasız kaynak güzergâhlarını güvenceye almak için devriye emirlerini kullan."
"Walls are excellent defenses until someone remembers gates exist.","Surlar, biri kapıların varlığını hatırlayana kadar mükemmel savunmalardır."
"War elephants are powerful, disciplined weapons of war, right up until they have an opinion.","Savaş filleri güçlü, disiplinli savaş silahlarıdır - ta ki bir fikirleri olana kadar."
"War elephants can disrupt formations, but unsupported elephants can quickly become isolated.","Savaş filleri düzenleri bozabilir, ama desteksiz filler çabucak yalnız kalabilir."
"Watch your supply routes when advancing deep into hostile territory.","Düşman toprağının derinlerine ilerlerken ikmal yollarını gözet."
"When attacking, look for weak points rather than spreading damage evenly across the enemy line.","Saldırırken hasarı düşman hattına eşit yaymak yerine zayıf noktalar ara."
"When defending, force the enemy to come to you under unfavorable conditions.","Savunurken düşmanı elverişsiz koşullarda sana gelmeye zorla."
"Wildlife may react unpredictably to nearby troops and fighting.","Yabani hayvanlar yakındaki birliklere ve çarpışmaya beklenmedik tepkiler verebilir."
"Wolves are considerably less impressed by military rank than your soldiers are.","Kurtlar, askerlerinin olduğu kadar askerî rütbeden etkilenmez."
"Workers are valuable strategic assets. Do not leave them exposed near the front.","İşçiler değerli stratejik varlıklardır. Onları cephenin yakınında açıkta bırakma."
"Standard of Iron - RTS game","Standard of Iron - RTS oyunu"
"PAUSED","DURAKLATILDI"
"Press %1 to resume","Sürdürmek için %1'a bas"
"A new standard in the valley, and nobody under it who has held a spear more than twice.","Vadide yeni bir sancak ve altında elinde iki kereden fazla mızrak tutmuş kimse yok."
"Error","Hata"
"Leave this battle?","Bu savaştan ayrılmak mı?"
"The battle in progress will be lost. Save it first if you want to come back to it.","Süren savaş kaybolacak. Geri dönmek istiyorsan önce kaydet."
"Leave the battle","Savaştan ayrıl"
"Keep fighting","Savaşmaya devam et"
"Play Skirmish","Çatışma Oyna"
"Choose the field and deploy armies","Meydanı seç ve orduları yerleştir"
"Battle","Savaş"
"Missions","Görevler"
"One small field, one order to carry out","Küçük bir meydan, yerine getirilecek tek bir emir"
"Detail","Ayrıntı"
"Campaign","Sefer"
"March through the Second Punic War","İkinci Pön Savaşı boyunca yürü"
"War Map","Harp Haritası"
"Tutorial","Eğitim"
"Learn to command in a guided first battle","Yol gösterilen bir ilk savaşta komuta etmeyi öğren"
"Training","Eğitiyor"
"Objectives","Hedefler"
"Review active orders","Etkin emirleri gözden geçir"
"Orders","Emirler"
"Save game","Oyunu kaydet"
"Record the current campaign state","Şimdiki sefer durumunu kaydet"
"Archive","Arşiv"
"Load game","Oyun yükle"
"Return to a saved command","Kayıtlı bir komutaya dön"
"Return","Dön"
"Settings","Ayarlar"
"Display, audio, and controls","Görüntü, ses ve denetimler"
"Options","Seçenekler"
"Field Manual","Sahra Kılavuzu"
"How selection, economy, buildings and armies work","Seçim, ekonomi, yapılar ve orduların nasıl işlediği"
"Help","Yardım"
"Exit","Çık"
"Leave the war table","Harp masasından ayrıl"
"Retire","Çekil"
"SPQR","SPQR"
"QART-HADAST","QART-HADAŞT"
"STANDARD OF IRON","STANDARD OF IRON"
"Rome and Carthage at the edge of empire","İmparatorluğun kıyısında Roma ve Kartaca"
"Start here","Buradan başla"
"Enter","Enter"
"Esc","Esc"
"Navigate","Gezin"
"Confirm","Onayla"
"Resume battle","Savaşa dön"
"SECOND PUNIC WAR","İKİNCİ PÖN SAVAŞI"
"Legions, fleets, elephants, and contested supply lines","Lejyonlar, donanmalar, filler ve çekişmeli ikmal hatları"
"Hannibal Barca","Hannibal Barka"
"Scipio Africanus","Scipio Africanus"
"CARTHAGE","KARTACA"
"ROME","ROMA"
"Centre","Merkez"
"East","Doğu"
"North-East","Kuzeydoğu"
"North","Kuzey"
"North-West","Kuzeybatı"
"West","Batı"
"South-West","Güneybatı"
"South","Güney"
"South-East","Güneydoğu"
"Maps","Haritalar"
"No maps available","Harita yok"
"Click a base to reseat","Yerini değiştirmek için bir üsse tıkla"
"Bases in player colours","Üsler oyuncu renklerinde"
"%1 — held by %2","%1 — %2 tarafından tutuluyor"
"%1 — free, click to claim it","%1 — boş, sahiplenmek için tıkla"
"Select a map\nto see preview","Önizlemeyi görmek için\nbir harita seç"
"No preview available","Önizleme yok"
"Roman Republic","Roma Cumhuriyeti"
"Commander","Komutan"
"Need at least 1 enabled player to start","Başlamak için en az 1 etkin oyuncu gerekiyor"
"Need at least 2 enabled players to start","Başlamak için en az 2 etkin oyuncu gerekiyor"
"At least two teams must be selected to start a match","Bir maç başlatmak için en az iki takım seçilmeli"
"This battlefield only has %1 starting bases","Bu savaş alanında yalnızca %1 başlangıç üssü var"
"Every player in play needs a starting base","Oyundaki her oyuncunun bir başlangıç üssü olmalı"
"You","Sen"
"CPU %1","CPU %1"
"%1 gold","%1 altın"
"Skirmish","Çatışma"
"Pick a battlefield, then set the colours, nations and commanders that take the field.","Bir savaş alanı seç, sonra meydana çıkacak renkleri, ulusları ve komutanları belirle."
"← Back","← Geri"
"Battlefields","Savaş alanları"
"Loading maps...","Haritalar yükleniyor..."
"No maps available","Harita yok"
"Slots","Yuvalar"
"Player slots this battlefield was authored for","Bu savaş alanının tasarlandığı oyuncu yuvaları"
"In play","Oyunda"
"Players that will take the field","Meydana çıkacak oyuncular"
"Sides","Taraflar"
"Distinct teams among the players in play","Oyundaki oyuncular arasındaki ayrı takımlar"
"Opposition","Muhalefet"
"Scripted","Betikli"
"Players only","Yalnızca oyuncular"
"This battlefield brings its own enemies, so you can start alone","Bu savaş alanı kendi düşmanlarını getirir, bu yüzden yalnız başlayabilirsin"
"This battlefield needs at least two opposing players","Bu savaş alanı en az iki karşıt oyuncu ister"
"Treasury","Hazine"
"Gold every side starts with — click to change","Her tarafın başladığı altın — değiştirmek için tıkla"
"Select a battlefield to continue","Sürdürmek için bir savaş alanı seç"
"Order of Battle","Muharebe Düzeni"
"Click any chip to change it • pick a base on the map for the highlighted seat","Değiştirmek için herhangi bir çipe tıkla • vurgulanan koltuk için haritada bir üs seç"
"Click any chip to change it","Değiştirmek için herhangi bir çipe tıkla"
"+ Add CPU","+ CPU Ekle"
"Every slot on this battlefield is taken","Bu savaş alanındaki her yuva dolu"
"Add an AI opponent","Bir yapay zekâ rakip ekle"
"Leave this slot empty","Bu yuvayı boş bırak"
"Bring this slot into the battle","Bu yuvayı savaşa kat"
"Slot %1 • click to move seat","Yuva %1 • koltuğu taşımak için tıkla"
"Slot %1 • AI","Yuva %1 • YZ"
"Colour","Renk"
"Player colour — click to change","Oyuncu rengi — değiştirmek için tıkla"
"Base","Üs"
"None","Yok"
"Starting base — click for the next free one, or pick it on the map","Başlangıç üssü — bir sonraki boş üs için tıkla ya da haritada seç"
"Nation","Ulus"
"Nation — click to change","Ulus — değiştirmek için tıkla"
"%1 — click to change commander","%1 — komutanı değiştirmek için tıkla"
"Commander — click to change","Komutan — değiştirmek için tıkla"
"Team %1","Takım %1"
"Team — click to change sides","Takım — taraf değiştirmek için tıkla"
"Remove this opponent","Bu rakibi çıkar"
"↑ ↓ Choose","↑ ↓ Seç"
"Enter Start","Enter Başlat"
"Esc Back","Esc Geri"
"Observe","İzle"
"Pick a battlefield with at least two camps to watch","İzlemek için en az iki kampı olan bir savaş alanı seç"
"Watch the computer fight itself on this battlefield","Bu savaş alanında bilgisayarın kendisiyle çarpışmasını izle"
"Play ▶","Oyna ▶"
"Start the battle (Enter)","Savaşı başlat (Enter)"
"Player %1","Oyuncu %1"
"AI Player %1","YZ Oyuncusu %1"
"Unnamed Map","Adsız Harita"
"A fertile valley for two. One channel runs the whole map north to south and only two fords cross it. A cross spur on each bank means you either hug the water or swing wide to reach them, and the boomerang ridge cupping each start makes the back door terrain rather than a wall. Nothing haunts this valley: it is the plain match, with no Sepulcher to distract either side.","İki kişilik bereketli bir vadi. Tek bir kanal haritanın kuzeyinden güneyine uzanır ve onu yalnızca iki sığ geçit aşar. Her iki kıyıdaki çapraz mahmuz yüzünden ya suya yapışırsın ya da onlara ulaşmak için geniş bir kavis çizersin; her başlangıcı kucaklayan bumerang sırt ise arka kapıyı duvar değil arazi yapar. Bu vadide hiçbir hayalet yok: bu, iki tarafın da dikkatini dağıtacak bir Kabir'i olmayan düz bir maç."
"A quiet meadow between a Carthaginian camp and a Roman outpost, laid out for the tutorial: timber, stone and ore within a short walk of the barracks, a scouting party to practise on, and a small enemy camp to take once the army is ready.","Bir Kartaca kampı ile bir Roma karakolu arasında, eğitim için düzenlenmiş sakin bir çayır: kışladan kısa yürüme mesafesinde kereste, taş ve cevher, üzerinde alıştırma yapılacak bir keşif kolu ve ordu hazır olunca alınacak küçük bir düşman kampı."
"A redoubt above a dry ford, for one. A spur of rock runs the length of the approach and the two shoulders close the flanks, so everything coming down from the north is committed to one of two lanes -- the cart gate in the west, the goat path in the east -- and they do not meet again until the ground in front of the camp. One line cannot hold both mouths, so holding here is a question of which lane you stand in and when you leave it.","Tek kişilik, kuru bir geçidin üstünde bir tabya. Yaklaşım boyunca bir kaya mahmuzu uzanır ve iki omuz kanatları kapatır, böylece kuzeyden inen her şey iki koridordan birine bağlanır -- batıdaki araba kapısı ya da doğudaki keçi yolu -- ve bunlar kampın önündeki zemine kadar bir daha kesişmez. Tek bir hat iki ağzı birden tutamaz, bu yüzden burayı tutmak hangi koridorda durduğun ve oradan ne zaman ayrıldığın meselesidir."
"A timber detail's cut above the Pinewater, for one. The near stand beside the camp is already half felled, so the levy is only filled out of the deep pines a long haul north-east, past the spine of rock the haul road has to swing around. The scree that gives up the stone lies the other way entirely, and the crew is not big enough to work both without splitting it.","Tek kişilik, Çampınar'ın üstünde bir kereste ekibinin kesim alanı. Kampın yanındaki yakın koru zaten yarı yarıya devrilmiş, bu yüzden levha ancak kuzeydoğuda, taşıma yolunun dolanmak zorunda kaldığı kaya omurgasının ötesindeki derin çamlıklardan tamamlanır. Taşı veren moloz yamaç ise tam ters yönde ve ekip, bölünmeden ikisini birden işleyecek kadar büyük değil."
"Amber Delta","Kehribar Deltası"
"Battle of Cannae","Cannae Muharebesi"
"Battle of Lake Trasimene","Trasimene Gölü Muharebesi"
"Battle of Ticino","Ticino Muharebesi"
"Battle of Trebia","Trebia Muharebesi"
"Battle of Zama","Zama Muharebesi"
"Blackpine Hollow","Karaçam Çukuru"
"Campania Campaign","Campania Seferi"
"Copper Canyons","Bakır Kanyonlar"
"Crossing the Alps","Alpler'i Geçiş"
"Deep wet pine forest for two. A crater wall rings the shrine bowl at the centre and no road enters it - the gates cut through its rim are the only way in, so the middle belongs to whoever will fight for it on foot. Everything else is one ring road and the trees.","İki kişilik derin ve nemli çam ormanı. Ortadaki mabet çanağını bir krater duvarı çevreler ve içine hiçbir yol girmez - kenarında açılmış kapılar tek giriştir, bu yüzden orta, uğruna yaya çarpışmayı göze alanındır. Geri kalan her şey tek bir çevre yolu ve ağaçlardır."
"Four camps in a snowed-in basin. Two melt races cross at its centre and cut the ground into quarters, so every neighbour is a bridge away: an inner crossing in the open, or a longer one out under the rim ranges. Four corner tarns and four barrow cairns fill the rest.","Karla kaplı bir çanakta dört kamp. İki eriyik deresi ortada kesişir ve zemini dörde böler, böylece her komşu bir köprü uzağındadır: ya açıktaki iç geçit ya da kenar sıradağların altındaki daha uzun olanı. Kalanı dört köşe gölcüğü ve dört kurgan taşı doldurur."
"Four camps on a dry Iberian hillside. No river runs here - the terraces are the map. Each camp looks out through a horned terrace wall with a gate at either horn, and the old press mound in the middle is high ground four worn tracks climb.","Kurak bir İberya yamacında dört kamp. Burada nehir akmaz - haritayı taraçalar oluşturur. Her kamp, iki ucunda birer kapı bulunan boynuzlu bir taraça duvarından dışarı bakar ve ortadaki eski cendere höyüğü, dört aşınmış patikanın tırmandığı yüksek zemindir."
"Frostmere Basin","Buzlugöl Çanağı"
"Iron Sepulcher Watch","Demir Kabir Nöbeti"
"Pinewater Cut","Çampınar Kesimi"
"Sallow Ford","Solgun Geçit"
"Six camps in a banded rock desert. Three races cross at the middle and cut the ground into six wedges, so every neighbour is two crossings away: one under the junction knaps, one out at the rim stacks. A mesa lies across each wedge, and the lane past it is where the sector is won.","Katmanlı kayalık bir çölde altı kamp. Üç dere ortada kesişir ve zemini altı dilime böler, böylece her komşu iki geçit uzağındadır: biri kavşak çakıllarının altında, biri kenar yığınlarının dışında. Her dilimin karşısında bir mesa uzanır ve bölge, onun yanındaki koridorda kazanılır."
"Small authored scenario that demonstrates ruins, a shrine, and undead awakening zones.","Harabeleri, bir mabedi ve ölülerin uyanış bölgelerini gösteren küçük, elle yazılmış senaryo."
"Sunbaked Terraces","Güneş Kavurmuş Taraçalar"
"The Two Fords","İki Geçit"
"Three camps a side along one broad channel. The Amber runs the whole map and only three ferry crossings span it, so a bank is a front line: the highway behind each bank links its three camps, and every attack has to buy a bridge first.","Tek geniş bir kanal boyunca her tarafta üç kamp. Kehribar haritanın tamamı boyunca akar ve onu yalnızca üç sal geçidi aşar, bu yüzden bir kıyı cephe hattıdır: her kıyının gerisindeki ana yol o kıyının üç kampını birbirine bağlar ve her saldırı önce bir köprü satın almak zorundadır."
"Training Meadow","Talim Çayırı"
"Crossing the Rhone","Rhône Geçişi"
"CPU %1","CPU %1"
"This battlefield has fewer than two slots to observe","Bu savaş alanında izlenecek ikiden az yuva var"
"Campaign manager not initialized","Sefer yöneticisi hazırlanmadı"
"Failed to load mission","Görev yüklenemedi"
"Failed to load mission preview: %1","Görev önizlemesi yüklenemedi: %1"
"Rhône","Rhône"
"The Alps","Alpler"
"N. Italy","K. İtalya"
"Trasimene","Trasimene"
"Cannae","Cannae"
"Campania","Campania"
"S. Italy","G. İtalya"
"Zama","Zama"
"Mission Region","Görev Bölgesi"
"Rome","Roma"
"Carthage","Kartaca"
"Neutral","Tarafsız"
"Loading map…","Harita yükleniyor…"
"Tilt -","Eğim -"
"Tilt +","Eğim +"
"Reset view","Görüşü sıfırla"
"Control:","Denetim:"
"Legend","Açıklama"
"Arrows pan  ·  Drag to rotate  ·  Scroll or +/- to zoom  ·  Home resets","Oklar kaydırır  ·  Döndürmek için sürükle  ·  Yakınlaştırmak için tekerlek ya da +/-  ·  Home sıfırlar"
"FINAL MINUTE","SON DAKİKA"
"CLOSING WINDOW","PENCERE KAPANIYOR"
"MISSION CLOCK","GÖREV SAATİ"
"Time left: %1","Kalan süre: %1"
"TIME LEFT","KALAN SÜRE"
"Suffete Command","Sufet Komutası"
"Consular Command","Konsül Komutası"
"Carthaginian High Command","Kartaca Başkomutanlığı"
"Roman High Command","Roma Başkomutanlığı"
"its shortcut","kısayolu"
"Apulian river plain","Apulia nehir ovası"
"Campanian plain","Campania ovası"
"Lakeside hill country","Göl kıyısı tepelik arazi"
"Mountain","Dağ"
"North African plain","Kuzey Afrika ovası"
"Po valley river plain","Po vadisi nehir ovası"
"River valley","Nehir vadisi"
"Winter river plain","Kış nehir ovası"
"Unknown","Bilinmiyor"
"Sealed","Mühürlü"
"In Progress","Sürüyor"
"Rewards: Sealed until prior victories","Ödüller: Önceki zaferlere kadar mühürlü"
"Rewards: Laurels Inscribed • Veteran Honors Claimed","Ödüller: Defne Yazıtı • Kıdemli Onurları Alındı"
"Rewards: Bronze Standard • Veteran Cohort","Ödüller: Tunç Sancak • Kıdemli Kohort"
"Dispatch:","Emir:"
"Campaign Objectives (complete all):","Sefer Hedefleri (hepsini tamamla):"
"Campaign Objectives (complete any):","Sefer Hedefleri (herhangi birini tamamla):"
"Campaign Objectives:","Sefer Hedefleri:"
"Complete mission objective","Görev hedefini tamamla"
"Optional:","İsteğe bağlı:"
"Complete optional objective","İsteğe bağlı hedefi tamamla"
"Failure:","Başarısızlık:"
"Avoid mission failure","Görev başarısızlığından kaçın"
"• Complete the mission successfully","• Görevi başarıyla tamamla"
"Army Composition:","Ordu Bileşimi:"
"Historical Ledger:","Tarihsel Kayıt:"
"Casualties Forecast:","Kayıp Öngörüsü:"
"Tactical Rating:","Taktik Değerlendirme:"
"Campaign Success:","Sefer Başarısı:"
"Opposition Command","Karşı Komuta"
"Field Command Pending","Sahra Komutası Bekleniyor"
"No named commander assigned to this force.","Bu kuvvete adlandırılmış bir komutan atanmadı."
"Orders sealed until prior victories are secured.","Emirler, önceki zaferler güvenceye alınana kadar mühürlü."
"Victory recorded. You may replay this engagement at will.","Zafer kaydedildi. Bu çarpışmayı dilediğin zaman yeniden oynayabilirsin."
"Orders issued. Deploy when ready.","Emirler verildi. Hazır olduğunda yerleş."
"Battle tempo: the speed buttons sit on the top bar beside pause, from %1 up to %2. Press %3 or %4 to change speed without leaving the field.","Savaş temposu: hız düğmeleri üst çubukta duraklatmanın yanında durur, %1'den %2'ye kadar. Meydandan ayrılmadan hızı değiştirmek için %3 ya da %4 tuşuna bas."
"Replay Mission","Görevi Yeniden Oyna"
"Start Mission","Görevi Başlat"
"Complete previous missions to unlock","Kilidi açmak için önceki görevleri tamamla"
"Locked","Kilitli"
"✓ Completed","✓ Tamamlandı"
"✓ Archived","✓ Arşivlendi"
"Sealed","Mühürlü"
"Open Order","Emri Aç"
"Difficulty:","Zorluk:"
"Player %1","Oyuncu %1"
"AI Player %1","YZ Oyuncusu %1"
"east","doğu"
"west","batı"
"south","güney"
"north","kuzey"
"southeast","güneydoğu"
"northeast","kuzeydoğu"
"southwest","güneybatı"
"northwest","kuzeybatı"
"Enemy","Düşman"
"Wave %1/%2 forming to the %3: %4, roughly %5 troops. Brace.","%3 yönünde %1/%2 dalgası toplanıyor: %4, kabaca %5 birlik. Hazır ol."
"Wave %1/%2 broken. The line holds.","%1/%2 dalgası kırıldı. Hat tutuyor."
"All %1 assault phases broken. Nothing else is coming.","%1 taarruz evresinin hepsi kırıldı. Başka bir şey gelmiyor."
"AI Wave %1","YZ Dalgası %1"
"Assault phase %1/%2: %3 from the %4 (%5 units)","Taarruz evresi %1/%2: %4 yönünden %3 (%5 birim)"
"The assault is broken. Nothing else is coming.","Saldırı kırıldı. Başka bir şey gelmiyor."
"202 BC: Scipio arranged lanes through his infantry to blunt Hannibal's elephants, while Masinissa and Laelius commanded superior allied cavalry. The returning cavalry helped decide the battle. The Sepulcher intervention is the campaign's deliberate dark-fantasy break from history.","MÖ 202: Scipio, Hannibal'ın fillerini etkisizleştirmek için piyadesinin arasında koridorlar açtı; Masinissa ile Laelius ise üstün müttefik süvarisini yönetti. Geri dönen süvari savaşın kaderini belirledi. Kabir'in müdahalesi, seferin tarihten bilinçli olarak kopan kara fantezi hamlesidir."
"215-212 BC: Hannibal campaigned across Campania while Capua served as his principal Italian ally and winter base. This dark-fantasy composite condenses several Roman attempts to contain and isolate the Carthaginian army.","MÖ 215-212: Capua onun başlıca İtalyan müttefiki ve kışlık üssü olarak iş görürken Hannibal Campania boyunca sefer yürüttü. Bu kara fantezi bileşimi, Roma'nın Kartaca ordusunu çevreleme ve yalıtma girişimlerinden birkaçını tek bir görevde yoğunlaştırır."
"216 BC: beside the Aufidus, Hannibal's deliberately yielding center drew a much larger Roman infantry mass forward while African infantry attacked its flanks and Carthaginian cavalry closed the rear. Two Roman camps supported the army.","MÖ 216: Aufidus kıyısında Hannibal'ın bilerek geri verdiği merkez, çok daha büyük bir Roma piyade kütlesini öne çekerken Afrikalı piyade kanatlarına saldırdı ve Kartaca süvarisi arkasını kapattı. Orduyu iki Roma kampı destekliyordu."
"217 BC: Hannibal drew Gaius Flaminius along the narrow northern shore of Lake Trasimene and attacked from concealed high ground in morning mist. The Roman marching column had little room to deploy and Flaminius was killed.","MÖ 217: Hannibal, Gaius Flaminius'u Trasimene Gölü'nün dar kuzey kıyısı boyunca çekti ve sabah sisinde gizlenmiş yüksek zeminden saldırdı. Roma yürüyüş kolunun yerleşecek yeri neredeyse yoktu ve Flaminius öldürüldü."
"218 BC: Hannibal crossed the Alps with a multinational army, cavalry, baggage train, and surviving elephants. Ancient sources disagree on the route; this scenario combines contested passes and local attacks into one dark-fantasy ascent.","MÖ 218: Hannibal Alpler'i çok uluslu bir orduyla, süvariyle, ağırlık katarıyla ve sağ kalan filleriyle aştı. Antik kaynaklar güzergâh konusunda anlaşamaz; bu senaryo çekişmeli geçitleri ve yerel saldırıları tek bir kara fantezi tırmanışında birleştirir."
"218 BC: Hannibal crossed the Rhône upstream from its mouth using boats, rafts, and a detached force sent across to turn local opposition. Scipio arrived too late; this altered history places Roman advance camps on the far-bank road to create the opening Carthage-versus-Rome engagement.","MÖ 218: Hannibal Rhône'u ağzından yukarıda kayıklar, sallar ve yerel direnci arkadan çevirmek için karşıya geçirilen ayrı bir kuvvetle aştı. Scipio çok geç geldi; bu değiştirilmiş tarih, açılış Kartaca-Roma çarpışmasını yaratmak için karşı kıyı yoluna Roma ileri kampları yerleştirir."
"218 BC: the Ticinus was primarily a cavalry engagement between reconnaissance forces. Roman consul Publius Cornelius Scipio was wounded and rescued during the retreat; the camp assault is a plausible dark-fantasy extension of that pursuit.","MÖ 218: Ticinus esas olarak keşif kuvvetleri arasında bir süvari çarpışmasıydı. Roma konsülü Publius Cornelius Scipio yaralandı ve çekilme sırasında kurtarıldı; kamp taarruzu bu takibin akla yatkın bir kara fantezi uzantısıdır."
"A broad river operation with ferries, wooded detours, bridgeheads, and fortified supply quarters; the Iron Sepulcher occupies an avoidable ruin on the southern flank.","Sallar, ormanlık dolambaçlar, köprübaşları ve tahkimli ikmal mahalleleriyle geniş bir nehir harekâtı; Demir Kabir güney kanadında kaçınılabilir bir harabeyi tutuyor."
"A camp is taken by holding its yard, not by levelling it.","Bir kamp, yerle bir edilerek değil, avlusu tutularak alınır."
"A camp is taken by standing in it, not by levelling it. Nine men cannot kill thirty-eight, but they can hold two gate yards long enough to claim them - and a Roman column without its commander stops being a column.","Bir kamp, yerle bir edilerek değil, içinde durularak alınır. Dokuz adam otuz sekizini öldüremez, ama iki kapı avlusunu sahiplenecek kadar tutabilir - ve komutansız bir Roma kolu artık kol olmaktan çıkar."
"A camp, and nobody left standing in it. Get up. There is no shame in it. The shame would be in doing it a second time in the same valley.","Bir kamp ve içinde ayakta kalan kimse yok. Kalk. Bunda utanılacak bir şey yok. Utanılacak olan, aynı vadide bunu ikinci kez yapmak olurdu."
"A column without its commander stops being a column.","Komutansız bir kol artık kol değildir."
"A commander alone cannot defend a city quarter.","Bir komutan tek başına bir şehir mahallesini savunamaz."
"A general alone on a dead field is just the last corpse standing.","Ölü bir meydanda yalnız kalan general, yalnızca ayakta duran son cesettir."
"A guided first field, paced by the player rather than the clock: the Roman raid waits until the recruit's army stands, and the enemy camp is small enough to fall to a first attack.","Saatle değil oyuncuyla ilerleyen, yol gösterilen bir ilk meydan: Roma baskını, acemi komutanın ordusu ayağa kalkana kadar bekler ve düşman kampı ilk saldırıda düşecek kadar küçüktür."
"A nation stands on its commander. Kill him and the camps go quiet and unclaimed - which, against a twenty-minute clock, is the only version of this battle that finishes in time.","Bir ulus komutanının üstünde durur. Onu öldür, kamplar sessizleşir ve sahipsiz kalır - yirmi dakikalık bir saate karşı bu savaşın zamanında biten tek sürümü de budur."
"A new standard in the valley, and nobody under it who has held a spear more than twice. My outpost has orders to go and look at you. Try to still be standing when they arrive; it makes the report worth writing.","Vadide yeni bir sancak ve altında elinde iki kereden fazla mızrak tutmuş kimse yok. Karakolumun sizi görmeye gitme emri var. Vardıklarında hâlâ ayakta olmaya çalışın; raporu yazmaya değsin."
"ASSAULT I: infantry from north and south; cavalry raiders and engineers on the eastern consular road.","TAARRUZ I: kuzeyden ve güneyden piyade; doğudaki konsül yolunda süvari akıncıları ve istihkâmcılar."
"ASSAULT II: the Roman horns answer one another. Rotate the reserve before all three roads close.","TAARRUZ II: Roma boynuzları birbirine karşılık veriyor. Üç yol da kapanmadan yedeği döndür."
"ASSAULT III: siege engines and veteran cohorts. Hold every gate until the twentieth minute.","TAARRUZ III: kuşatma makineleri ve kıdemli kohortlar. Yirminci dakikaya kadar her kapıyı tut."
"Africa, then, and the two of us, and no river to stand behind. I have the measure of your elephants and I have your Numidians. Whatever you mean to do, do it where I can see it. I have waited sixteen years to stand in the same field as you.","Demek Afrika, ikimiz ve arkasına sığınacak bir nehir yok. Fillerinin ölçüsünü aldım ve Numidyalıların bende. Ne yapmayı düşünüyorsan, görebileceğim bir yerde yap. Seninle aynı meydanda durmayı on altı yıldır bekliyorum."
"After Cannae, Rome refuses the battle Hannibal wants. The Republic instead presses every road, ally, granary, and walled town. Beneath the orchards, Iron Sepulcher graves make even a successful defense feel temporary.","Cannae'den sonra Roma, Hannibal'ın istediği savaşı reddeder. Cumhuriyet bunun yerine her yola, müttefike, tahıl ambarına ve surlu kasabaya yüklenir. Meyve bahçelerinin altında Demir Kabir mezarları, başarılı bir savunmayı bile geçici hissettirir."
"An assault walks toward your camp but turns for whatever it can see. Bait it with something visible and it will take the ground you chose instead of the ground it wanted.","Bir taarruz kampına doğru yürür ama görebildiği her şeye döner. Görünür bir şeyle yemle, istediği zemini değil senin seçtiğin zemini alacaktır."
"Another Roman wave is flanking from the southeast. Rotate quickly.","Bir başka Roma dalgası güneydoğudan kanat yapıyor. Hızla döndür."
"Battle of Cannae","Cannae Muharebesi"
"Battle of Lake Trasimene","Trasimene Gölü Muharebesi"
"Battle of Ticino","Ticino Muharebesi"
"Battle of Trebia","Trebia Muharebesi"
"Battle of Zama","Zama Muharebesi"
"Between assaults, seize the eastern Roman siege camp.","Taarruzlar arasında doğudaki Roma kuşatma kampını ele geçir."
"Break all five columns. The ford is held when the last of them is dead in front of it, and not one column sooner.","Beş kolu da kır. Geçit, sonuncusu da önünde ölü yattığında tutulmuş olur, bir kol öncesinde değil."
"Break all three Roman assault phases. The quarter holds when the last consular column is dead in the streets.","Üç Roma taarruz evresini de kır. Mahalle, son konsül kolu sokaklarda öldüğünde tutulmuş olur."
"Break both Iron Sepulcher attacks. At Zama, the dead no longer remain outside the battle.","Demir Kabir'in iki saldırısını da kır. Zama'da ölüler artık savaşın dışında kalmıyor."
"Break the chiefs contesting the descent.","İnişe itiraz eden reisleri kır."
"Break the consular line at its centre.","Konsül hattını merkezinden kır."
"Break the siege camp once the assaults are spent.","Taarruzlar tükendiğinde kuşatma kampını kır."
"Break the three assault phases","Üç taarruz evresini kır"
"Break the three crossings","Üç geçidi kır"
"Break three Roman columns before the survivors find the ford again.","Sağ kalanlar geçidi yeniden bulmadan üç Roma kolunu kır."
"Bring the column to the first pass","Kolu ilk geçide ulaştır"
"Bring the column to the pontoon bridge on the near bank.","Kolu yakın kıyıdaki dubalı köprüye ulaştır."
"Burn every cursed guardian from the sepulcher ruins. Kill what cannot die.","Kabir harabelerindeki lanetli bekçilerin hepsini yak. Ölemeyeni öldür."
"Cavalry reaches it first; hold the yard until the standard changes.","Oraya önce süvari varır; sancak değişene kadar avluyu tut."
"Clear the pass before the mountain closes it. Every hour lost is more men fed to the cold.","Dağ geçidi kapatmadan önce onu temizle. Yitirilen her saat soğuğa verilen birkaç adam demektir."
"Close the encirclement on the Aufidus camp to the north.","Kuzeydeki Aufidus kampında kuşatmayı kapat."
"Close the trap on the column town","Kol kasabasında tuzağı kapat"
"Cold water and an early start, and my colleague is very pleased with both. He has the men in the river before their porridge. I said what I thought and was overruled, so I shall stand here and watch your ambush do its arithmetic.","Soğuk su ve erken bir başlangıç; meslektaşım ikisinden de pek memnun. Adamları çorbalarını içmeden nehre soktu. Düşündüğümü söyledim ama dinlenmedim, bu yüzden burada durup pusunun hesabını yapmasını izleyeceğim."
"Counterattack now. Break them while they are split by the river.","Şimdi karşı saldırıya geç. Nehir onları bölmüşken kır."
"Cross before the Roman runners reach their garrison. Every second spent waiting feeds the blade.","Roma ulakları garnizonlarına ulaşmadan geç. Beklemeyle geçen her saniye kılıcı besler."
"Cross the Rhône by one of several prepared routes, sever the eastern supply road, and capture two Roman advance camps before Scipio reaches the river.","Rhône'u hazırlanmış birkaç güzergâhtan biriyle aş, doğudaki ikmal yolunu kes ve Scipio nehre varmadan iki Roma ileri kampını ele geçir."
"Crossing the Alps","Alpler'i Geçiş"
"Crossing the Rhône","Rhône'u Geçiş"
"Crush all three Roman camps and seal the iron tomb shut. No escape.","Üç Roma kampını da ez ve demir mezarı mühürle. Kaçış yok."
"Crush both Roman breakout columns before they claw through the hillside.","İki Roma yarma kolunu da yamacı tırmalayarak geçmeden ez."
"Cut the stores for the road","Yol için erzağı kes"
"Cut timber for the sledges, break stone for the road, and draw iron for the shoes and axles. The column crosses on what your builders can carry.","Kızaklar için kereste kes, yol için taş kır ve nal ile dingiller için demir çıkar. Kol, inşaatçılarının taşıyabildiğiyle geçer."
"December 218 BC: Hannibal provoked Tiberius Sempronius Longus into crossing the cold Trebia before breakfast. Carthaginian infantry, cavalry, elephants, and Mago's hidden detachment struck the exhausted Roman army from front, flanks, and rear.","MÖ 218 Aralık: Hannibal, Tiberius Sempronius Longus'u kahvaltıdan önce soğuk Trebia'yı geçmeye kışkırttı. Kartaca piyadesi, süvarisi, filleri ve Mago'nun gizli müfrezesi bitkin Roma ordusuna cepheden, kanatlardan ve arkadan vurdu."
"Defend Hannibal's fortified Campanian supply town and break all three coordinated Roman assaults arriving from separate consular roads.","Hannibal'ın tahkimli Campania ikmal kasabasını savun ve ayrı konsül yollarından gelen üç eşgüdümlü Roma taarruzunu da kır."
"Drive the dead from the shrine. Salt the earth where they stood.","Ölüleri mabetten sür. Durdukları toprağa tuz ek."
"Eighty thousand. I would rather you heard the number than saw it, because seeing it takes most of a morning. Varro has the command today, and Varro believes in going forward. Stand wherever you like.","Seksen bin. Bu sayıyı görmeden duymanı yeğlerim, çünkü görmek neredeyse bütün bir sabah alıyor. Bugün komuta Varro'da ve Varro ileri gitmeye inanır. Nerede istersen orada dur."
"End the war with the men who lead it.","Savaşı, onu yönetenlerle birlikte bitir."
"Endure both waves from the depths. Do not flinch when the ground tears open.","Derinlerden gelen iki dalgaya da dayan. Toprak yarıldığında irkilme."
"Enemy camps fall neutral once their commander is dead.","Düşman kampları komutanları öldüğünde tarafsız kalır."
"Every soldier lost is counted by the enemy tonight.","Yitirilen her asker bu gece düşman tarafından sayılıyor."
"Every system a first match asks for, in the order a new commander meets them: selection and orders, the resource loop from tree to yard, construction cost and placement, recruitment and the population that limits it, stances, the commander's aura and rally, camera, speed and objectives - then one small assault to put it all together.","Bir ilk maçın istediği her sistem, yeni bir komutanın onlarla karşılaştığı sırayla: seçim ve emirler, ağaçtan avluya kaynak döngüsü, inşa bedeli ve yerleştirme, devşirme ve onu sınırlayan nüfus, duruşlar, komutanın aurası ve toplanması, kamera, hız ve hedefler - sonra hepsini birleştiren küçük bir taarruz."
"Execute the encirclement, then seize all three Roman camps before their reserves can restore the line.","Kuşatmayı uygula, sonra yedekleri hattı onaramadan üç Roma kampını da ele geçir."
"Field Training","Sahra Talimi"
"Fifteen thousand in the shallows, and the augurs will say the sacred chickens warned us. Kill a consul and Rome elects another by market day. That is the trick of us: we are not a man.","Sığlıkta on beş bin ve kâhinler kutsal tavukların bizi uyardığını söyleyecek. Bir konsül öldür, Roma pazar gününe kalmadan bir yenisini seçer. Bizim hilemiz budur: biz bir adam değiliz."
"Final battle in Africa: blunt Scipio's line, survive the Numidian cavalry, and seize all four Roman camps while breaking both risings of the dead.","Afrika'daki son savaş: Scipio'nun hattını körelt, Numidya süvarisine dayan ve ölülerin iki kalkışını da kırarken dört Roma kampını da ele geçir."
"Final ridge ahead. Break the last camp to open the descent.","İleride son sırt. İnişi açmak için son kampı kır."
"Fine. Sempronius rides to Rome to explain his morning. Half a legion walked out of that water and kept walking, and they will meet you again in the spring with dry feet and long memories.","Pekâlâ. Sempronius sabahını açıklamak için Roma'ya at sürüyor. O sudan yarım lejyon çıkıp yürümeye devam etti ve ilkbaharda kuru ayaklar ve uzun bir hafızayla seninle yeniden karşılaşacaklar."
"Finish the consular officers on the field.","Meydandaki konsül subaylarını bitir."
"Finish the officers inside the ring.","Halkanın içindeki subayları bitir."
"First battle on Italian soil. Win the cavalry duel, then seize the Roman reserve camp before fresh reinforcements regroup.","İtalyan toprağındaki ilk savaş. Süvari düellosunu kazan, sonra taze takviyeler toparlanmadan Roma yedek kampını ele geçir."
"Five columns and the ford still ours. Count the men twice and do not write the number down until morning; it is always worse in the dark and always worse again in daylight.","Beş kol ve geçit hâlâ bizim. Adamları iki kez say ve sayıyı sabaha kadar yazma; karanlıkta hep daha kötüdür, gün ışığında ise yine daha kötü."
"Fix the Roman center in place. Keep both cavalry wings active.","Roma merkezini yerine çivile. İki süvari kanadını da etkin tut."
"Flaminius must not leave the shore.","Flaminius kıyıdan ayrılmamalı."
"Follow the valley floor east; the mountain peoples hold the switchbacks above.","Vadi tabanını doğuya izle; dağ halkları yukarıdaki virajları tutuyor."
"Grave-lights move among the western orchards. The Iron Sepulcher is watching, but the legions remain the greater danger.","Batıdaki meyve bahçelerinde mezar ışıkları geziyor. Demir Kabir izliyor, ama lejyonlar hâlâ daha büyük tehlike."
"Hannibal falls, and the allied towns abandon the field.","Hannibal düşer ve müttefik kasabalar meydanı terk eder."
"Hannibal's first Italian victory is a test of tempo and cavalry control. Ford-shades complicate the flanks but do not replace the Roman enemy.","Hannibal'ın İtalya'daki ilk zaferi, tempo ve süvari denetimi sınavıdır. Geçit gölgeleri kanatları zorlaştırır ama Roma düşmanının yerini almaz."
"Hannibal's masterpiece becomes a prolonged operational battle, not a single frontal collision.","Hannibal'ın başyapıtı, tek bir cepheden çarpışma değil, uzun süreli bir harekât savaşına dönüşür."
"High ground doubles a bowman and hardens him against what shoots back. The ridge over the Roman camp is worth more than the extra squadron you would have spent the same minutes recruiting.","Yüksek zemin bir okçuyu ikiye katlar ve karşılık verene karşı onu sertleştirir. Roma kampına bakan sırt, aynı dakikalarda devşirebileceğin fazladan bölükten daha değerlidir."
"Hold discipline. Let the Romans commit at the ford.","Disiplini koru. Bırak Romalılar geçitte kendilerini adasın."
"Hold the Punic quarter through every consular column.","Pön mahallesini her konsül koluna karşı tut."
"Hold the Sallow Ford","Solgun Geçidi Tut"
"Hold the field, then. My horse is dead, my son is dragging me off it by the arm, and I find I can still count. You have won a ford. Italy is nine hundred miles long.","Öyleyse meydanı tut. Atım öldü, oğlum beni kolumdan çekip çıkarıyor ve hâlâ sayabildiğimi görüyorum. Bir geçit kazandın. İtalya dokuz yüz mil uzunluğunda."
"Hold the gate yard of Scipio's forward town.","Scipio'nun ileri kasabasının kapı avlusunu tut."
"Hold the river line and break all three Roman crossings. Let the cold and the water do the work Sempronius will not.","Nehir hattını tut ve üç Roma geçidini de kır. Sempronius'un yapmayacağı işi soğuk ve su yapsın."
"Hold the ruins. Force the Romans to fight on two grounds at once.","Harabeleri tut. Romalıları aynı anda iki zeminde çarpışmaya zorla."
"Hold the southern bank through all three crossings. Sempronius spends his army on the ice; you have only to still be standing.","Güney kıyısını üç geçiş boyunca tut. Sempronius ordusunu buzda harcıyor; senin tek yapman gereken hâlâ ayakta olmak."
"Hold the southern bank through every Roman assault phase.","Güney kıyısını her Roma taarruz evresi boyunca tut."
"If the central camp falls, the Campanian alliance dies with it.","Merkez kamp düşerse Campania ittifakı onunla birlikte ölür."
"Iron Sepulcher Watch","Demir Kabir Nöbeti"
"Iron bells answer beneath the south-western crossing. The Sepulcher is advancing on Carthage as well as Rome.","Güneybatı geçidinin altından demir çanlar karşılık veriyor. Kabir yalnızca Roma'ya değil Kartaca'ya da ilerliyor."
"It is finished. Carthage will have terms, and the terms will be her fleet burned in her own harbour where she can watch it. You were the better general. It has not turned out to matter.","Bitti. Kartaca şartları alacak ve şartlar, donanmasının kendi limanında, izleyebileceği bir yerde yakılması olacak. Daha iyi general sendin. Bunun bir önemi kalmadı."
"It is the closest camp to your hill; take it before the wings close.","Tepenle arasındaki en yakın kamp; kanatlar kapanmadan al."
"It is the closest of the four camps to your line.","Dört kamptan hattına en yakın olanı."
"Keep Capua, then. I shall come back after the harvest, and after the one following it. I have buried three consuls who were in a hurry. Patience is cheaper, and it does not require a triumph.","Öyleyse Capua sende kalsın. Hasattan sonra döneceğim, ondan sonraki hasattan sonra da. Acelesi olan üç konsül gömdüm. Sabır daha ucuzdur ve zafer alayı gerektirmez."
"Keep both towers standing. Lose one and the lane it watches is yours to walk yourself.","İki kuleyi de ayakta tut. Birini yitirirsen gözettiği koridoru kendin yürümek zorunda kalırsın."
"Kill Sempronius and his officers","Sempronius'u ve subaylarını öldür"
"Kill every enemy commander. A nation dies with the man who leads it: its camps fall neutral, its works come down and its troops leave the field.","Her düşman komutanını öldür. Bir ulus, kendisini yöneten adamla birlikte ölür: kampları tarafsızlaşır, yapıları yıkılır ve birlikleri meydanı terk eder."
"Kill the Roman commander and take the outpost. A nation dies with the man who leads it.","Roma komutanını öldür ve karakolu al. Bir ulus, kendisini yöneten adamla birlikte ölür."
"Kill the Roman commanders","Roma komutanlarını öldür"
"Kill the consular commanders","Konsül komutanlarını öldür"
"Kill the mountain commanders","Dağ komutanlarını öldür"
"Learn to command before Rome comes looking for you: select and move troops, drive off a scouting party, put builders to work on timber, stone and ore, raise a Home, recruit an army, break a Roman raid, and take the enemy camp.","Roma seni aramaya gelmeden komuta etmeyi öğren: birlikleri seç ve hareket ettir, bir keşif kolunu püskürt, inşaatçıları kereste, taş ve cevhere koş, bir Ev yükselt, bir ordu devşir, bir Roma baskınını kır ve düşman kampını al."
"Levy filled. Stack it by the road and let the carts argue about it. We cut a wood down to feed a siege that has not started yet — remember that the next time somebody calls this the quiet posting.","Levha tamamlandı. Yolun kenarına yığ, bırak arabalar tartışsın. Daha başlamamış bir kuşatmayı beslemek için bir ormanı kestik — biri buraya sakin görev dediğinde bunu hatırla."
"Lose the redoubt and there is nothing behind it for forty miles.","Tabyayı yitirirsen arkasında kırk mil boyunca hiçbir şey yok."
"Lose the river camp and the cold takes what the Romans couldn't.","Nehir kampını yitirirsen Romalıların alamadığını soğuk alır."
"Lose the supply camp and the army starves before it reaches the snow line.","İkmal kampını yitirirsen ordu kar hattına varmadan açlıktan kırılır."
"Lose your camp and the tempo dies with it.","Kampını yitirirsen tempo da onunla ölür."
"Masinissa's Numidian horse is entering from the north-eastern road.","Masinissa'nın Numidya atlıları kuzeydoğu yolundan giriyor."
"Mist on a lake road. Flaminius holds that a column moves faster than an ambush can close, and he is a consul, so he must be right. Do enjoy the next hour. I shall be the one writing the account of it.","Göl yolunda sis. Flaminius bir kolun, bir pusunun kapanabileceğinden daha hızlı ilerlediğini savunuyor ve o bir konsül, demek ki haklı olmalı. Önümüzdeki saatin tadını çıkar. Hesabını yazan ben olacağım."
"Move the army up to the lower pass camp before the snow closes it.","Kar kapatmadan orduyu alt geçit kampına çıkar."
"Navigate through the maze of hills and valleys. Watch for enemy patrols!","Tepeler ve vadiler labirentinde yol bul. Düşman devriyelerine dikkat et!"
"No living formation remains to hold the gates.","Kapıları tutacak canlı bir düzen kalmadı."
"Nothing new is taught here. The ridge, the bait and the beheading are all things you already know; Cannae only asks whether you can run three of them at once against four times your number.","Burada yeni bir şey öğretilmiyor. Sırt, yem ve başı kesmek zaten bildiğin şeyler; Cannae yalnızca üçünü aynı anda, kendi sayının dört katına karşı çevirebilir misin diye soruyor."
"Nothing on the shore road survives once both ends are held.","İki uç da tutulduğunda kıyı yolunda hiçbir şey sağ kalmaz."
"One minute. Spend the reserve; save the camp.","Bir dakika. Yedeği harca; kampı kurtar."
"One officer, no line. The next column will not even slow down.","Tek bir subay, hat yok. Sıradaki kol yavaşlamayacak bile."
"One redoubt, two mouths, five columns. Break every assault that comes down the cart gate and the goat path, and still be standing when the fifth is spent.","Bir tabya, iki ağız, beş kol. Araba kapısından ve keçi yolundan inen her taarruzu kır ve beşincisi tükendiğinde hâlâ ayakta ol."
"Overcut the levy. A surplus is the only thing a quartermaster has ever thanked anyone for.","Levhayı fazlasıyla kes. Bir levazımcının bugüne dek birine teşekkür ettiği tek şey fazlalıktır."
"Preserve the market and four homes: Campania is being defended for its people and supplies, not merely its walls.","Pazarı ve dört evi koru: Campania yalnızca surları için değil, halkı ve erzağı için savunuluyor."
"Provision the column for the descent: harvest timber, stone and iron from the pass while the mountain tribes contest every switchback.","Kolu iniş için donat: dağ kabileleri her viraja itiraz ederken geçitten kereste, taş ve demir topla."
"Raze every Roman post. Leave Scipio nothing to rally behind.","Her Roma karakolunu yerle bir et. Scipio'ya arkasında toplanacak hiçbir şey bırakma."
"Reach the Rhone crossing","Rhône geçidine ulaş"
"Rear guard deployment detected across the southern wadi. This is the final phase.","Güneydeki kuru dere boyunca artçı yerleşimi saptandı. Bu son evre."
"Ride down the commanders once the crossings break.","Geçitler kırıldığında komutanları atla ez."
"Roman cavalry is attempting a breakout from the south. Intercept them.","Roma süvarisi güneyden bir yarma deniyor. Onları karşıla."
"Roman cavalry screens the field. Punch through before reserves arrive.","Roma süvarisi meydanı perdeliyor. Yedekler gelmeden yar."
"Roman cavalry waves intensify. Collapse one flank before the rear guard arrives.","Roma süvari dalgaları yoğunlaşıyor. Artçı gelmeden bir kanadı çökert."
"Roman reinforcements are approaching from the eastern road.","Roma takviyeleri doğu yolundan yaklaşıyor."
"Roman reserves are entering from the northern camp. Close the pocket faster.","Roma yedekleri kuzey kampından giriyor. Cebi daha hızlı kapat."
"Roman reserves are moving from the western bank.","Roma yedekleri batı kıyısından geliyor."
"Scipio extends the line. Keep your center steady and protect elephants from isolation.","Scipio hattı genişletiyor. Merkezini sağlam tut ve fillerin yalnız kalmasını önle."
"Scipio inherits any crossing you leave behind.","Arkanda bıraktığın her geçit Scipio'ya kalır."
"Seal the road. Let no scout cross the Ticino alive.","Yolu mühürle. Hiçbir izci Ticino'yu sağ geçmesin."
"Second pass defenders are reinforcing. Keep the column moving.","İkinci geçit savunucuları takviye alıyor. Kolu yürütmeyi sürdür."
"Second-wave Roman cavalry is maneuvering for your rear. Rebalance your flanks.","İkinci dalga Roma süvarisi arkana manevra yapıyor. Kanatlarını yeniden dengele."
"Seize Masinissa's camp to finish the four.","Dördü tamamlamak için Masinissa'nın kampını ele geçir."
"Seize Varro's town at the centre of the Roman line.","Roma hattının merkezindeki Varro'nun kasabasını ele geçir."
"Seize all four Roman camps — the consular line, Masinissa's Numidians, the rear guard, and the northern camp — before the cavalry closes your rear.","Süvari arkanı kapatmadan dört Roma kampını da — konsül hattı, Masinissa'nın Numidyalıları, artçı ve kuzey kampı — ele geçir."
"Seize both Roman camps. The ambush is not finished until their flags come down.","İki Roma kampını da ele geçir. Pusu, sancakları inmeden bitmiş olmaz."
"Seize the Roman hill fort","Roma tepe kalesini ele geçir"
"Seize the camp guarding Scipio's rear.","Scipio'nun arkasını koruyan kampı ele geçir."
"Seize the river town","Nehir kasabasını ele geçir"
"Seize the second Roman camp on the north-east road.","Kuzeydoğu yolundaki ikinci Roma kampını ele geçir."
"Seize the second camp at the eastern end of the lake.","Gölün doğu ucundaki ikinci kampı ele geçir."
"Seize the two river forts. Leave no crossing for Scipio's army to inherit.","İki nehir kalesini de ele geçir. Scipio'nun ordusuna miras kalacak hiçbir geçit bırakma."
"Sempronius spends his army on the ice; you only have to still be standing.","Sempronius ordusunu buzda harcıyor; senin tek yapman gereken hâlâ ayakta olmak."
"Set builders on the slopes; the pass is paid for in materials, not blood.","İnşaatçıları yamaçlara koş; geçidin bedeli kanla değil malzemeyle ödenir."
"Sixty men and a shrine the local people will not walk past after dark. My orders say investigate. I would sooner burn it and write that we investigated, but the Senate reads.","Altmış adam ve yerlilerin karanlıktan sonra yanından geçmediği bir mabet. Emrim araştırmak diyor. Onu yakıp araştırdık diye yazmayı yeğlerdim, ama Senato okuyor."
"So the centre gave and the wings did not. That was well done, and I say so, and I was inside it. Rome has lost an army and a ring for every knight in it. Rome has not yet lost anything that matters.","Demek merkez verdi, kanatlar vermedi. İyi yapılmıştı, bunu söylüyorum ve içindeydim. Roma bir ordu ve içindeki her şövalye için bir yüzük yitirdi. Roma henüz önemli olan bir şey yitirmedi."
"So you came down the far side. Fewer, and on foot, and I am told you left the baggage up in the snow along with the men who were carrying it. Italy is waiting. Italy is not empty.","Demek öbür yamaçtan indin. Daha az sayıda, yaya ve duyduğuma göre ağırlıkları, onları taşıyan adamlarla birlikte karda bırakmışsın. İtalya bekliyor. İtalya boş değil."
"So you have come down out of the rocks after all. Fewer than the count they gave me, and greyer. Well. The Ticinus is shallow, the ground beyond it is ours, and I have a great deal of time in which to be wrong about you.","Demek sonunda kayalardan indin. Bana verilen sayıdan az ve daha kır saçlı. Peki. Ticinus sığ, ötesindeki toprak bizim ve senin hakkında yanılmak için bir hayli zamanım var."
"So. The Barcid crawls down to the Rhone. Cross where you like - the river is not particular about whose bones it keeps, and Rome has a great deal of patience and a very great many shovels. My surveyors are already pacing out your grave. They tell me the ground here drinks well.","Demek. Barka, Rhône'a doğru sürünüyor. İstediğin yerden geç - nehir kimin kemiklerini tuttuğuna aldırmaz ve Roma'nın bir hayli sabrı ve pek çok küreği vardır. Ölçücülerim şimdiden mezarını adımlıyor. Buranın toprağı iyi içermiş, diyorlar."
"Spring the ambush and capture both Roman field camps within twenty minutes, before the mist lifts and a cohort escapes the basin.","Pusuyu kur ve sis kalkıp bir kohort havzadan kaçmadan yirmi dakika içinde iki Roma sahra kampını da ele geçir."
"Stand in the gate yard of the northern advance camp until it falls to Carthage.","Kuzeydeki ileri kampın kapı avlusunda, orası Kartaca'ya düşene kadar dur."
"Stand your ground. The last soldier alone is not a force — he is a sacrifice.","Yerinde dur. Tek başına kalan son asker bir kuvvet değildir — bir kurbandır."
"Strike now. Close the western route and split their line.","Şimdi vur. Batı güzergâhını kapat ve hatlarını böl."
"Supply is a target - and it cuts both ways. Your market and your homes are what the Romans are actually marching at, and their siege camp keeps its own stockpile within reach of a raid.","İkmal bir hedeftir - ve bu iki taraf için de geçerlidir. Romalıların aslında üzerine yürüdüğü şey senin pazarın ve evlerin; onların kuşatma kampı da kendi deposunu bir baskının erişebileceği yerde tutuyor."
"Take Scipio's town","Scipio'nun kasabasını al"
"Take the Numidian camp","Numidya kampını al"
"Take the Roman marching town at the head of the lakeside road.","Göl kıyısı yolunun başındaki Roma yürüyüş kasabasını al."
"Take the allied camp","Müttefik kampı al"
"Take the bridge camp and the eastern reserve quarter before the Roman scouts vanish into the fog.","Roma izcileri sise karışmadan köprü kampını ve doğudaki yedek mahalleyi al."
"Take the consular town","Konsül kasabasını al"
"Take the crossings, then. Take the whole cold length of the road north and every stone laid on it. Rome does not lose provinces - she lends them, at interest, and I am told the collectors on this road wear no faces at all.","Öyleyse geçitleri al. Kuzeye giden yolun bütün soğuk uzunluğunu ve üzerine döşenmiş her taşı al. Roma eyalet yitirmez - onları faizle ödünç verir ve duyduğuma göre bu yoldaki tahsildarların hiç yüzü yokmuş."
"Take the cursed shrine above the sepulcher ruins and hold what you take: clear the guardians out of the ruins, then drive the dead off the shrine itself.","Kabir harabelerinin üstündeki lanetli mabedi al ve aldığını tut: bekçileri harabelerden temizle, sonra ölüleri mabedin kendisinden sür."
"Take the first pass quickly before the next ambush line assembles.","Bir sonraki pusu hattı toplanmadan ilk geçidi hızla al."
"Take the northern camp","Kuzey kampını al"
"Take the rearguard camp","Artçı kampını al"
"Take the reserve camp","Yedek kampı al"
"Take the river camp","Nehir kampını al"
"Take the second camp on the southern supply road.","Güney ikmal yolundaki ikinci kampı al."
"Take the shore camp","Kıyı kampını al"
"Taking the rear first denies the cavalry a place to rally.","Önce arkayı almak süvariye toplanacak bir yer bırakmaz."
"The Campanian Vigil","Campania Nöbeti"
"The Roman column enters the corridor. Wait for full commitment.","Roma kolu koridora giriyor. Tam olarak girmesini bekle."
"The Roman column walks into a geographical trap and is destroyed by converging attacks while the lakeside Sepulcher altar remains an optional horror.","Roma kolu coğrafi bir tuzağa yürür ve birleşen saldırılarla yok edilir; göl kıyısındaki Kabir sunağı isteğe bağlı bir dehşet olarak kalır."
"The Roman villages are heavily defended. Coordinate your attacks!","Roma köyleri sıkı savunuluyor. Saldırılarını eşgüdümle!"
"The Romans are baited into the winter river and punished by Mago's concealed force, then the defense becomes an assault on a complete winter camp.","Romalılar kış nehrine çekilip Mago'nun gizli kuvvetiyle cezalandırılır, sonra savunma eksiksiz bir kış kampına taarruza dönüşür."
"The Timber Levy","Kereste Levhası"
"The centre gives way once the wings are wrapped around it.","Kanatlar çevresine dolandığında merkez çöker."
"The centre is the strongest camp; bring the elephants up first.","Merkez en güçlü kamptır; önce filleri çıkar."
"The commander falls and the line behind him is just men standing in a dry riverbed.","Komutan düşer ve arkasındaki hat, kuru bir dere yatağında duran adamlardan ibaret kalır."
"The commander falls — and every line collapses behind him.","Komutan düşer — ve arkasındaki her hat çöker."
"The commander falls — the vigil ends. And the dead keep walking.","Komutan düşer — nöbet biter. Ve ölüler yürümeyi sürdürür."
"The crew is gone and the officer is standing in a clearing with an axe. That is not a work party.","Ekip yok oldu ve subay bir açıklıkta elinde baltayla duruyor. Bu bir çalışma kolu değil."
"The crossing is a running battle against terrain, local resistance, and Roman influence. Sepulcher grave-lights remain a dangerous side path rather than the campaign's main enemy.","Geçiş; arazi, yerel direniş ve Roma nüfuzuna karşı süren bir savaştır. Kabir'in mezar ışıkları, seferin ana düşmanı değil, tehlikeli bir yan yol olarak kalır."
"The dead of the Iron Sepulcher still contest the field; keep a reserve.","Demir Kabir'in ölüleri meydana hâlâ itiraz ediyor; bir yedek tut."
"The final confrontation is Carthage against three coordinated Roman commands, until an Iron Sepulcher host attacks from the battlefield's neglected flank.","Son karşılaşma, savaş alanının ihmal edilmiş kanadından bir Demir Kabir ordusu saldırana kadar Kartaca'ya karşı üç eşgüdümlü Roma komutasıdır."
"The last camp lies to the north-east, beyond the consular line.","Son kamp kuzeydoğuda, konsül hattının ötesinde."
"The lights are out and the ground is quiet. Count them twice and burn what will burn. Whatever was in there stood here before Rome and will stand here after it. Tonight it simply has other business.","Işıklar söndü ve toprak sessiz. İki kez say ve yanacak olanı yak. İçeride her ne varsa Roma'dan önce burada duruyordu ve ondan sonra da duracak. Bu gece yalnızca başka işleri var."
"The mist lifted a little early for you. It happens. The lake will keep what it has been given, and the thing beneath the altar on the shore is not particular about whose it is.","Sis senin için biraz erken kalktı. Olur böyle. Göl kendisine verileni tutar ve kıyıdaki sunağın altındaki şey kimin olduğuna aldırmaz."
"The officer of the detail falls. Nobody else here can sign for the levy.","Ekibin subayı düşer. Burada levhayı imzalayabilecek başka kimse yok."
"The pass keeps them, then. A word of advice to whoever reads this: do not follow the lights on the snowfield. Whatever carries a lantern at that height stopped being a shepherd a long time ago.","Öyleyse geçit onları alıkoyar. Bunu okuyana bir öğüt: kar tarlasındaki ışıkların ardından gitme. O yükseklikte fener taşıyan her neyse, çoban olmayalı çok oldu."
"The quarter holds when the last column is dead in the streets.","Mahalle, son kol sokaklarda öldüğünde tutulmuş olur."
"The redoubt is gone. Go south, keep the spur on your left, and do not stop to look at the ford. There is nothing there now that is worth a second of your life.","Tabya gitti. Güneye git, mahmuzu solunda tut ve geçide bakmak için durma. Orada artık hayatının bir saniyesine değecek hiçbir şey yok."
"The reserve feeds the consular line; cut it and the line thins.","Yedek konsül hattını besler; onu kes, hat incelir."
"The river keeps whatever it is given. Your elephants went in and not all of them came out, and the Trebia is not a large river. Rome has never needed a large one.","Nehir kendisine verileni tutar. Fillerin girdi ve hepsi çıkmadı; Trebia da büyük bir nehir değil. Roma'nın hiçbir zaman büyüğüne ihtiyacı olmadı."
"The river runs north to south across the middle of the valley; the nearest crossing is due east of camp.","Nehir vadinin ortasından kuzeyden güneye akar; en yakın geçit kampın tam doğusunda."
"The road runs north-west along the shore; strike the head of the column first.","Yol kıyı boyunca kuzeybatıya uzanır; önce kolun başına vur."
"The scouts are not coming back, then. Well - everyone begins somewhere, and you have begun by killing eleven men who were expecting their lunch. Rome will send someone who counts next time.","Demek izciler geri dönmüyor. Peki - herkes bir yerden başlar ve sen öğle yemeğini bekleyen on bir adamı öldürerek başladın. Roma bir dahakine sayabilen birini yollar."
"The shrines you have walked past all campaign were never scenery. Zama reads back over every map behind it - and the Sepulcher has no commander to kill, so the one rule that has served you since Trasimene is the one rule that will not work here.","Bütün sefer boyunca yanından geçtiğin mabetler hiçbir zaman dekor değildi. Zama, arkasındaki her haritayı yeniden okur - ve Kabir'in öldürülecek bir komutanı yoktur, yani Trasimene'den beri işine yarayan tek kural, burada işe yaramayacak olan kuraldır."
"The siege works stand to the east of the quarter.","Kuşatma işleri mahallenin doğusunda duruyor."
"The spur splits them for us, which is the only kindness this ground offers. Cart gate west, goat path east, and they only meet where we are standing. You cannot hold both mouths. Pick one, hold it, and move when the horns tell you to.","Mahmuz onları bizim için ayırıyor; bu zeminin sunduğu tek iyilik de bu. Batıda araba kapısı, doğuda keçi yolu ve yalnızca bizim durduğumuz yerde birleşiyorlar. İki ağzı birden tutamazsın. Birini seç, onu tut ve borular söylediğinde yer değiştir."
"The winter camp lies north across the river.","Kış kampı nehrin kuzeyinde."
"Their camps fall neutral once their commander is dead.","Kampları, komutanları öldüğünde tarafsız kalır."
"Their troops leave the field with them.","Birlikleri de onlarla birlikte meydanı terk eder."
"Then it holds a little longer. Go home to your Senate and tell them what a Roman looks like from close to. I shall be here in the spring, and the spring after that, and I am younger than you.","O zaman biraz daha dayanır. Senatona dön ve onlara bir Romalının yakından nasıl göründüğünü anlat. İlkbaharda burada olacağım, ondan sonraki ilkbaharda da; üstelik senden gencim."
"There. No battle, no glory, no monument: a town with nothing left in it and a road with my army standing on it. They will call me the Delayer. Let them. Your dead will not care what I am called.","İşte. Savaş yok, şan yok, anıt yok: içinde hiçbir şey kalmamış bir kasaba ve üstünde ordumun durduğu bir yol. Bana Oyalayıcı diyecekler. Desinler. Senin ölülerin bana ne dendiğini umursamayacak."
"There. Sit down in the mud with the others. They tell me the men who die on this road do not stay where they are put - that they rise about the third watch and go on marching north without their officers. Do continue. You are expected.","İşte. Ötekilerle birlikte çamura otur. Bu yolda ölen adamların konuldukları yerde kalmadığını söylüyorlar - üçüncü nöbette kalkıp subaylarısız kuzeye yürümeyi sürdürdüklerini. Buyur, devam et. Bekleniyorsun."
"There. That is what the river was for. Have your surgeons work quickly, and tell whatever is left of your baggage train that the road home goes back up the mountain.","İşte. Nehir bunun içindi. Bırak cerrahların hızlı çalışsın ve ağırlık katarından geriye ne kaldıysa söyle ki eve giden yol dağdan geri çıkıyor."
"They are getting up again. Do not look at the faces; you will know some of them. Fall back to the road, keep walking, and do not stop to bury anything. It does not stay buried here.","Yine kalkıyorlar. Yüzlerine bakma; bazılarını tanıyacaksın. Yola çekil, yürümeyi sürdür ve hiçbir şeyi gömmek için durma. Burada gömülü kalmıyor."
"They tell me you have taken an army into the Alps in October, with elephants. I have stopped chasing you. The mountain is a more thorough officer than I am and it does not require pay.","Ekim ayında, fillerle birlikte Alpler'e bir ordu soktuğunu söylüyorlar. Seni kovalamayı bıraktım. Dağ benden daha titiz bir subaydır ve maaş istemez."
"Three Roman columns have entered the consular roads. The first coordinated assault arrives at 17:00.","Üç Roma kolu konsül yollarına girdi. İlk eşgüdümlü taarruz 17:00'de geliyor."
"Timber for the sledges, stone for the roadbed, iron for shoes and axles.","Kızaklar için kereste, yol yatağı için taş, nal ve dingiller için demir."
"Timber only counts once a builder unloads it at the camp. The richest stands are the furthest from the stockpile, so the mission is won on the length of the walk, not the swing of the axe.","Kereste, ancak bir inşaatçı onu kampta indirdiğinde sayılır. En zengin korular depodan en uzakta olanlardır, yani görev baltanın savruluşuyla değil yolun uzunluğuyla kazanılır."
"Turn the nearest Roman allied camp south of the field.","Meydanın güneyindeki en yakın Roma müttefik kampını çevir."
"Turn the nearest Roman camp before the cavalry returns.","Süvari dönmeden en yakın Roma kampını çevir."
"Twenty minutes before the mist lifts. If a cohort clears the basin, Rome learns the shape of the trap.","Sis kalkmadan yirmi dakika. Bir kohort havzadan çıkarsa Roma tuzağın biçimini öğrenir."
"Two bridges cross the Rhône. Choose your path wisely - you may need both routes!","Rhône'u iki köprü aşar. Yolunu akıllıca seç - iki güzergâha da gerek duyabilirsin!"
"With the river camp taken there is nowhere left for the legions to reform.","Nehir kampı alındığında lejyonların yeniden dizileceği hiçbir yer kalmaz."
"You bent us and we did not break, and that is the only sentence anyone will need. Gather your dead off the Aufidus. The river runs slow here; they will be a long time going by.","Bizi büktün ama kırılmadık; kimsenin ihtiyaç duyacağı tek cümle budur. Ölülerini Aufidus'tan topla. Nehir burada yavaş akar; geçip gitmeleri uzun sürecek."
"You have a walled town, an orchard, and a very great many mouths. I have the roads. I am not going to fight you. I am going to stand between you and every granary in Campania until winter explains my position better than I can.","Surlu bir kasaban, bir meyve bahçen ve pek çok boğazın var. Yollar bende. Seninle çarpışmayacağım. Kış benim durumumu benden daha iyi açıklayana kadar seninle Campania'daki her tahıl ambarının arasında duracağım."
"You have the river town. My congratulations - you now own three hundred mouths, two wells, and a temple whose god has lately been asking after Carthage by name. Feed them. I shall come back in the spring and count what is left.","Nehir kasabası sende. Tebrikler - artık üç yüz boğazın, iki kuyun ve tanrısı son zamanlarda Kartaca'yı adıyla soran bir tapınağın var. Onları doyur. İlkbaharda dönüp geriye ne kaldığını sayacağım."
"You killed a consul. Good. Rome keeps forty more in cupboards in the city, and I promise you the ones still in the cupboards are worse. He will be missed - briefly, and only by his creditors.","Bir konsül öldürdün. Güzel. Roma şehirdeki dolaplarda kırk tane daha tutuyor ve sana söz veriyorum, dolapta kalanlar daha kötüdür. Ardından ağlanacak - kısa bir süre ve yalnızca alacaklıları tarafından."
"Your camp falls — the field goes with it.","Kampın düşer — meydan da onunla gider."
"Your command falls — and the wings fold inward.","Komutan düşer — ve kanatlar içeri kapanır."
"Your commander falls - and every line collapses behind him.","Komutanın düşer - ve arkasındaki her hat çöker."
"A few of the screen left, and me. My son is somewhere on this field; if he finds me, he will be insufferable about it for the rest of his life.","Perdeden birkaç kişi kaldı, bir de ben. Oğlum bu meydanın bir yerinde; beni bulursa hayatının geri kalanında bunu başıma kakar."
"Cut and carry home eight hundred of timber and two hundred and ten of stone. The near stand was stripped bare; the deep pines and the east screen are the only timber left standing.","Sekiz yüz kereste ve iki yüz on taş kesip eve getir. Yakın koruluk sıyrıldı; derin çamlar ile doğu perdesi ayakta kalan tek keresteliktir."
"Eight hundred of timber and two hundred of stone, and the near stand was stripped by the last detail. That means the deep pines, which means the long road, which means whatever is living in the deep pines gets a look at us. The column comes back through at dusk and it does not wait. Split the crew. Escort the far one.","Sekiz yüz kereste ve iki yüz taş; yakın koruluğu da son ekip sıyırdı. Bu, derin çamlar demek; o da uzun yol demek; o da derin çamlarda yaşayan neyse onun bize bir göz atması demek. Kol akşam karanlığında geri geçer ve beklemez. Ekibi böl. Uzağa gidene muhafız ver."
"Fill the levy out of the Pinewater cut: eight hundred of timber and two hundred and ten of stone, cut and carried home before the column comes back through at dusk.","Vergiyi Çampınarı kesiminden karşıla: sekiz yüz kereste ve iki yüz on taş; kol akşam karanlığında geri geçmeden kesilip eve getirilecek."
"First column on the cart gate. Spears up. Let them come to the stakes; the stakes do not get tired.","İlk kol araba kapısında. Mızraklar yukarı. Bırak kazıklara gelsinler; kazıklar yorulmaz."
"Hannibal dies in the snow. Then the elephants were for nothing, and so was the road. History will find that very tidy.","Hannibal karda ölür. O zaman filler de boşunaydı, yol da. Tarih bunu çok derli toplu bulacak."
"Hannibal falls at the Rhone. Then Rome never sees the elephants, and I never see Cannae. I shall spend the rest of my life not knowing what I was spared.","Hannibal Rhone'da düşer. O zaman Roma filleri hiç görmez, ben de Cannae'yi hiç görmem. Hayatımın geri kalanını neden kurtulduğumu bilmeden geçiririm."
"Hannibal falls in Campania, among the orchards, in a war he did not choose. There is a kind of mercy in that, and I did not intend it.","Hannibal Campania'da, meyve bahçelerinin arasında, seçmediği bir savaşta düşer. Bunda bir tür merhamet var ve ben onu amaçlamadım."
"Hannibal has fallen at Zama. I wanted to meet him after, and ask him about Cannae. I shall have to ask the ground instead.","Hannibal Zama'da düştü. Sonrasında onunla buluşup Cannae'yi sormak istiyordum. Artık toprağa sormam gerekecek."
"Hannibal is down in the Trebia mud. Whatever Mago has hidden in the gullies, it will not bring him back.","Hannibal Trebia'nın çamurunda yatıyor. Mago'nun dere yataklarına ne sakladıysa, onu geri getirmeyecek."
"Hannibal is down. The Senate will strike a coin. I shall keep one and never spend it, which I am told is what he would have done.","Hannibal düştü. Senato bir sikke bastıracak. Birini saklayıp asla harcamayacağım; bana dedikleri kadarıyla o da böyle yapardı."
"Here they come - the whole consular line, in step, at Varro's tempo. Eighty thousand men do not turn. Remember that when you want them to.","İşte geliyorlar: bütün konsül hattı, adım adım, Varro'nun temposunda. Seksen bin adam dönmez. Dönmelerini istediğinde bunu hatırla."
"Leave the axes. Leave the carts. A detail that cannot fill its own levy before the column comes through does not get to carry anything.","Baltaları bırak. Arabaları bırak. Kol geçmeden kendi vergisini karşılayamayan ekip hiçbir şey taşımaz."
"Legionaries at your works. Not Varro's legions; mine. Men who were at Cannae and remember exactly how it felt.","Tabyalarında lejyonerler var. Varro'nun lejyonları değil; benimkiler. Cannae'de bulunmuş ve nasıl bir his olduğunu tam olarak hatırlayan adamlar."
"Light is going. Five minutes of road left in the day, and whatever is on the carts when the column reaches us is what we levied. Bring them home.","Işık gidiyor. Günde beş dakikalık yol kaldı ve kol bize yetiştiğinde arabalarda ne varsa, vergimiz odur. Onları eve getir."
"Masinissa's camp is yours. His riders will not care; they were never in it. Watch the horizon, not the tents.","Masinissa'nın ordugâhı senin. Süvarileri aldırmaz; zaten içinde değillerdi. Çadırlara değil, ufka bak."
"My forward town, taken by horsemen. Horsemen. My father would have said something cutting; I find I am simply cold.","İleri kasabam, atlılarca alındı. Atlılarca. Babam iğneleyici bir şey söylerdi; ben sadece üşüyorum."
"My men are at your walls. Not to break them - to remind you they are walls, and that everything outside them is mine.","Adamlarım surlarında. Onları kırmak için değil; onların sur olduğunu ve dışarıdaki her şeyin benim olduğunu hatırlatmak için."
"My scouting party is on the road. Cavalry, mostly, and a tribune who wants to be noticed. Do notice him.","Keşif kolum yolda. Çoğunlukla süvari ve fark edilmek isteyen bir tribunus. Lütfen fark et onu."
"My town. You have taken my town, at Zama, with Masinissa's horse behind you. I begin to think the gods have a sense of proportion after all.","Kasabam. Kasabamı aldın, Zama'da, arkanda Masinissa'nın süvarisiyle. Tanrıların sonuçta bir ölçü duygusu olduğunu düşünmeye başlıyorum."
"Patrols at your works. You are trying to cross a river with your back to my roads. It is bold. It is also how one drowns.","Tabyalarında devriyeler var. Sırtın yollarıma dönükken bir nehri geçmeye çalışıyorsun. Cesurca. Aynı zamanda insanın boğulma şekli."
"Sempronius has a handful left and they are on the wrong side of a winter river. He will still call it a victory in Rome. He always does.","Sempronius'un elinde bir avuç kaldı ve kışlık bir nehrin yanlış tarafındalar. Yine de Roma'da buna zafer diyecek. Hep der."
"Sempronius is crossing. Now, in the cold, without breakfast, because a consul's year ends in March and he wants his battle before it does.","Sempronius geçiyor. Şimdi, soğukta, kahvaltısız; çünkü bir konsülün yılı mart'ta biter ve o muharebesini ondan önce istiyor."
"So he dies by his own lake in his own fog. Rome will call it justice. I call it weather, and I have always respected weather.","Demek kendi gölünün kıyısında, kendi sisinde ölüyor. Roma buna adalet diyecek. Ben hava diyorum ve havaya hep saygı duydum."
"Somebody is trying to cut a way out along the shore. Good. Somebody should get home and describe this accurately.","Biri kıyı boyunca kendine bir çıkış açmaya çalışıyor. Güzel. Birinin eve varıp bunu doğru anlatması gerek."
"The Aufidus camp. So the ring closes. I told the Senate a ring was what he wanted. They told me I was old.","Aufidus ordugâhı. Demek halka kapanıyor. Senato'ya onun istediğinin bir halka olduğunu söylemiştim. Bana yaşlandığımı söylediler."
"The Barcid falls at the Ticinus. Then this was the whole war, and it fit inside an afternoon. I expected more of it; I am not sure I wanted more.","Barka Ticinus'ta düşer. O zaman bütün savaş buymuş ve bir öğleden sonraya sığmış. Ondan daha fazlasını bekliyordum; daha fazlasını istedim mi, emin değilim."
"The Numidians are riding. Your Numidians, once. Now they ride for Rome, and they ride the same way they always did - around you.","Numidialılar at sürüyor. Bir zamanlar senin Numidialıların. Şimdi Roma için sürüyorlar ve hep yaptıkları gibi sürüyorlar: etrafından."
"The allied wing is at your works. Italians, mostly. They fight for Rome because the alternative is fighting Rome, which is a very persuasive argument.","Müttefik kanadı tabyalarında. Çoğu İtalyalı. Roma için dövüşüyorlar, çünkü alternatif Roma'ya karşı dövüşmek; bu da çok ikna edici bir gerekçe."
"The allied wing is down to a handful. I have counted them twice, because there was time. Whatever happens next on this field, remember someone counted.","Müttefik kanadından bir avuç kaldı. Onları iki kez saydım, çünkü vakit vardı. Bu meydanda bundan sonra ne olursa olsun, birinin saydığını hatırla."
"The allied wing is on the southern road. They know this country - they own most of it, or did, before you started eating it.","Müttefik kanadı güney yolunda. Bu ülkeyi bilirler; çoğu onlarındır, ya da sen onu yemeye başlamadan önce öyleydi."
"The column came back through and the carts were still empty. A levy that misses the road is a levy nobody signed for.","Kol geri geçti ve arabalar hâlâ boştu. Yola yetişemeyen bir vergi, kimsenin imzalamadığı bir vergidir."
"The column is nearly gone. What is left of it will hold until the fog lifts, because that is the only order anyone can still hear.","Kol neredeyse tükendi. Kalanı sis kalkana dek dayanacak, çünkü hâlâ duyulabilen tek emir bu."
"The column is on the lakeside road. In fog, in a defile, in a hurry. Every word of that sentence is a mistake and Flaminius owns them all.","Kol göl kıyısı yolunda. Siste, bir boğazda, telaşla. Bu cümlenin her kelimesi bir hata ve hepsi Flaminius'un."
"The final pass is nearly cleared. Whatever comes down the far side, I shall be in Italy waiting for it with a great many more men than this.","Son geçit neredeyse temizlendi. Öbür yamaçtan ne inerse insin, İtalya'da bundan çok daha kalabalık bir orduyla bekliyor olacağım."
"The high pass is sending everything it has. They have been paid in Roman silver to hold that road, and mountain men earn their silver.","Yüksek geçit elindeki her şeyi gönderiyor. O yolu tutmaları için Roma gümüşüyle ödendiler ve dağ adamları gümüşünü hak eder."
"The hill fort is yours. It was built to watch a river; now it will watch you cross one. Forts do not much care who is inside them.","Tepedeki hisar senin. Bir nehri gözlemek için yapılmıştı; şimdi senin bir nehri geçişini izleyecek. Hisarlar içindekinin kim olduğunu pek umursamaz."
"The last column. Everything they have left is on the road. Hold this one and the ford is ours until the spring.","Son kol. Ellerinde ne varsa yolda. Bunu tut, geçit bahara kadar bizim."
"The last of the legions is in the water. Everything Rome has north of the Apennines is coming at you wet. Hold this and you hold Italy for a winter.","Son lejyonlar suyun içinde. Roma'nın Apeninler'in kuzeyinde ne varsa ıslak hâlde üstüne geliyor. Bunu tut, İtalya'yı bir kış boyunca tutmuş olursun."
"The last of the northern columns is moving. I have spent a year making you hold this quarter. Hold it one more hour and I will have spent it well.","Kuzey kollarının sonuncusu hareket ediyor. Bu çeyreği tutturmak için bir yıl harcadım. Bir saat daha tut, o yılı iyi harcamış olurum."
"The last pass camp. So you are through - what is left of you. Italy is below. Italy has been waiting, and Italy is not friendly.","Son geçit ordugâhı. Demek geçtin; senden geriye kalanı yani. İtalya aşağıda. İtalya bekliyordu ve İtalya dost değil."
"The line is nearly broken. Nearly. I was at Cannae, you understand. I know exactly what nearly looks like from the other side, and I am still here.","Hat neredeyse kırıldı. Neredeyse. Ben Cannae'deydim, anlarsın ya. ""Neredeyse""nin öbür taraftan nasıl göründüğünü tam bilirim ve hâlâ buradayım."
"The lower pass camp is yours. Keep it warm. The tribes will want it back in the spring and I will not be here to stop them.","Aşağı geçit ordugâhı senin. Sıcak tut. Kabileler baharda geri isteyecek ve onları durdurmak için burada olmayacağım."
"The main line is advancing. No trumpets, no tricks, no gaps between the maniples for your elephants to find. I learned. You taught me.","Ana hat ilerliyor. Boru yok, hile yok, fillerinin bulacağı manipulus aralıkları yok. Öğrendim. Sen öğrettin."
"The northern camp is gone. Fine. It was a camp. Scipio's line still stands, and that is the only thing on this plain that matters.","Kuzey ordugâhı gitti. Olsun. Bir ordugâhtı. Scipio'nun hattı hâlâ ayakta ve bu ovada önemli olan tek şey o."
"The northern legion is coming down through the orchards. Slowly. I ordered slowly. Every tree they pass is one you will not harvest.","Kuzey lejyonu meyve bahçelerinden aşağı iniyor. Yavaşça. Yavaş olsun dedim. Geçtikleri her ağaç, senin hasat edemeyeceğin bir ağaçtır."
"The northern legion is spent. I have others. I have always had others. That is what the delaying was for.","Kuzey lejyonu tükendi. Başkaları var. Her zaman başkaları oldu. Oyalamanın amacı buydu."
"The patrols are nearly finished. So be it. I shall take the fleet back to Italy and wait for you there with the rest of the Republic.","Devriyeler neredeyse bitti. Olsun. Donanmayı İtalya'ya geri götürür, Cumhuriyet'in kalanıyla orada beklerim."
"The rearguard camp falls. I held it the way I hold everything - long enough, and no longer. Scipio will manage without an old man's tents.","Artçı ordugâhı düşüyor. Onu her şeyi tuttuğum gibi tuttum: yetecek kadar, bir an fazla değil. Scipio ihtiyar bir adamın çadırları olmadan da idare eder."
"The reserve camp is yours. It was never meant to fight - it was meant to be there afterwards. There is not going to be an afterwards, is there.","İhtiyat ordugâhı senin. Hiç dövüşmek için düşünülmemişti; sonrasında orada olmak içindi. Bir ""sonrası"" olmayacak, değil mi?"
"The reserve is moving, and moving fast. I do not hold men back for the look of the thing.","İhtiyat hareket ediyor, hem de hızla. Ben adamları görüntü olsun diye geride tutmam."
"The screen is coming across the flats. Velites, cavalry, the usual arrangement. Please try to stand still; it makes the reports so much tidier.","Perde düzlükten geçiyor. Velites, süvari, alışılmış düzen. Lütfen kıpırdamadan dur; raporları çok daha derli toplu yapıyor."
"The second pass. You are buying road with men and paying in snow. I have never seen an army spend itself so willingly on scenery.","İkinci geçit. Yolu adamla satın alıyor, karla ödüyorsun. Kendini manzaraya bu kadar istekle harcayan bir ordu hiç görmedim."
"The shore camp. That was the way out, and now there is only the lake. Romans are not, on the whole, a swimming people.","Kıyı ordugâhı. Çıkış yolu oydu, şimdi yalnızca göl var. Romalılar, genel olarak, yüzen bir halk değildir."
"The siege column is at the run. Engines behind, ladders in front. I do not besiege towns. I take them.","Kuşatma kolu koşar adım geliyor. Makineler arkada, merdivenler önde. Ben şehirleri kuşatmam. Alırım."
"The tribes are coming down the slope. They do not fight in lines. They fight in rockfalls.","Kabileler yamaçtan iniyor. Hat hâlinde dövüşmezler. Kaya düşer gibi dövüşürler."
"The western reserve is moving, against my advice. I gave the advice knowing it would be ignored; it is still worth having given.","Batı ihtiyatı, tavsiyeme rağmen hareket ediyor. Tavsiyeyi göz ardı edileceğini bilerek verdim; yine de vermeye değerdi."
"They are hitting your camp, because it is the only thing on this road they can see. Men in fog attack whatever is nearest. Remember it.","Ordugâhına vuruyorlar, çünkü bu yolda görebildikleri tek şey o. Sisteki adamlar en yakındakine saldırır. Bunu hatırla."
"Varro's town. Varro is not in it; Varro is out front, being brave at other people. Enjoy the walls. I never needed them.","Varro'nun kasabası. Varro içinde değil; Varro önde, başkaları üzerinden cesaret gösteriyor. Surların keyfini çıkar. Benim onlara hiç ihtiyacım olmadı."
"We are losing men on the goat path. Pull the wounded back and put fresh spears in the gap. Nobody dies standing in a hole.","Keçi yolunda adam kaybediyoruz. Yaralıları geri çek ve gediğe taze mızrak koy. Kimse çukurda dikilerek ölmez."
"We are on your bank and at your works. A river only stops men who are not already freezing.","Senin kıyındayız ve tabyalarındayız. Bir nehir yalnızca henüz donmayanları durdurur."
"You have the allied camp. Socii - allies. They were promised land for this war, and you have just handed them the first piece of it face down.","Müttefik ordugâhı sende. Socii; müttefikler. Bu savaş için onlara toprak sözü verilmişti, sen de az önce ilk parçasını yüzüstü teslim ettin."
"You have the marching town. Flaminius built it in a fog and never looked back. There is a lesson there; he will not be the one to learn it.","Yürüyüş kasabası sende. Flaminius onu siste kurdu ve arkasına hiç bakmadı. Bunda bir ders var; onu öğrenecek olan o değil."
"Your camp is under the screen's spears. A camp on the wrong bank of a cold river - I would not have chosen it, and now you cannot un-choose it.","Ordugâhın perdenin mızrakları altında. Soğuk bir nehrin yanlış kıyısında bir ordugâh; ben seçmezdim ve artık sen de seçmemiş olamazsın."
"Your garrison is bleeding. You cannot replace those men from Africa in time, and I can replace mine from the next valley. That is the whole war.","Garnizonun kanıyor. O adamların yerine Afrika'dan zamanında yenilerini koyamazsın, ben ise kendimkileri yandaki vadiden koyarım. Bütün savaş bundan ibaret."
"Your line is bleeding along the bank. Wet ground is slow ground, and slow men are what spears are for.","Hattın kıyı boyunca kanıyor. Islak zemin yavaş zemindir ve yavaş adamlar mızrakların işidir."
"Your men are dying on the ice. Not from spears - from cold, and hunger, and the arithmetic of a road that is longer than your grain.","Adamların buzda ölüyor. Mızraktan değil; soğuktan, açlıktan ve tahılından uzun bir yolun aritmetiğinden."
"Your men are dying too. A trap costs the trapper something; the good ones simply cost him less.","Senin adamların da ölüyor. Bir tuzak, tuzağı kurana da bir bedele mal olur; iyileri sadece daha aza mal olur."
"Your men are falling at the water. The Rhone is not particular about whose bones it keeps; I did tell you.","Adamların suyun kıyısında düşüyor. Rhone kimin kemiğini alıkoyduğuna aldırmaz; söylemiştim."
"Your men are going down in the centre. I know - that is where you put the Gauls, and Gauls are for spending. It is still a great many funerals.","Adamların merkezde düşüyor. Biliyorum; Galyalıları oraya koydun ve Galyalılar harcanmak içindir. Yine de pek çok cenaze eder."
"Your riders are dying by the ford. Numidians, I think. They ride beautifully, and they die at the ordinary speed.","Süvarilerin geçidin başında ölüyor. Numidialılar sanırım. Muhteşem biniyorlar ve sıradan bir hızda ölüyorlar."
"Your veterans are dying. Italy's veterans, really; you took them from us sixteen years ago and now we are taking them back one at a time.","Gazilerin ölüyor. Aslında İtalya'nın gazileri; on altı yıl önce onları bizden aldınız, şimdi biz birer birer geri alıyoruz."
"%1 × %2","%1 × %2"
"Orders","Emirler"
"Orders — any one of these ends it","Emirler — bunlardan herhangi biri bitirir"
"Orders — all of them, or none","Emirler — hepsi ya da hiçbiri"
"You","Sen"
"Missions","Görevler"
"One small field, one order to carry out. No campaign to lose, no second army to worry about.","Küçük bir meydan, yerine getirilecek tek bir emir. Yitirilecek bir sefer yok, kaygılanılacak ikinci bir ordu yok."
"No missions are installed.","Yüklü görev yok."
"Carried out","Yerine getirildi"
"Worth doing as well","Yapılmaya değer"
"You bring","Getirdiklerin"
"It ends badly if","Şu durumda kötü biter"
"Take it again","Yeniden üstlen"
"Take the field","Meydana çık"
"%1 %2","%1 %2"
"Mission orders","Görev emirleri"
"FIELD ORDERS  /  SECOND PUNIC WAR","SAHA EMİRLERİ  /  İKİNCİ PON SAVAŞI"
"ORDERS FULFILLED","EMİRLER YERİNE GETİRİLDİ"
"Mission completion","Görev tamamlanması"
"Back ›","Geri ›"
"‹ Back","‹ Geri"
"Back","Geri"
"AVAILABLE DISPATCHES","MEVCUT SEVK YAZILARI"
"DONE","TAMAM"
"MISSION BRIEF","GÖREV BRİFİNGİ"
"ORDER FULFILLED","EMİR YERİNE GETİRİLDİ"
"OPEN ORDER","EMRİ AÇ"
"COMMANDER'S INTENT","KOMUTANIN NİYETİ"
"You start with","Şununla başlıyorsun"
"Nothing in the stores. Everything you spend, you gather first.","Ambarlarda hiçbir şey yok. Harcadığın her şeyi önce toplarsın."
"FIELD RECONNAISSANCE","SAHA KEŞFİ"
"Enter","Başla"
"Previously carried out","Daha önce yerine getirildi"
"Choose a dispatch to review its field orders.","Saha emirlerini incelemek için bir sevk yazısı seç."
"Roman Republic","Roma Cumhuriyeti"
"Carthaginian Empire","Kartaca İmparatorluğu"
"Shield Wall","Kalkan Duvarı"
"Testudo","Testudo"
"The Iron Sepulcher","Demir Kabir"
"%1h %2m","%1sa %2dk"
"%1m %2s","%1dk %2sn"
"%1s","%1sn"
"Mission briefing","Görev brifingi"
"Mission Briefing","Görev Brifingi"
"Close the briefing","Brifingi kapat"
"To Battle","Savaşa"
"Move","Hareket"
"Attack","Saldır"
"Guard","Nöbet"
"Patrol","Devriye"
"Hold position","Mevziyi tut"
"Stop","Dur"
"Build","İnşa"
"Gather","Topla"
"Deliver","Teslim et"
"Repair","Onar"
"Rally point","Toplanma noktası"
"Formation","Düzen"
"Squad","Müfreze"
"You are not in command of these units.","Bu birimlerin komutası sende değil."
"That target is already gone.","O hedef çoktan yok oldu."
"Cannot attack your own or an allied unit.","Kendi ya da müttefik birliğe saldırılamaz."
"That target is not a threat.","Bu hedef bir tehdit değil."
"That building no longer exists.","O yapı artık yok."
"That building is not yours.","O yapı senin değil."
"That order is not available here.","O emir burada kullanılamaz."
"That order could not be carried out.","O emir yerine getirilemedi."
"%1: %2 units","%1: %2 birim"
"No units selected.","Hiçbir birim seçilmedi."
"Cannot reach that spot.","O noktaya ulaşılamıyor."
"That target is out of range.","O hedef menzil dışında."
"Those units are busy with another order.","O birimler başka bir emirle meşgul."
"Hauling a load - it cannot be interrupted until the load is dropped off.","Yük taşıyor - yük bırakılana kadar bölünemez."
"Not enough resources.","Yeterli kaynak yok."
"The selected units cannot attack.","Seçili birimler saldıramaz."
"The selected units cannot guard.","Seçili birimler nöbet tutamaz."
"The selected units cannot patrol.","Seçili birimler devriye gezemez."
"The selected units cannot hold position.","Seçili birimler mevzi tutamaz."
"The selected units cannot build.","Seçili birimler inşa edemez."
"The selected units cannot gather.","Seçili birimler toplayamaz."
"Only civilians can be delivered to a barracks.","Kışlaya yalnızca siviller teslim edilebilir."
"Only builders can repair structures.","Yapıları yalnızca inşaatçılar onarabilir."
"Only a squad of several individuals can be divided or joined.","Yalnızca birkaç kişiden oluşan bir müfreze bölünebilir ya da birleştirilebilir."
"The selected units cannot take that order.","Seçili birimler o emri alamaz."
"No enemy under the cursor.","İmlecin altında düşman yok."
"Select a friendly barracks with room for more people.","Daha fazla insan alabilecek dost bir kışla seç."
"Select a damaged friendly building to repair.","Onarmak için hasarlı bir dost yapı seç."
"Nothing to target there.","Orada hedeflenecek bir şey yok."
"Choose a spot on the map.","Haritada bir nokta seç."
"That barracks has no room for more people.","O kışlada daha fazla insan için yer yok."
"That building does not need repairs.","O yapının onarıma ihtiyacı yok."
"Your builders only take down your own buildings.","İnşaatçıların yalnızca kendi yapılarını indirir."
"That building cannot be taken down.","O yapı indirilemez."
"Continue","Sürdür"
"CAMPAIGN DECREE","SEFER KARARNAMESİ"
"FIELD ASSESSMENT","SAHA DEĞERLENDİRMESİ"
"BATTLEFIELD VERDICT","MUHAREBE MEYDANI HÜKMÜ"
"COMMAND REPORT","KOMUTA RAPORU"
"Select a map","Bir harita seç"
"Players (%1)","Oyuncular (%1)"
"Click color/team to cycle","Değiştirmek için renge/takıma tıkla"
"Select a map to configure players","Oyuncuları ayarlamak için bir harita seç"
"+ Add CPU","+ CPU Ekle"
"Add AI player to the game","Oyuna YZ oyuncusu ekle"
"Every slot on this map is taken","Bu haritadaki her yuva dolu"
"Max players reached","En çok oyuncu sayısına ulaşıldı"
"%1 slot available","%1 yuva boş"
"%1 slots available","%1 yuva boş"
"(map preview)","(harita önizlemesi)"
"Player %1","Oyuncu %1"
"Color","Renk"
"Click to change color","Rengi değiştirmek için tıkla"
"Click to change team","Takımı değiştirmek için tıkla"
"Remove player","Oyuncuyu çıkar"
"Select a tree to chop.","Kesmek için bir ağaç seç."
"Select a boulder to collect.","Toplamak için bir kaya seç."
"Select iron ore to collect.","Toplamak için demir cevheri seç."
"No available builder can chop that tree.","O ağacı kesebilecek boş bir inşaatçı yok."
"No available builder can collect that boulder.","O kayayı toplayabilecek boş bir inşaatçı yok."
"No available builder can collect that iron ore.","O demir cevherini toplayabilecek boş bir inşaatçı yok."
"No available builder can collect that resource.","O kaynağı toplayabilecek boş bir inşaatçı yok."
"No walkable spot near that tree.","O ağacın yakınında yürünebilir yer yok."
"No walkable spot near that boulder.","O kayanın yakınında yürünebilir yer yok."
"No walkable spot near that iron ore.","O demir cevherinin yakınında yürünebilir yer yok."
"No walkable spot near that resource.","O kaynağın yakınında yürünebilir yer yok."
"Select a tree, boulder, ore deposit, ripe farm or sheep.","Bir ağaç, kaya, cevher yatağı, olgun tarla ya da koyun seç."
"Something is already standing here.","Burada zaten bir şey duruyor."
"This ground cannot be cleared to build on.","Bu zemin inşa için temizlenemez."
"Nothing can be built on the water.","Suyun üstüne hiçbir şey inşa edilemez."
"The ground here is too steep to build on.","Buradaki zemin inşa için fazla dik."
"That is beyond the edge of the battlefield.","Orası savaş alanının sınırının ötesinde."
"That structure cannot be placed.","O yapı yerleştirilemez."
"Building factory unavailable.","Yapı üretimi kullanılamıyor."
"A wall already stands here.","Burada zaten bir sur duruyor."
"No part of this wall can stand there.","Bu surun hiçbir parçası oraya sığmıyor."
"Drag out a wall line first.","Önce bir sur hattı sürükle."
"Choose a build location.","Bir inşa yeri seç."
"That resource is already assigned.","O kaynak zaten atanmış."
"Nothing here is worth harvesting.","Burada toplanmaya değer bir şey yok."
"No resource here to work.","Burada işlenecek kaynak yok."
"No valid wall segments in that drag.","O sürüklemede geçerli sur parçası yok."
"No available builder.","Boş inşaatçı yok."
"Mounted Knight","Atlı Şövalye"
"Horse Archer","Atlı Okçu"
"Horse Spearman","Atlı Mızrakçı"
"War Elephant","Savaş Fili"
"reserve","yedek"
"Recruit %1\nCost: %2\nBuild time: %3s\nCarthage exclusive","%1 devşir\nBedel: %2\nİnşa süresi: %3sn\nKartaca'ya özel"
"Recruit %1\nCost: %2\nBuild time: %3s","%1 devşir\nBedel: %2\nİnşa süresi: %3sn"
"Food","Yiyecek"
"Wood","Odun"
"Stone","Taş"
"Iron","Demir"
"Catapult","Mancınık"
"Long-range siege weapon\nEffective against structures","Uzun menzilli kuşatma silahı\nYapılara karşı etkili"
"Ballista","Balista"
"Precision siege weapon\nEffective against units","İsabetli kuşatma silahı\nBirimlere karşı etkili"
"Defense Tower","Savunma Kulesi"
"Stationary defense structure\nShoots arrows at enemies","Sabit savunma yapısı\nDüşmanlara ok atar"
"Home","Ev"
"Residential building\nAdds +50 reserve to the nearest barracks","Konut yapısı\nEn yakın kışlaya +50 yedek ekler"
"Marketplace","Pazar"
"Trade building\nBuy or sell resources for gold","Ticaret yapısı\nAltın karşılığı kaynak al ya da sat"
"Wall Segment","Sur Parçası"
"Wooden defensive wall\nBlocks enemy movement","Ahşap savunma duvarı\nDüşman hareketini engeller"
"Wall Gate","Sur Kapısı"
"Gated opening in a wall\nOpens for your troops and allies","Bir surdaki kapılı açıklık\nBirliklerine ve müttefiklerine açılır"
"Need %1","%1 gerekiyor"
"%1 %2","%1 %2"
"Cannot recruit","Devşirilemiyor"
"Queue is full (5/5)","Sıra dolu (5/5)"
"Not enough reserve","Yeterli yedek yok"
"Already building...","Zaten inşa ediliyor..."
"QUEUE","SIRA"
"Barracks reserve: %1 / %2","Kışla yedeği: %1 / %2"
"%1s","%1sn"
"Idle","Beklemede"
"RECRUIT UNITS","BİRİM DEVŞİR"
"HOME RECRUITMENT","EVDE DEVŞİRME"
"Available civilians: %1 / %2","Elverişli siviller: %1 / %2"
"Recruit %1\nCost: %2\nBuild time: %3s\nUse Deliver mode, then click a friendly barracks to add to its reserve.","%1 devşir\nBedel: %2\nİnşa süresi: %3sn\nTeslim et kipini kullan, sonra yedeğine eklemek için dost bir kışlaya tıkla."
"families","aile"
"This home already committed its 3 civilians","Bu ev 3 sivilini çoktan verdi"
"Click Map to Set Rally","Toplanmayı Belirlemek İçin Haritaya Tıkla"
"Set Rally Point","Toplanma Noktasını Belirle"
"Set where newly recruited units will gather.\nRight-click to cancel.","Yeni devşirilen birimlerin toplanacağı yeri belirle.\nİptal için sağ tıkla."
"Select a barracks or temple before setting a rally point.","Toplanma noktası belirlemeden önce bir kışla ya da tapınak seç."
"Right-click to cancel","İptal için sağ tık"
"BUILDER CONSTRUCTION","İNŞAATÇI YAPIMI"
"Build siege weapons, structures, and gather wood, stone, iron, and food","Kuşatma silahları ve yapılar inşa et, odun, taş, demir ve yiyecek topla"
"Select a structure to build","İnşa edilecek bir yapı seç"
"Cut Tree","Ağaç Kes"
"Collect Stone","Taş Topla"
"Collect Iron Ore","Demir Cevheri Topla"
"Harvest Grain","Tahıl Biç"
"Slaughter Sheep","Koyun Kes"
"Farm","Tarla"
"Task: %1","Görev: %1"
"Building: %1","İnşa: %1"
"Build Catapult\n%1\nCost: %2\nBuild time: %3s","Mancınık İnşa Et\n%1\nBedel: %2\nİnşa süresi: %3sn"
"Build Ballista\n%1\nCost: %2\nBuild time: %3s","Balista İnşa Et\n%1\nBedel: %2\nİnşa süresi: %3sn"
"Build Defense Tower\n%1\nCost: %2\nBuild time: %3s","Savunma Kulesi İnşa Et\n%1\nBedel: %2\nİnşa süresi: %3sn"
"Build Home\n%1\nCost: %2\nBuild time: %3s","Ev İnşa Et\n%1\nBedel: %2\nİnşa süresi: %3sn"
"Build Farm\n%1\nCost: %2\nBuild time: %3s","Tarla İnşa Et\n%1\nBedel: %2\nİnşa süresi: %3sn"
"Grows grain in cycles\nBuilders reap it for the food that recruits civilians","Dönemler hâlinde tahıl yetiştirir\nİnşaatçılar sivil devşiren yiyecek için onu biçer"
"Build Wall Segment\n%1\nCost: %2\nBuild time: %3s","Sur Parçası İnşa Et\n%1\nBedel: %2\nİnşa süresi: %3sn"
"Build Wall Gate\n%1\nCost: %2\nBuild time: %3s","Sur Kapısı İnşa Et\n%1\nBedel: %2\nİnşa süresi: %3sn"
"Build Marketplace\n%1\nCost: %2\nBuild time: %3s","Pazar İnşa Et\n%1\nBedel: %2\nİnşa süresi: %3sn"
"Temple","Tapınak"
"Build Temple\n%1\nCost: %2\nBuild time: %3s","Tapınak İnşa Et\n%1\nBedel: %2\nİnşa süresi: %3sn"
"Sanctuary of the nation\nWide vision and a durable settlement anchor","Ulusun kutsal yeri\nGeniş görüş ve dayanıklı bir yerleşim çapası"
"MARKETPLACE","PAZAR"
"Trade resources for gold at fixed exchange rates","Sabit kurlarla altın karşılığı kaynak ticareti yap"
"Select your marketplace to trade","Ticaret yapmak için pazarını seç"
"Gold: %1    Trade size: %2","Altın: %1    Ticaret büyüklüğü: %2"
"Trading is available only for your own marketplace.","Ticaret yalnızca kendi pazarında yapılabilir."
"You have %1","Elinde %1 var"
"Buy %1 (%2g)","%1 al (%2a)"
"Spend %1 gold to buy %2 %3","%2 %3 almak için %1 altın harca"
"Sell %1 (+%2g)","%1 sat (+%2a)"
"Sell %1 %2 for %3 gold","%1 %2 karşılığında %3 altın al"
"TEMPLE","TAPINAK"
"The sanctuary of your nation, raised in its own architectural style","Ulusunun kendi mimari üslubunda yükseltilmiş kutsal yeri"
"Watches over a wide stretch of ground and holds a settlement together","Geniş bir araziyi gözetler ve yerleşimi bir arada tutar"
"TAKE VOWS","YEMİN ETTİR"
"Temple reserve: %1 / %2","Tapınak yedeği: %1 / %2"
"Deliver civilians here to raise the temple's reserve","Tapınağın yedeğini artırmak için buraya sivil teslim et"
"FARM","TARLA"
"Grain ripens every %1s and a builder reaps %2 food from it","Tahıl her %1sn'de bir olgunlaşır ve bir inşaatçı ondan %2 yiyecek biçer"
"Ripe","Olgun"
"%1% grown · %2s","%%1 büyüdü · %2sn"
"Select your farm to see its crop.","Ekinini görmek için tarlanı seç."
"A builder is on its way to harvest.","Bir inşaatçı hasat için yolda."
"Send a builder with Collect, or leave Auto Gather running.","Topla ile bir inşaatçı yolla ya da Otomatik Topla'yı açık bırak."
"Harvested %1 times so far.","Şimdiye dek %1 kez hasat edildi."
"No Barracks","Kışla Yok"
"Select a barracks to recruit units","Birim devşirmek için bir kışla seç"
"food","yiyecek"
"wood","odun"
"stone","taş"
"iron","demir"
"Select your marketplace to trade.","Ticaret yapmak için pazarını seç."
"The marketplace does not trade that.","Pazar bunun ticaretini yapmıyor."
"Not enough gold to buy %1.","%1 almak için yeterli altın yok."
"Not enough %1 to sell.","Satmak için yeterli %1 yok."
"System","Sistem"
"Camera","Kamera"
"Selection","Seçim"
"Orders","Emirler"
"Commander movement","Komutan hareketi"
"Commander combat","Komutan çarpışması"
"Open menu","Menüyü aç"
"Also cancels a placement or rally in progress","Süren bir yerleştirmeyi ya da toplanmayı da iptal eder"
"Switch between army and commander","Ordu ile komutan arasında geç"
"Quick save","Hızlı kaydet"
"Quick load","Hızlı yükle"
"Pause","Duraklat"
"Speed up the battle","Savaşı hızlandır"
"Steps through the speeds shown on the top bar","Üst çubukta gösterilen hızlar arasında ilerletir"
"Slow down the battle","Savaşı yavaşlat"
"Pan camera up","Kamerayı yukarı kaydır"
"Slides the view north over the battlefield. Hold Shift to cover twice the ground per step.","Görüşü savaş alanı üzerinde kuzeye kaydırır. Her adımda iki kat yol almak için Shift'i basılı tut."
"Pan camera down","Kamerayı aşağı kaydır"
"Slides the view south. Hold Shift to move faster.","Görüşü güneye kaydırır. Daha hızlı gitmek için Shift'i basılı tut."
"Pan camera left","Kamerayı sola kaydır"
"Slides the view west. Hold Shift to move faster.","Görüşü batıya kaydırır. Daha hızlı gitmek için Shift'i basılı tut."
"Pan camera right","Kamerayı sağa kaydır"
"Slides the view east. Hold Shift to move faster.","Görüşü doğuya kaydırır. Daha hızlı gitmek için Shift'i basılı tut."
"Rotate camera left","Kamerayı sola döndür"
"Swings the view anticlockwise around the point you are looking at. Hold Shift to swing further.","Görüşü baktığın noktanın çevresinde saat yönünün tersine çevirir. Daha çok çevirmek için Shift'i basılı tut."
"Rotate camera right","Kamerayı sağa döndür"
"Swings the view clockwise around the point you are looking at. Hold Shift to swing further.","Görüşü baktığın noktanın çevresinde saat yönünde çevirir. Daha çok çevirmek için Shift'i basılı tut."
"Tilt camera up","Kamerayı yukarı eğ"
"Raises the camera towards an overhead view. Hold Shift to tilt further.","Kamerayı tepeden görünüme yükseltir. Daha çok eğmek için Shift'i basılı tut."
"Tilt camera down","Kamerayı aşağı eğ"
"Lowers the camera towards the horizon. Hold Shift to tilt further.","Kamerayı ufka doğru alçaltır. Daha çok eğmek için Shift'i basılı tut."
"Zoom in","Yakınlaştır"
"Moves the camera closer. The mouse wheel does the same.","Kamerayı yaklaştırır. Fare tekerleği de aynı işi görür."
"Zoom out","Uzaklaştır"
"Pulls the camera back. The mouse wheel does the same.","Kamerayı geri çeker. Fare tekerleği de aynı işi görür."
"Reset camera","Kamerayı sıfırla"
"Returns to your own camp at the framing the mission opened with. The top bar has the same button.","Görevin açıldığı çerçeveyle kendi kampına döner. Üst çubukta da aynı düğme var."
"Select unit or drag a selection box","Birim seç ya da bir seçim kutusu sürükle"
"Select all troops","Bütün birlikleri seç"
"Move or attack-move to the cursor","İmlece hareket et ya da saldırarak ilerle"
"Stop","Dur"
"Attack","Saldır"
"Move","Hareket"
"Patrol","Devriye"
"Guard","Nöbet"
"Hold position","Mevziyi tut"
"Deploy the selection in a formation","Seçimi bir düzende yerleştir"
"Opens the formation planner for the selected troops","Seçili birlikler için düzen planlayıcısını açar"
"Place commander rally flag","Komutan toplanma sancağını yerleştir"
"Takes priority over anything else on its key while a rally can be placed","Bir toplanma yerleştirilebilirken kendi tuşundaki her şeyin önüne geçer"
"Rotate structure outline left","Yapı taslağını sola döndür"
"Turns the structure or wall you are placing anticlockwise. The mouse wheel does the same.","Yerleştirdiğin yapıyı ya da suru saat yönünün tersine çevirir. Fare tekerleği de aynı işi görür."
"Rotate structure outline right","Yapı taslağını sağa döndür"
"Turns the structure or wall you are placing clockwise. The mouse wheel does the same.","Yerleştirdiğin yapıyı ya da suru saat yönünde çevirir. Fare tekerleği de aynı işi görür."
"Move forward","İleri git"
"Move back","Geri git"
"Strafe left","Sola yanlamasına git"
"Strafe right","Sağa yanlamasına git"
"Turn left","Sola dön"
"Turn right","Sağa dön"
"Sprint","Koş"
"Dodge","Sıyrıl"
"Jump","Sıçra"
"Heavy attack","Ağır saldırı"
"Branches or finishes the current commander combo","Şimdiki komutan kombosunu dallandırır ya da bitirir"
"Block","Siper al"
"Cycle locked target","Kilitli hedefi değiştir"
"Weapon special","Silah özel"
"Use while guarding to shield bash","Kalkan vuruşu için siper alırken kullan"
"Vanguard rush","Öncü hamlesi"
"Second wind","İkinci nefes"
"Commanding aura","Komuta aurası"
"Rally nearby troops","Yakındaki birlikleri topla"
"Switch between melee weapon and bow","Yakın dövüş silahı ile yay arasında geç"
"Toggle first and third person","Birinci ve üçüncü şahıs arasında geç"
"No ground under the cursor","İmlecin altında zemin yok"
"Cannot reach","Ulaşılamıyor"
"Hauling a load - cannot be interrupted","Yük taşıyor - bölünemez"
"No match is running","Süren bir maç yok"
"Spectating","İzleniyor"
"Nothing selected","Hiçbir şey seçilmedi"
"No target under the cursor","İmlecin altında hedef yok"
"Save: the match advanced while it was being captured. Please try again.","Kaydetme: maç yakalanırken ilerledi. Lütfen tekrar deneyin."
"Recruit %1","%1 devşir"
"Show unit details","Birim ayrıntılarını göster"
"Gold","Altın"
"Food","Yiyecek"
"Timber","Kereste"
"Stone","Taş"
"Iron","Demir"
"%1 %2/%3","%1 %2/%3"
"GUARD BROKEN","SİPER KIRILDI"
"PUNISH","KUSURSUZ"
"FINISHER","BİTİRİCİ"
"HP %1/%2","CAN %1/%2"
"TARGET","HEDEF"
"%1%","%%1"
"STAGGERED","SERSEMLEDİ"
"BOW  ·  X","YAY  ·  X"
"BLADE  ·  X","KILIÇ  ·  X"
"SPECIAL","ÖZEL"
"RUSH","HAMLE"
"WIND","NEFES"
"READY","HAZIR"
"Save payload has no checksum","Kayıt verisinde sağlama toplamı yok"
"Save payload is corrupted (stored checksum mismatch)","Kayıt verisi bozuk (saklanan sağlama toplamı uyuşmuyor)"
"Save payload is corrupted (decompression failed)","Kayıt verisi bozuk (açma başarısız)"
"Save payload is corrupted (expected %1 bytes, got %2)","Kayıt verisi bozuk (%1 bayt bekleniyordu, %2 alındı)"
"Save payload is corrupted (content checksum mismatch)","Kayıt verisi bozuk (içerik sağlama toplamı uyuşmuyor)"
"Not a Standard of Iron save file","Bu bir Standard of Iron kayıt dosyası değil"
"Unsupported save file version %1 (expected %2)","Desteklenmeyen kayıt dosyası sürümü %1 (%2 bekleniyordu)"
"Save file header is truncated","Kayıt dosyası başlığı eksik"
"Save file header is corrupted: %1","Kayıt dosyası başlığı bozuk: %1"
"Save file uses an unknown compression format","Kayıt dosyası bilinmeyen bir sıkıştırma biçimi kullanıyor"
"Save file declares implausible sizes","Kayıt dosyası akla yatkın olmayan boyutlar bildiriyor"
"Save file body is truncated","Kayıt dosyası gövdesi eksik"
"Save file preview image is corrupted","Kayıt dosyası önizleme görüntüsü bozuk"
"Save game","Oyunu kaydet"
"Cancel","İptal"
"Save Name:","Kayıt Adı:"
"Enter save name...","Kayıt adını gir..."
"Save","Kaydet"
"Name the save first.","Önce kayda bir ad ver."
"Existing Saves","Var Olan Kayıtlar"
"Untitled Save","Adsız Kayıt"
"Unknown Map","Bilinmeyen Harita"
"No Preview","Önizleme Yok"
"Slot: %1","Yuva: %1"
"%1 - %2 (%3 KB on disk)","%1 - %2 (diskte %3 KB)"
"Campaign","Sefer"
"Skirmish","Çatışma"
"Last saved: %1","Son kayıt: %1"
"Overwrite","Üzerine yaz"
"Confirm Overwrite","Üzerine Yazmayı Onayla"
"Are you sure you want to overwrite the save:\n""%1""?","Şu kaydın üzerine yazmak istediğine emin misin:\n""%1""?"
"Save failed","Kaydetme başarısız"
"Saving ""%1""","""%1"" kaydediliyor"
"Cancel","İptal"
"Cannot export a save with an empty name","Adı boş bir kayıt dışa aktarılamaz"
"Failed to begin transaction","İşlem başlatılamadı"
"Failed to commit transaction","İşlem tamamlanamadı"
"Failed to open save database","Kayıt veritabanı açılamadı"
"Failed to read schema version","Şema sürümü okunamadı"
"Failed to record schema version","Şema sürümü kaydedilemedi"
"Failed to drop table %1","%1 tablosu silinemedi"
"Failed to create save schema","Kayıt şeması oluşturulamadı"
"Failed to prepare save query","Kayıt sorgusu hazırlanamadı"
"Failed to persist save slot","Kayıt yuvası saklanamadı"
"Failed to read save slot","Kayıt yuvası okunamadı"
"Save slot '%1' not found","'%1' kayıt yuvası bulunamadı"
"Save slot '%1' uses unsupported format version %2","'%1' kayıt yuvası desteklenmeyen %2 biçim sürümünü kullanıyor"
"Save slot '%1' uses an unknown compression format","'%1' kayıt yuvası bilinmeyen bir sıkıştırma biçimi kullanıyor"
"Failed to enumerate save slots","Kayıt yuvaları listelenemedi"
"Failed to look up save slot","Kayıt yuvası aranamadı"
"Failed to store save preview","Kayıt önizlemesi saklanamadı"
"Failed to delete save slot","Kayıt yuvası silinemedi"
"Failed to get campaign progress","Sefer ilerlemesi alınamadı"
"Failed to mark campaign as completed","Sefer tamamlandı olarak işaretlenemedi"
"Failed to prepare mission result insert","Görev sonucu ekleme sorgusu hazırlanamadı"
"Failed to save mission result","Görev sonucu kaydedilemedi"
"Failed to get mission progress","Görev ilerlemesi alınamadı"
"Failed to get campaign mission progress","Sefer görevi ilerlemesi alınamadı"
"Failed to register campaign mission","Sefer görevi kaydedilemedi"
"Failed to prune removed campaign missions","Kaldırılmış sefer görevleri temizlenemedi"
"Failed to look up the completed mission","Tamamlanan görev bulunamadı"
"Mission %1 is not part of campaign %2","%1 görevi %2 seferinin parçası değil"
"Failed to mark mission as completed","Görev tamamlandı olarak işaretlenemedi"
"Failed to find the next mission","Sonraki görev bulunamadı"
"Failed to unlock next mission","Sonraki görevin kilidi açılamadı"
"Failed to count remaining missions","Kalan görevler sayılamadı"
"Protanopia (red-blind)","Protanopi (kırmızı körlüğü)"
"Deuteranopia (green-blind)","Döteranopi (yeşil körlüğü)"
"Tritanopia (blue-blind)","Tritanopi (mavi körlüğü)"
"Standard","Standart"
"Camera legend","Kamera açıklaması"
"Economy prompts","Ekonomi ipuçları"
"Formation readout","Düzen göstergesi"
"Lists the camera controls the first time a mission starts","Bir görev ilk kez başladığında kamera denetimlerini sıralar"
"Walks through the opening economy steps of a mission","Bir görevin açılış ekonomi adımlarını adım adım anlatır"
"Shows cohesion and phase after you send several units somewhere together, until the selection changes","Birkaç birimi birlikte bir yere yolladıktan sonra, seçim değişene kadar bütünlüğü ve evreyi gösterir"
"Off","Kapalı"
"Important only","Yalnızca önemliler"
"All hits","Bütün vuruşlar"
"Borderless","Kenarlıksız"
"Windowed","Pencereli"
"Fullscreen","Tam ekran"
"Settings","Ayarlar"
"Close","Kapat"
"Audio Settings","Ses Ayarları"
"Master Volume:","Ana Ses:"
"Music Volume:","Müzik Sesi:"
"SFX Volume:","Efekt Sesi:"
"Voice Volume:","Konuşma Sesi:"
"Ambience Volume:","Ortam Sesi:"
"Display Settings","Görüntü Ayarları"
"Window Mode:","Pencere Kipi:"
"VSync","VSync"
"Synchronises frames with your display to remove tearing. Toggling it takes effect the next time the game starts.","Yırtılmayı gidermek için kareleri ekranınla eşitler. Değiştirmek, oyun bir sonraki başlayışında etkili olur."
"Show FPS counter","FPS sayacını göster"
"Displays a small frame-rate readout during battle","Savaş sırasında küçük bir kare hızı göstergesi gösterir"
"Graphics Settings","Grafik Ayarları"
"Graphics Quality:","Grafik Kalitesi:"
"Controls","Denetimler"
"Edge scrolling","Kenardan kaydırma"
"Pans the camera when the cursor reaches the edge of the screen. Keyboard panning, right-drag and the minimap keep working either way.","İmleç ekranın kenarına vardığında kamerayı kaydırır. Klavyeyle kaydırma, sağ tuşla sürükleme ve mini harita her durumda çalışmayı sürdürür."
"Edge scroll strength:","Kenardan kaydırma gücü:"
"Sets both how far in from the edge the band reaches and how fast the camera moves inside it. At this setting the band is %1 px along the sides and %2 px along the top and bottom, measured at your interface scale.","Hem şeridin kenardan ne kadar içeri uzandığını hem de kameranın içinde ne hızda hareket ettiğini belirler. Bu ayarda şerit yanlarda %1 px, üstte ve altta %2 px'tir; arayüz ölçeğine göre ölçülmüştür."
"Camera pan speed:","Kamera kaydırma hızı:"
"Camera zoom speed:","Kamera yakınlaştırma hızı:"
"Camera rotation speed:","Kamera döndürme hızı:"
"Scales keyboard panning, zooming and rotation; drag and minimap movement stay unchanged.","Klavyeyle kaydırmayı, yakınlaştırmayı ve döndürmeyi ölçekler; sürükleme ve mini harita hareketi değişmez."
"Autosave","Otomatik kayıt"
"Autosaves to keep:","Tutulacak otomatik kayıt:"
"Autosave every:","Otomatik kayıt sıklığı:"
"%1 min","%1 dk"
"Older autosaves beyond this count are deleted automatically.","Bu sayının ötesindeki eski otomatik kayıtlar kendiliğinden silinir."
"Accessibility","Erişilebilirlik"
"Interface Scale:","Arayüz Ölçeği:"
"Colour Vision:","Renk Görüşü:"
"Reduce motion","Hareketi azalt"
"Removes transitions and idle animations across every screen","Her ekrandaki geçişleri ve boşta duran canlandırmaları kaldırır"
"High contrast","Yüksek karşıtlık"
"Raises panel and text contrast for low vision","Az gören için panel ve metin karşıtlığını artırır"
"Always show keyboard focus","Klavye odağını her zaman göster"
"Keeps the focus outline visible even after clicking","Tıkladıktan sonra bile odak çerçevesini görünür tutar"
"Team ring patterns","Takım halkası desenleri"
"On automatically while a colour vision mode is selected","Bir renk görüşü kipi seçiliyken kendiliğinden açık olur"
"Marks each side with its own selection ring shape as well as its colour","Her tarafı renginin yanı sıra kendi seçim halkası biçimiyle de işaretler"
"Damage numbers:","Hasar sayıları:"
"Numbers are a readout, not the feedback. Combat stays readable from motion, sound and hit reactions with them off.","Sayılar bir göstergedir, geri bildirim değil. Onlar kapalıyken de çarpışma harekete, sese ve vuruş tepkilerine bakılarak okunabilir."
"Economy numbers","Ekonomi sayıları"
"Floats resource, trade and reserve changes over the building they happened at","Kaynak, ticaret ve yedek değişimlerini gerçekleştikleri yapının üstünde uçurur"
"Prompts and readouts:","İpuçları ve göstergeler:"
"Screen effects:","Ekran etkileri:"
"Camera motion:","Kamera hareketi:"
"Reduces head bob and sway while leading the commander. It never limits camera movement you ask for.","Komutanı yönetirken baş sallanmasını ve savrulmayı azaltır. Senin istediğin kamera hareketini asla sınırlamaz."
"These settings apply to the campaign, skirmish and editor tools alike.","Bu ayarlar sefer, çatışma ve düzenleyici araçlarının hepsinde geçerlidir."
"Language","Dil"
"Select Language:","Dil Seç:"
"Language changes apply immediately","Dil değişiklikleri anında uygulanır"
"About","Hakkında"
"Standard of Iron - RTS game","Standard of Iron - RTS oyunu"
"Version %1","Sürüm %1"
"Third-Party Software","Üçüncü Taraf Yazılımlar"
"This game uses the Qt framework, licensed under the GNU Lesser General Public License v3 (LGPL v3).","Bu oyun, GNU Lesser General Public License v3 (LGPL v3) altında lisanslanan Qt çatısını kullanır."
"Qt is dynamically linked, allowing you to replace Qt libraries with your own versions.","Qt devingen olarak bağlanır, böylece Qt kitaplıklarını kendi sürümlerinle değiştirebilirsin."
"LGPL v3 License","LGPL v3 Lisansı"
"Qt Website","Qt Web Sitesi"
"Music and sound effects generated with ElevenLabs under a licence that permits commercial use.","Müzik ve ses efektleri, ticari kullanıma izin veren bir lisans altında ElevenLabs ile üretildi."
"Voice lines recorded by Adam Djellouli.","Konuşmalar Adam Djellouli tarafından kaydedildi."
"ElevenLabs","ElevenLabs"
"Listening Preset:","Dinleme Profili:"
"Headphones","Kulaklık"
"Speakers","Hoparlör"
"Night","Gece Modu"
"Invalid team configuration: At least two teams must be selected to start a match.","Geçersiz takım ayarı: Bir maç başlatmak için en az iki takım seçilmeli."
"The order was excellent. It was given to nobody.","Emir kusursuzdu. Kimseye verilmedi."
"There is no road to that place. There may never have been one.","O yere giden bir yol yok. Belki hiç olmadı."
"The quartermaster has checked twice. There is nothing behind the second check.","Levazımcı iki kez baktı. İkinci bakışın ardında hiçbir şey yok."
"We have the barracks, the coin and the will. We lack the people.","Kışlamız, paramız ve irademiz var. İnsanımız yok."
"They are carrying something heavier than your orders.","Emirlerinden daha ağır bir şey taşıyorlar."
"Willing, sir. Simply not that willing, and not from here.","İstekliyiz efendim. Yalnızca o kadar değil ve buradan değil."
"Those are not ours to command. They have been very clear about it.","Onlar bizim emrimizde değil. Bunu gayet açık belirttiler."
"Nothing there answers to that order. We checked.","Orada o emre yanıt veren bir şey yok. Baktık."
"Red","Kırmızı"
"Blue","Mavi"
"Brown","Kahverengi"
"Green","Yeşil"
"Yellow","Sarı"
"Orange","Turuncu"
"Purple","Mor"
"Cyan","Camgöbeği"
"Pink","Pembe"
"stone %1 / %2 · iron %3 / %4","taş %1 / %2 · demir %3 / %4"
"Builders cannot fight. This order needs soldiers - select the spearmen, archers or swordsmen near your camp.","İnşaatçılar çarpışamaz. Bu emir asker ister - kampının yakınındaki mızrakçıları, okçuları ya da kılıççıları seç."
"That is a building. Orders in this step need soldiers - left-click one of the troops standing near your camp.","O bir yapı. Bu adımdaki emirler asker ister - kampının yakınında duran birliklerden birine sol tıkla."
"Nothing is selected, so there is nobody to receive the order. Left-click a soldier or drag a box around several.","Hiçbir şey seçili değil, yani emri alacak kimse yok. Bir askere sol tıkla ya da birkaçının çevresine kutu çiz."
"Collect and Build are only available to builders - soldiers and buildings cannot do this work. Select a builder (the worker with the hammer) first.","Topla ve İnşa yalnızca inşaatçılarda kullanılabilir - askerler ve yapılar bu işi yapamaz. Önce bir inşaatçı (çekiçli işçi) seç."
"No builder is selected. Left-click one of the builders standing by your barracks.","Hiçbir inşaatçı seçili değil. Kışlanın yanında duran inşaatçılardan birine sol tıkla."
"That is a building. Left-click one of the soldiers standing near your camp instead.","O bir yapı. Bunun yerine kampının yakınında duran askerlerden birine sol tıkla."
"A Home costs %1 wood and %2 stone; you have %3 wood and %4 stone. The Build card stays grey until the yard holds enough - send a builder to collect the difference.","Bir Ev %1 odun ve %2 taş tutar; sende %3 odun ve %4 taş var. Avlu yetecek kadar tutana dek İnşa kartı gri kalır - farkı toplaması için bir inşaatçı yolla."
"A red outline means the site is blocked: too close to another building, on water or on a slope. Move it onto flat, open ground and left-click to confirm. Right-click cancels.","Kırmızı taslak alanın kapalı olduğunu gösterir: başka bir yapıya fazla yakın, suyun üstünde ya da eğimde. Onu düz ve açık zemine taşı ve onaylamak için sol tıkla. Sağ tık iptal eder."
"Recruits come from the barracks. Left-click your barracks to open its production panel on the right.","Devşirilenler kışladan gelir. Sağdaki üretim panelini açmak için kışlana sol tıkla."
"The barracks has only %1 reserve left to draw on. Every recruit costs reserve; when it runs dry, build Homes - each Home raises families, and a civilian recruited there and sent to the barracks with Deliver refills it.","Kışlanın çekebileceği yalnızca %1 yedek kaldı. Her devşirme yedek harcar; tükendiğinde Ev inşa et - her Ev aile yetiştirir ve orada devşirilip Teslim et ile kışlaya yollanan bir sivil yedeği tazeler."
"A recruit card turns grey when a resource is short: soldiers need wood for shafts and iron for blades. Send a builder to collect more.","Bir kaynak eksildiğinde devşirme kartı grileşir: askerler saplar için odun, ağızlar için demir ister. Daha fazlasını toplaması için bir inşaatçı yolla."
"The raiders are here. Keep your soldiers together near the barracks: spearmen in front, archers behind, and the commander close so his aura reaches them.","Akıncılar burada. Askerlerini kışlanın yakınında bir arada tut: önde mızrakçılar, arkada okçular ve aurası onlara erişsin diye komutan yakında."
"The Roman raid is on its way. The wave tracker under the top bar counts it down and the minimap marks where it will enter.","Roma baskını yolda. Üst çubuğun altındaki dalga takipçisi geri sayar ve mini harita nereden gireceğini işaretler."
"The Aura command only appears when your commander is selected. He is the standard-bearer with the crown badge, near the barracks.","Aura komutu yalnızca komutanın seçiliyken görünür. O, kışlanın yakınındaki taçlı nişanı taşıyan sancaktardır."
"The aura is recharging or the commander is wounded; the button lights up again when it is ready.","Aura yenileniyor ya da komutan yaralı; hazır olduğunda düğme yeniden yanar."
"The Roman commander is still alive. A nation dies with the man who leads it - kill him and the camp falls.","Roma komutanı hâlâ yaşıyor. Bir ulus, kendisini yöneten adamla birlikte ölür - onu öldür, kamp düşer."
"Select your troops","Birliklerini seç"
"Move, and read the feedback","Hareket et ve geri bildirimi oku"
"Attack the Roman scouts","Roma izcilerine saldır"
"Fell timber","Kereste devir"
"Quarry stone, mine iron","Taş kır, demir çıkar"
"Raise a Home","Bir Ev yükselt"
"Recruit a soldier","Bir asker devşir"
"Assemble an army","Bir ordu topla"
"Defend the camp","Kampı savun"
"Guard, Hold and Patrol","Nöbet, Mevzi ve Devriye"
"Your commander","Komutanın"
"The camera","Kamera"
"Pause and game speed","Duraklatma ve oyun hızı"
"Objectives","Hedefler"
"Take the Roman camp","Roma kampını al"
"Everything starts with a selection. Left-click a soldier to select it, or hold the left button and drag a box around several. Selected troops show a ring at their feet, and the panel at the bottom lists who is under your command.","Her şey bir seçimle başlar. Bir askeri seçmek için sol tıkla ya da sol tuşu basılı tutup birkaçının çevresine kutu çiz. Seçili birliklerin ayaklarında bir halka belirir ve alttaki panel emrindeki kişileri sıralar."
"With troops selected, right-click on the ground to march there. A marker appears where they are headed and the banner above the command grid confirms the order. A rejected order says why it could not be carried out - read the banner when nothing happens.","Birlikler seçiliyken oraya yürümeleri için zemine sağ tıkla. Gittikleri yerde bir işaret belirir ve komut ızgarasının üstündeki şerit emri onaylar. Geri çevrilen bir emir neden yerine getirilemediğini söyler - hiçbir şey olmadığında şeridi oku."
"A Roman scouting party stands just beyond your tents; the minimap marks enemies in red. Right-click an enemy to attack it, or press Attack and click the target. While your troops fight, the target panel above the command grid tracks the enemy's health.","Çadırlarının hemen ötesinde bir Roma keşif kolu duruyor; mini harita düşmanları kırmızıyla işaretler. Saldırmak için bir düşmana sağ tıkla ya da Saldır'a basıp hedefe tıkla. Birliklerin çarpışırken komut ızgarasının üstündeki hedef paneli düşmanın canını izler."
"Wood pays for nearly everything. Select a builder, press Collect and click a pine tree. The builder fells it, carries the logs to the stone yard beside your barracks, and only when the load is dropped there does the wood counter in the top bar rise. Auto Gather keeps a builder working the nearest nodes on its own.","Neredeyse her şeyin bedelini odun öder. Bir inşaatçı seç, Topla'ya bas ve bir çam ağacına tıkla. İnşaatçı onu devirir, kütükleri kışlanın yanındaki taş avlusuna taşır ve odun sayacı üst çubukta ancak yük oraya bırakılınca yükselir. Otomatik Topla, bir inşaatçıyı en yakın kaynaklarda kendiliğinden çalıştırır."
"Boulders yield stone for buildings and towers; ore seams yield iron for blades and armour. Both are hauled to the same barracks yard, which fills up as your stores grow. Gold comes with the camp and from trade at a marketplace. Set one builder on the boulders and another on the ore.","Kayalar yapılar ve kuleler için taş verir; cevher damarları kılıçlar ve zırhlar için demir verir. İkisi de aynı kışla avlusuna taşınır ve avlu deposun büyüdükçe dolar. Altın kampla birlikte gelir ve pazardaki ticaretten kazanılır. Bir inşaatçıyı kayalara, bir başkasını cevhere koş."
"Select a builder and press Build to open the structure list. Each card shows its cost in wood, stone and gold; a grey card means you cannot afford it yet. Choose Home, then move the outline: green means the ground is flat and clear, red means it is blocked. Scroll to rotate, left-click to confirm. Homes raise the families your barracks will later recruit from.","Bir inşaatçı seç ve yapı listesini açmak için İnşa'ya bas. Her kart bedelini odun, taş ve altın olarak gösterir; gri bir kart henüz gücünün yetmediği anlamına gelir. Ev'i seç, sonra taslağı gezdir: yeşil zeminin düz ve boş olduğunu, kırmızı ise kapalı olduğunu gösterir. Döndürmek için tekerleği çevir, onaylamak için sol tıkla. Evler, kışlanın sonradan devşireceği aileleri yetiştirir."
"Left-click your barracks and pick a soldier from the production panel. Every recruit costs population and resources: the population comes from the barracks' own pool, shown on the card, and refills when civilians from your Homes are delivered to it. The bar in the top panel shows your army against the map's population cap.","Kışlana sol tıkla ve üretim panelinden bir asker seç. Her devşirme nüfus ve kaynak harcar: nüfus, kartta gösterilen kışlanın kendi havuzundan gelir ve Evlerinden gelen siviller oraya teslim edildikçe tazelenir. Üst paneldeki çubuk, ordunu haritanın nüfus sınırına karşı gösterir."
"One soldier is not an army. Keep recruiting until you field eight - mix spearmen to hold a line with archers to punish whatever charges it. If a card turns grey, the tutorial hint tells you what ran short. New recruits gather at the barracks' rally flag; set one from the production panel.","Bir asker ordu değildir. Sekiz kişilik bir kuvvet çıkarana kadar devşirmeyi sürdür - hattı tutacak mızrakçıları, üzerine hücum edeni cezalandıracak okçularla karıştır. Bir kart grileşirse eğitim ipucu neyin eksildiğini söyler. Yeni devşirilenler kışlanın toplanma sancağında toplanır; üretim panelinden bir tane belirle."
"A Roman raid is coming. The wave tracker counts it down and the minimap marks its entry point. Form up near your barracks: spearmen in front, archers behind, and the commander close so his aura reaches them. Break the raid to continue.","Bir Roma baskını geliyor. Dalga takipçisi geri sayar ve mini harita giriş noktasını işaretler. Kışlanın yakınında diz: önde mızrakçılar, arkada okçular ve aurası onlara erişsin diye komutan yakında. Sürdürmek için baskını kır."
"Soldiers can be told how to behave, and the three orders are not the same. Guard: click a spot; they meet anything that comes near it, then walk back to it. Hold: they never take a step, but they reach further, hit harder and brace against a charge - archers and spearmen only. Patrol: click two waypoints and they march the beat between them, fighting whatever crosses it. Hover any of the three to read the full rules, then give one of them to your soldiers.","Askerlere nasıl davranacakları söylenebilir ve bu üç emir aynı şey değildir. Nöbet: bir noktaya tıkla; yakınına gelen her şeyi karşılar, sonra oraya geri yürürler. Mevzi: bir adım bile atmazlar, ama daha uzağa erişir, daha sert vurur ve bir hücuma karşı payanda alırlar - yalnızca okçular ve mızrakçılar. Devriye: iki ara noktaya tıkla, aralarında mekik dokur ve hattı geçen her şeyle çarpışırlar. Kuralların tamamını okumak için üçünden birinin üzerine gel, sonra askerlerine birini ver."
"Your commander carries the standard. Troops near him fight with higher morale, and while he is selected two commands appear: Aura empowers every soldier in a ring around him for a stretch and then recharges - the button prints the radius, how long it lasts and how long until it returns - and Rally plants a flag that the army marches to. If he dies, your lines break and the mission is lost - keep him behind the spears. Trigger the Aura now.","Sancağı komutanın taşır. Ona yakın birlikler daha yüksek morille çarpışır ve o seçiliyken iki komut belirir: Aura, çevresindeki halkadaki her askeri bir süre güçlendirir ve sonra yenilenir - düğme yarıçapı, ne kadar sürdüğünü ve dönmesine ne kadar kaldığını yazar - Toplanma ise ordunun yürüdüğü bir sancak diker. Ölürse hatların dağılır ve görev kaybedilir - onu mızrakların gerisinde tut. Şimdi Aurayı tetikle."
"Move the view with the arrow keys or WASD, or push the mouse to the screen edge. Scroll to zoom, Q and E rotate, Ctrl with the up and down arrows tilts, and Home returns to your camp. Follow keeps the camera on your selection. Move the camera now.","Görüşü ok tuşları ya da WASD ile hareket ettir veya fareyi ekran kenarına it. Yakınlaştırmak için tekerleği çevir, döndürmek için Q ve E, eğmek için Ctrl ile yukarı ve aşağı oklar ve kampına dönmek için Home. İzle, kamerayı seçiminin üzerinde tutar. Şimdi kamerayı hareket ettir."
"The top-left buttons pause the battle and set the speed, from half up to quadruple. Space pauses too, and + and - step through the speeds without reaching for the bar. The active speed stays lit while paused, and you can change it there. Change the speed or pause and resume now.","Sol üstteki düğmeler savaşı duraklatır ve hızı yarımdan dört katına kadar ayarlar. Boşluk da duraklatır ve + ile -, çubuğa uzanmadan hızlar arasında ilerletir. Etkin hız duraklatılmışken de yanık kalır ve oradan değiştirilebilir. Şimdi hızı değiştir ya da duraklatıp sürdür."
"The star in the top bar shows your current objective. Press Escape and choose Objectives to read the full briefing: what wins the mission, what loses it, and any optional goals. Open it now, then return to the battle.","Üst çubuktaki yıldız şimdiki hedefini gösterir. Brifingin tamamını okumak için Escape'e bas ve Hedefler'i seç: görevi ne kazandırır, ne kaybettirir ve isteğe bağlı amaçlar nelerdir. Şimdi aç, sonra savaşa dön."
"You know everything the field will ask of you. The Roman camp lies across the meadow. Gather your army, keep the commander behind the line, and take the camp: kill the Roman commander and the mission is won.","Meydanın senden isteyeceği her şeyi biliyorsun. Roma kampı çayırın karşısında. Ordunu topla, komutanı hattın gerisinde tut ve kampı al: Roma komutanını öldür, görev kazanılır."
"Select at least one of your soldiers","Askerlerinden en az birini seç"
"Right-click the ground to move your selected troops","Seçili birliklerini hareket ettirmek için zemine sağ tıkla"
"Destroy the Roman scouting party (%1 soldiers)","Roma keşif kolunu yok et (%1 asker)"
"Deliver %1 wood to your barracks yard","Kışla avluna %1 odun teslim et"
"Deliver %1 stone and %2 iron","%1 taş ve %2 demir teslim et"
"Build a Home with a builder","Bir inşaatçıyla Ev inşa et"
"Recruit a soldier at the barracks and wait for it to march out","Kışlada bir asker devşir ve dışarı çıkmasını bekle"
"Field at least %1 soldiers","En az %1 asker çıkar"
"Break the Roman raid","Roma baskınını kır"
"Give a Guard, Hold or Patrol order","Bir Nöbet, Mevzi ya da Devriye emri ver"
"Select your commander and trigger the Aura","Komutanını seç ve Aurayı tetikle"
"Move, zoom or rotate the camera","Kamerayı hareket ettir, yakınlaştır ya da döndür"
"Change the game speed or pause and resume","Oyun hızını değiştir ya da duraklatıp sürdür"
"Open the Objectives screen","Hedefler ekranını aç"
"Kill the Roman commander and take the camp","Roma komutanını öldür ve kampı al"
"Tutorial","Eğitim"
"Tutorial %1/%2 · %3","Eğitim %1/%2 · %3"
"Show","Göster"
"Tutorial step","Eğitim adımı"
"TUTORIAL · STEP %1 OF %2","EĞİTİM · ADIM %1 / %2"
"Open the help screen","Yardım ekranını aç"
"Hide the tutorial card (it can be shown again)","Eğitim kartını gizle (yeniden gösterilebilir)"
"Well done - the tutorial is complete.","Aferin - eğitim tamamlandı."
"Well done. The next step follows in a moment, or press Continue.","Aferin. Sonraki adım birazdan gelir ya da Sürdür'e bas."
"Resume","Sürdür"
"Pause","Duraklat"
"Show me","Bana göster"
"Replay step","Adımı yeniden oynat"
"Skip step","Adımı atla"
"Continue","Sürdür"
"End tutorial","Eğitimi bitir"
"Iron Sepulcher %1","Demir Kabir %1"
"The shrine answers to you now. Its dead fall still.","Mabet artık sana yanıt veriyor. Ölüleri kımıldamadan yatıyor."
"The shrine is broken. Every risen guardian crumbles.","Mabet kırıldı. Kalkmış her bekçi ufalanıyor."
"The barrow gives up its hoard: %1.","Kurgan hazinesini veriyor: %1."
"Wave %1/%2","Dalga %1/%2"
"The Iron Sepulcher wakes. %1 rises to meet you.","Demir Kabir uyanıyor. %1 seni karşılamak için kalkıyor."
"%1 claws out of the ground.","%1 topraktan tırmalayarak çıkıyor."
"The risen guardians are put down. The ground is quiet.","Kalkmış bekçiler yatırıldı. Toprak sessiz."
"Attack","Saldır"
"Guard","Nöbet"
"Hold","Mevzi"
"Patrol","Devriye"
"Medic","Şifacı"
"Build","İnşa"
"Collect","Topla"
"Repair","Onar"
"Unit details","Birim ayrıntıları"
"Close the unit details","Birim ayrıntılarını kapat"
"No details are available for this unit.","Bu birim için ayrıntı yok."
"In the field","Sahada"
"Damage per second","Saniyedeki hasar"
"Range","Menzil"
"Health","Can"
"Speed","Hız"
"Sight","Görüş"
"What it can do","Neler yapabilir"
"Highlighted orders are the ones this selection can carry out right now.","Vurgulanan emirler bu seçimin şu anda yerine getirebileceği emirlerdir."
"What it costs","Neye mal olur"
"Reserve %1  ·  Build time %2s","Yedek %1  ·  İnşa süresi %2sn"
"Fields %n soldier(s) in one squad.","Tek bir müfrezede %n asker çıkarır."
"Strengths and weaknesses","Güçlü ve zayıf yanlar"
"History","Tarih"
"Line infantry","Hat piyadesi"
"Heavy infantry","Ağır piyade"
"Spear infantry","Mızrak piyadesi"
"Ranged","Menzilli"
"Skirmisher","Avcı"
"Cavalry","Süvari"
"War beast","Savaş hayvanı"
"Siege","Kuşatma"
"Command","Komuta"
"Support","Destek"
"Worker","İşçi"
"Civilian","Sivil"
"Caster","Büyücü"
"Shielded","Kalkanlı"
"Mounted","Atlı"
"Expendable","Gözden çıkarılabilir"
"Awakened","Uyanmış"
"Elite","Seçkin"
"Archer","Okçu"
"Swordsman","Kılıççı"
"Spearman","Mızrakçı"
"Mounted Knight","Atlı Şövalye"
"Horse Archer","Atlı Okçu"
"Horse Spearman","Atlı Mızrakçı"
"Healer","Şifacı"
"Skeleton Swordsman","İskelet Kılıççı"
"Skeleton Archer","İskelet Okçu"
"Grave Priest","Mezar Rahibi"
"Catapult","Mancınık"
"Ballista","Balista"
"War Elephant","Savaş Fili"
"Quintus Fabius Maximus","Quintus Fabius Maximus"
"Publius Cornelius Scipio","Publius Cornelius Scipio"
"Marcus Claudius Marcellus","Marcus Claudius Marcellus"
"Hanno the Great","Büyük Hanno"
"Hasdrubal Barca","Hasdrubal Barka"
"Hannibal Barca","Hannibal Barka"
"Builder","İnşaatçı"
"Sheep","Koyun"
"Wolf","Kurt"
"Unknown Troop","Bilinmeyen Birlik"
"African War Elephant","Afrika Savaş Fili"
"An ancient army marched with its own carpenters and masons, raising and fortifying a camp every night.","Antik bir ordu kendi marangozları ve taşçılarıyla yürür, her gece bir kamp kurup tahkim ederdi."
"Ancient armies kept surgeons close to the line; the wounded who walked away were the difference between a campaign and a rout.","Antik ordular cerrahlarını hattın yakınında tutardı; yürüyerek uzaklaşan yaralılar, bir seferle bozgun arasındaki farktı."
"Anti-cavalry spear line","Süvari karşıtı mızrak hattı"
"Archers are the answer to it, and massed bows bring it down before it closes.","Yanıtı okçulardır ve toplu yaylar onu yaklaşmadan indirir."
"As brittle as any archer, and it withers as soon as the line in front of it fails.","Herhangi bir okçu kadar kırılgandır ve önündeki hat çöker çökmez erir."
"Auxiliary Archer","Yardımcı Okçu"
"Battle caster","Savaş büyücüsü"
"Behind every field army stood the farms and quarries that fed it, and the people who worked them.","Her sahra ordusunun ardında onu besleyen tarlalar ve taş ocakları ile orada çalışan insanlar dururdu."
"Bows decided few ancient battles outright, but a volley loosed before contact could break a formation's nerve.","Yaylar antik savaşların pek azını tek başına belirledi, ama temastan önce salınan bir yaylım bir düzenin sinirini bozabilirdi."
"Breaks on a braced spear line, which cuts mounted troops down at more than twice the usual rate.","Payandalı bir mızrak hattında kırılır; o hat atlı birlikleri olağanın iki katından fazla bir hızla biçer."
"Cannot fight. Left unguarded it dies to anything that reaches it.","Çarpışamaz. Korumasız bırakılırsa kendisine ulaşan her şeye yem olur."
"Carries more health than any squad on the field, and its reach breaks a line that stands to receive it.","Meydandaki her müfrezeden çok can taşır ve erimi, onu karşılamak için duran bir hattı kırar."
"Carthage bought its archers from Libya and the islands, paying in silver what Rome demanded of its citizens.","Kartaca okçularını Libya'dan ve adalardan satın aldı; Roma'nın yurttaşlarından istediğini gümüşle ödedi."
"Carthage sent its own citizens into the line only when the city itself was threatened. The rest of the army was hired.","Kartaca kendi yurttaşlarını hatta ancak şehrin kendisi tehdit altındayken sürdü. Ordunun geri kalanı kiralıktı."
"Carthage took its elephants from the forests south of the Atlas, smaller than the Indian beasts but the terror of Italy.","Kartaca fillerini Atlas'ın güneyindeki ormanlardan aldı; Hint devlerinden küçük ama İtalya'nın kâbusuydular."
"Carthaginian Ballista","Kartaca Balistası"
"Carthaginian Catapult","Kartaca Mancınığı"
"Carthaginian engineers learned artillery from the Greek cities of Sicily, and then improved on it.","Kartaca istihkâmcıları topçuluğu Sicilya'nın Yunan şehirlerinden öğrendi, sonra da onu geliştirdi."
"Cavalry rarely charged an unbroken line. It waited for a flank to open and then finished the day.","Süvari kırılmamış bir hatta nadiren hücum ederdi. Bir kanadın açılmasını bekler, sonra günü bitirirdi."
"Citizen Infantry","Yurttaş Piyadesi"
"Close-order swordsmen were the expensive core of a Mediterranean army, drilled to hold a line rather than to duel.","Sıkı düzen kılıççıları, düello için değil hat tutmak için talim ettirilmiş, Akdeniz ordusunun pahalı çekirdeğiydi."
"Costs nothing to raise and never breaks, so it buys time no living troop would.","Yetiştirmesi hiçbir şeye mal olmaz ve asla dağılmaz, bu yüzden hiçbir canlı birliğin satın alamayacağı zamanı kazandırır."
"Cursed Arrow Volley","Lanetli Ok Yaylımı"
"Cursed missile line","Lanetli atış hattı"
"Defenceless at close quarters. Infantry that reaches it kills it in a few seconds.","Yakın mesafede savunmasızdır. Ona ulaşan piyade onu birkaç saniyede öldürür."
"Denies ground nothing else can reach, at well over twice an archer's range.","Bir okçunun menzilinin iki katından fazlasıyla, başka hiçbir şeyin erişemediği araziyi kapatır."
"Engineer and labourer","İstihkâmcı ve işçi"
"Equites","Equites"
"Every arrow that lands leaves a curse on its target, draining the will of the formation it struck.","İsabet eden her ok hedefinde bir lanet bırakır ve vurduğu düzenin iradesini emer."
"Expendable line infantry","Gözden çıkarılabilir hat piyadesi"
"Faber","Faber"
"Faction-defining heavy beast","Tarafı tanımlayan ağır hayvan"
"Fast enough to choose its own fight, and it rides down archers left without a screen.","Kendi çarpışmasını seçecek kadar hızlıdır ve perdesiz bırakılan okçuları ezer."
"Field surgeon","Sahra cerrahı"
"Fireball","Ateş Topu"
"Fragile once contacted. Cavalry overruns it whenever it has no melee screen.","Temas ettiğinde kırılgandır. Yakın dövüş perdesi olmadığında süvari onu her seferinde ezip geçer."
"Gathers and delivers the resources every other unit is paid for with.","Diğer her birimin bedelinin ödendiği kaynakları toplar ve taşır."
"Has no melee worth the name, and spears punish it the moment it is caught.","Adına layık bir yakın dövüşü yoktur ve yakalandığı anda mızraklar onu cezalandırır."
"Heavy line infantry","Ağır hat piyadesi"
"Horse archers came from the steppe and the desert margins, and Mediterranean armies hired them rather than raised them.","Atlı okçular bozkırdan ve çöl kıyılarından geldi; Akdeniz orduları onları yetiştirmek yerine kiraladı."
"Hurls fire that bursts across a formation and clings to the ground where it lands.","Bir düzenin üzerine patlayan ve düştüğü zemine yapışan ateş fırlatır."
"Hurls fire that bursts across a formation and leaves the ground burning where it lands.","Bir düzenin üzerine patlayan ve düştüğü zemini yanar bırakan ateş fırlatır."
"Its arrows carry a curse that drains the will of everything they strike.","Okları, vurdukları her şeyin iradesini emen bir lanet taşır."
"Its quiver was buried with it, and the curse worked into the shafts outlasted the hand that drew the bow.","Sadağı onunla birlikte gömüldü ve oklara işlenmiş lanet, yayı geren eli aşıp yaşadı."
"Lancer cavalry","Mızraklı süvari"
"Legionary","Lejyoner"
"Liby-Phoenician Spear","Libya-Fenike Mızrağı"
"Libyan Archer","Libyalı Okçu"
"Loses the straight infantry fight to swords, and caught in the open it is only a slower line.","Düz piyade çarpışmasını kılıçlara kaptırır ve açıkta yakalandığında yalnızca daha yavaş bir hattır."
"Massed missile line","Toplu atış hattı"
"Medicus","Medicus"
"Mends nearby wounded without being told to, so a line that holds keeps its strength.","Söylenmeden yakındaki yaralıları iyileştirir, böylece tutunan bir hat gücünü korur."
"Mounted skirmisher","Atlı avcı"
"Not a soldier. It cannot hold ground and should never be the last thing guarding a camp.","Asker değildir. Arazi tutamaz ve bir kampı koruyan son şey asla olmamalıdır."
"Numidian Cavalry","Numidya Süvarisi"
"Onager","Onager"
"One slow body, helpless in melee, and it needs the awakened dead between it and the enemy.","Yakın dövüşte çaresiz, tek ve yavaş bir bedendir; kendisiyle düşman arasında uyanmış ölülere ihtiyaç duyar."
"Out-trades everything at range, and massed bows are the answer to a war elephant.","Menzilde her şeyi geçer ve bir savaş filinin yanıtı toplu yaylardır."
"Outranges troops on foot and can withdraw from any fight it cannot win.","Yaya birliklerden daha uzağa erişir ve kazanamayacağı her çarpışmadan çekilebilir."
"Overrun in seconds by any infantry that reaches it, and far too slow to withdraw.","Kendisine ulaşan her piyade tarafından saniyeler içinde ezilir ve çekilemeyecek kadar yavaştır."
"Phoenician Craftsman","Fenikeli Zanaatkâr"
"Phoenician craftsmen raised the harbours and walls that made Carthage the richest city in the western sea.","Fenikeli zanaatkârlar, Kartaca'yı batı denizinin en zengin şehri yapan limanları ve surları yükseltti."
"Raised from the burial ranks of an army that was interred still holding its shields.","Kalkanlarını hâlâ tutar hâlde gömülmüş bir ordunun mezar saflarından kaldırıldı."
"Raises every building an army needs and repairs what the enemy breaks.","Bir ordunun ihtiyaç duyduğu her yapıyı yükseltir ve düşmanın kırdığını onarır."
"Repays its cost against cavalry, and braced on high ground it holds against far heavier attacks.","Süvariye karşı bedelini geri öder ve yüksek zeminde payanda aldığında çok daha ağır saldırılara dayanır."
"Rome raised few archers of its own and drew them from Crete and the eastern allies instead.","Roma kendi okçularından azını yetiştirdi; onları bunun yerine Girit'ten ve doğulu müttefiklerden aldı."
"Rome standardised the bolt thrower until every legion carried its own, mounted on carts and served by trained crews.","Roma ok atarını her lejyon kendi taşıyana dek standartlaştırdı; arabalara bindirilmiş ve eğitimli ekiplerce kullanılırdı."
"Sacred Band Healer","Kutsal Birlik Şifacısı"
"Settlement population","Yerleşim nüfusu"
"Shock cavalry","Şok süvarisi"
"Siege artillery","Kuşatma topçusu"
"Siege bolt thrower","Kuşatma ok atarı"
"Slower and weaker than the living line it imitates, and nothing in the field can mend it.","Taklit ettiği canlı hattan daha yavaş ve daha zayıftır ve sahada onu onarabilecek hiçbir şey yoktur."
"Still cavalry. A braced spear line stops it, and it cannot trade with archers at range.","Yine de süvaridir. Payandalı bir mızrak hattı onu durdurur ve menzilde okçularla alışveriş edemez."
"The Liby-Phoenician spear was the steady centre that a mercenary army could be built around.","Libya-Fenike mızrağı, bir paralı ordunun çevresine kurulabileceği sağlam merkezdi."
"The Numidians rode without bridles and were the finest light horse in the Mediterranean. Rome's worst day, at Cannae, was their work.","Numidyalılar dizginsiz binerdi ve Akdeniz'in en iyi hafif süvarisiydi. Roma'nın en kötü günü olan Cannae onların işiydi."
"The Sacred Band kept physicians of its own, an honour reserved for the citizen elite.","Kutsal Birlik kendi hekimlerini tutardı; bu, yurttaş seçkinlerine ayrılmış bir onurdu."
"The bolt thrower was the accurate half of a siege train, used against men and gates alike.","Ok atar, bir kuşatma katarının isabetli yarısıydı; hem insanlara hem kapılara karşı kullanılırdı."
"The bolt throwers of Carthage were built in the same yards as its fleet, by the same shipwrights.","Kartaca'nın ok atarları donanmasıyla aynı tersanelerde, aynı gemi ustalarınca yapılırdı."
"The equites were drawn from the wealthiest citizens, and Rome's cavalry was never the equal of its infantry.","Equites en varlıklı yurttaşlardan derlenirdi ve Roma'nın süvarisi hiçbir zaman piyadesinin dengi olmadı."
"The fabri built the roads, the bridges and the fortified camp that went up every single night of a march.","Fabri, bir yürüyüşün her gecesi kurulan yolları, köprüleri ve tahkimli kampı inşa ederdi."
"The legionary's short sword and heavy javelin were built for one thing: closing the last twenty paces and winning there.","Lejyonerin kısa kılıcı ve ağır ciridi tek bir iş için yapılmıştı: son yirmi adımı kapatmak ve orada kazanmak."
"The longest reach in any army, and quick enough to loose again before its target closes.","Herhangi bir ordudaki en uzun erim ve hedefi yaklaşmadan bir kez daha salacak kadar hızlı."
"The longest reach of any mounted troop, striking before the enemy line can answer.","Atlı birliklerin en uzun erimi; düşman hattı karşılık veremeden vurur."
"The medicus marched with the legion, and Roman field medicine was the best organised in the ancient world.","Medicus lejyonla birlikte yürürdü ve Roma sahra hekimliği antik dünyanın en iyi örgütlenmiş olanıydı."
"The mounted lance traded the sword's flexibility for reach, striking before an enemy could bring a weapon to bear.","Atlı mızrak, kılıcın esnekliğini erimle takas etti; düşman silahını kullanacak duruma gelmeden vururdu."
"The onager kicked like the wild ass it was named for, and was Rome's answer to a wall that would not fall.","Onager, adını aldığı yaban eşeği gibi çifte atardı ve Roma'nın yıkılmayan bir sura verdiği yanıttı."
"The priests who sealed the tombs learned to open them, and now walk ahead of what they woke.","Mezarları mühürleyen rahipler onları açmayı öğrendi ve şimdi uyandırdıklarının önünde yürüyorlar."
"The slowest troops in the line, and they take losses crossing open ground under archery.","Hattaki en yavaş birliklerdir ve ok yağmuru altında açık araziyi geçerken kayıp verirler."
"The spear was the cheapest way to make a horse refuse a charge, and every ancient army kept a wall of them.","Mızrak, bir atı hücumdan caydırmanın en ucuz yoluydu ve her antik ordu bunlardan bir duvar tutardı."
"The triarii were the oldest and steadiest men in the legion, knelt behind the line and committed only when the day was in doubt.","Triarii, lejyonun en yaşlı ve en sağlam adamlarıydı; hattın gerisinde diz çöker ve ancak günün kaderi belirsizken sürülürlerdi."
"The weakest body on the field. Anything that finds it kills it.","Meydandaki en zayıf beden. Onu bulan her şey onu öldürür."
"Torsion artillery was built on the spot from local timber and abandoned when the army moved on.","Burma topçusu yerinde, yerel keresteden yapılır ve ordu ilerlediğinde bırakılırdı."
"Triarius","Triarius"
"War elephants terrified armies that had never met them, and were nearly useless against those that had.","Savaş filleri onlarla hiç karşılaşmamış orduları dehşete düşürürdü ve karşılaşmış olanlara karşı neredeyse yararsızdı."
"Wins the straight infantry fight against spears, and overruns unescorted siege in seconds.","Mızraklara karşı düz piyade çarpışmasını kazanır ve muhafızsız kuşatmayı saniyeler içinde ezer."
"Blocked by an existing wall.","Var olan bir sur engelliyor."
"Cannot build there.","Oraya inşa edilemez."
"Probing column","Yoklama kolu"
"Assault line","Taarruz hattı"
"Cavalry flank","Süvari kanadı"
"Skirmish screen","Avcı perdesi"
"Siege column","Kuşatma kolu"
"Elite guard","Seçkin muhafız"
"All waves broken","Bütün dalgalar kırıldı"
"Incoming","Geliyor"
"Engaged","Çarpışıyor"
"Next wave","Sonraki dalga"
"Wave %1 / %2","Dalga %1 / %2"
"%1 left","%1 kaldı"
"Wolves are moving on the valley.","Kurtlar vadiye iniyor."
"Failed to initialize OpenGL renderer.\n\nThis usually means:\n1. Graphics drivers don't support required OpenGL 3.3 Core Profile\n2. Running in a VM with incomplete OpenGL support\n3. Qt software OpenGL fallback is unavailable or failed to initialize\n\nTo fix:\n- Run run_debug_softwaregl.cmd or set QT_OPENGL=software\n- Update graphics drivers\n- On VMs: Enable 3D acceleration in VM settings","OpenGL görüntüleyici hazırlanamadı.\n\nBu genellikle şu anlama gelir:\n1. Ekran kartı sürücüleri gereken OpenGL 3.3 Core Profile'ı desteklemiyor\n2. OpenGL desteği eksik bir sanal makinede çalışılıyor\n3. Qt yazılım OpenGL yedeği yok ya da hazırlanamadı\n\nÇözüm için:\n- run_debug_softwaregl.cmd dosyasını çalıştır ya da QT_OPENGL=software ayarla\n- Ekran kartı sürücülerini güncelle\n- Sanal makinelerde: VM ayarlarından 3D hızlandırmayı aç"
