"source","translation_es_ES"
"Idle","Inactivo"
"Standing by and awaiting orders.","A la espera de órdenes."
"Moving","En marcha"
"Marching to the ordered position.","Marchando a la posición ordenada."
"Attacking","Atacando"
"Engaging the assigned target.","Entablando combate con el objetivo asignado."
"Patrolling","Patrullando"
"Walking the patrol route between its waypoints.","Recorriendo la ruta de patrulla entre sus puntos."
"Guarding","Protegiendo"
"Holding a guard post and answering threats near it.","Mantiene un puesto de guardia y responde a las amenazas cercanas."
"Holding position","Manteniendo la posición"
"Rooted in place; it will not pursue.","Firme en su sitio; no perseguirá."
"Building","Construyendo"
"Raising a structure on the marked site.","Levantando una estructura en el lugar marcado."
"Repairing","Reparando"
"Mending a damaged structure.","Reparando una estructura dañada."
"Dismantling","Desmantelando"
"Taking a structure apart.","Desmontando una estructura."
"Cutting timber","Talando madera"
"Felling a tree for wood.","Derribando un árbol para obtener madera."
"Quarrying stone","Extrayendo piedra"
"Breaking a boulder for stone.","Partiendo una roca para obtener piedra."
"Mining iron","Extrayendo hierro"
"Working an ore deposit for iron.","Explotando un yacimiento para obtener hierro."
"Auto gathering","Recolección automática"
"Standing order: seek out the nearest resource and keep collecting.","Orden permanente: buscar el recurso más cercano y seguir recolectando."
"Delivering","Entregando"
"Carrying its load to the barracks.","Llevando su carga al cuartel."
"Healing","Curando"
"Tending wounded allies nearby.","Atendiendo a los aliados heridos cercanos."
"Training","Adiestrando"
"Producing the next unit in the queue.","Produciendo la siguiente unidad de la cola."
"Blocked","Bloqueado"
"Waiting: the way is blocked or the target is gone.","Esperando: el paso está bloqueado o el objetivo ha desaparecido."
"Active","Activo"
"Work is under way.","El trabajo está en marcha."
"Queued","En cola"
"Ordered, but the unit is still on its way.","Ordenado, pero la unidad aún está en camino."
"Unavailable","No disponible"
"The target cannot be worked; give a new order.","El objetivo no se puede trabajar; da una nueva orden."
"Interrupted","Interrumpido"
"Work stopped part-way; re-issue the order to resume.","El trabajo se detuvo a medias; repite la orden para reanudarlo."
"%1 — %2","%1 — %2"
"%1 (%2 units)","%1 (%2 unidades)"
"Not enough wood, stone, or iron to recruit this unit.","No hay suficiente madera, piedra o hierro para reclutar esta unidad."
"%1 of %2 positions do not fit on this ground.","%1 de %2 posiciones no caben en este terreno."
"Automatic","Automático"
"stone %1 / %2 · iron %3 / %4","piedra %1 / %2 · hierro %3 / %4"
"Builders cannot fight. This order needs soldiers - select the spearmen, archers or swordsmen near your camp.","Los constructores no pueden luchar. Esta orden necesita soldados: selecciona a los lanceros, arqueros o espadachines cerca de tu campamento."
"That is a building. Orders in this step need soldiers - left-click one of the troops standing near your camp.","Eso es un edificio. Las órdenes de este paso necesitan soldados: haz clic izquierdo en una de las tropas junto a tu campamento."
"Nothing is selected, so there is nobody to receive the order. Left-click a soldier or drag a box around several.","No hay nada seleccionado, así que nadie puede recibir la orden. Haz clic izquierdo en un soldado o traza un recuadro alrededor de varios."
"Collect and Build are only available to builders - soldiers and buildings cannot do this work. Select a builder (the worker with the hammer) first.","Recolectar y Construir solo están disponibles para los constructores: los soldados y los edificios no pueden hacer este trabajo. Selecciona primero un constructor (el obrero del martillo)."
"No builder is selected. Left-click one of the builders standing by your barracks.","No hay ningún constructor seleccionado. Haz clic izquierdo en uno de los constructores junto a tu cuartel."
"That is a building. Left-click one of the soldiers standing near your camp instead.","Eso es un edificio. Haz clic izquierdo en uno de los soldados junto a tu campamento."
"A Home costs %1 wood and %2 stone; you have %3 wood and %4 stone. The Build card stays grey until the yard holds enough - send a builder to collect the difference.","Una casa cuesta %1 de madera y %2 de piedra; tienes %3 de madera y %4 de piedra. La tarjeta de construcción sigue gris hasta que el patio tenga suficiente: envía un constructor a recolectar la diferencia."
"A red outline means the site is blocked: too close to another building, on water or on a slope. Move it onto flat, open ground and left-click to confirm. Right-click cancels.","Un contorno rojo significa que el sitio está bloqueado: demasiado cerca de otro edificio, sobre agua o en una pendiente. Muévelo a terreno llano y despejado y confirma con clic izquierdo. El clic derecho cancela."
"Recruits come from the barracks. Left-click your barracks to open its production panel on the right.","Los reclutas salen del cuartel. Haz clic izquierdo en tu cuartel para abrir su panel de producción a la derecha."
"The barracks has only %1 population left to draw on. Every recruit costs population; when it runs dry, build Homes - each Home raises families, and a civilian recruited there and sent to the barracks with Deliver refills it.","Al cuartel solo le quedan %1 de población. Cada recluta cuesta población; cuando se agota, construye casas: cada casa cría familias, y un civil reclutado allí y enviado al cuartel con Entregar la repone."
"A recruit card turns grey when a resource is short: soldiers need wood for shafts and iron for blades. Send a builder to collect more.","Una tarjeta de recluta se vuelve gris cuando falta un recurso: los soldados necesitan madera para las astas y hierro para las hojas. Envía un constructor a recolectar más."
"The raiders are here. Keep your soldiers together near the barracks: spearmen in front, archers behind, and the commander close so his aura reaches them.","Los asaltantes han llegado. Mantén a tus soldados juntos cerca del cuartel: lanceros delante, arqueros detrás y el comandante cerca para que su aura los alcance."
"The Roman raid is on its way. The wave tracker under the top bar counts it down and the minimap marks where it will enter.","El asalto romano está en camino. El contador de oleadas bajo la barra superior lleva la cuenta atrás y el minimapa marca por dónde entrará."
"The Aura command only appears when your commander is selected. He is the standard-bearer with the crown badge, near the barracks.","La orden Aura solo aparece cuando tu comandante está seleccionado. Es el portaestandarte con la insignia de la corona, cerca del cuartel."
"The aura is recharging or the commander is wounded; the button lights up again when it is ready.","El aura se está recargando o el comandante está herido; el botón vuelve a iluminarse cuando está lista."
"The Roman commander is still alive. A nation dies with the man who leads it - kill him and the camp falls.","El comandante romano sigue vivo. Una nación muere con el hombre que la dirige: mátalo y el campamento caerá."
"Select your troops","Selecciona tus tropas"
"Move, and read the feedback","Muévete y lee la respuesta"
"Attack the Roman scouts","Ataca a los exploradores romanos"
"Fell timber","Tala madera"
"Quarry stone, mine iron","Extrae piedra y hierro"
"Raise a Home","Levanta una casa"
"Recruit a soldier","Recluta un soldado"
"Assemble an army","Reúne un ejército"
"Defend the camp","Defiende el campamento"
"Guard, Hold and Patrol","Guardia, Mantener y Patrulla"
"Your commander","Tu comandante"
"The camera","La cámara"
"Pause and game speed","Pausa y velocidad de juego"
"Objectives","Objetivos"
"Take the Roman camp","Toma el campamento romano"
"Everything starts with a selection. Left-click a soldier to select it, or hold the left button and drag a box around several. Selected troops show a ring at their feet, and the panel at the bottom lists who is under your command.","Todo empieza con una selección. Haz clic izquierdo en un soldado para seleccionarlo, o mantén pulsado el botón izquierdo y traza un recuadro alrededor de varios. Las tropas seleccionadas muestran un anillo a sus pies, y el panel inferior enumera quién está bajo tu mando."
"With troops selected, right-click on the ground to march there. A marker appears where they are headed and the banner above the command grid confirms the order. A rejected order says why it could not be carried out - read the banner when nothing happens.","Con tropas seleccionadas, haz clic derecho en el suelo para marchar allí. Aparece un marcador donde se dirigen y el cartel sobre la cuadrícula de órdenes confirma la orden. Una orden rechazada dice por qué no pudo cumplirse: lee el cartel cuando no ocurra nada."
"A Roman scouting party stands just beyond your tents; the minimap marks enemies in red. Right-click an enemy to attack it, or press Attack and click the target. While your troops fight, the target panel above the command grid tracks the enemy's health.","Una partida de exploradores romanos está justo más allá de tus tiendas; el minimapa marca a los enemigos en rojo. Haz clic derecho en un enemigo para atacarlo, o pulsa Atacar y haz clic en el objetivo. Mientras tus tropas luchan, el panel de objetivo sobre la cuadrícula de órdenes sigue la salud del enemigo."
"Wood pays for nearly everything. Select a builder, press Collect and click a pine tree. The builder fells it, carries the logs to the stone yard beside your barracks, and only when the load is dropped there does the wood counter in the top bar rise. Auto Gather keeps a builder working the nearest nodes on its own.","La madera lo paga casi todo. Selecciona un constructor, pulsa Recolectar y haz clic en un pino. El constructor lo tala, lleva los troncos al patio de piedra junto a tu cuartel, y solo cuando deja allí la carga sube el contador de madera de la barra superior. Recolección automática mantiene a un constructor trabajando por su cuenta en los nodos más cercanos."
"Boulders yield stone for buildings and towers; ore seams yield iron for blades and armour. Both are hauled to the same barracks yard, which fills up as your stores grow. Gold comes with the camp and from trade at a marketplace. Set one builder on the boulders and another on the ore.","Las rocas dan piedra para edificios y torres; las vetas de mineral dan hierro para hojas y armaduras. Ambos se llevan al mismo patio del cuartel, que se llena a medida que crecen tus reservas. El oro viene con el campamento y del comercio en un mercado. Pon un constructor en las rocas y otro en el mineral."
"Select a builder and press Build to open the structure list. Each card shows its cost in wood, stone and gold; a grey card means you cannot afford it yet. Choose Home, then move the outline: green means the ground is flat and clear, red means it is blocked. Scroll to rotate, left-click to confirm. Homes raise the families your barracks will later recruit from.","Selecciona un constructor y pulsa Construir para abrir la lista de estructuras. Cada tarjeta muestra su coste en madera, piedra y oro; una tarjeta gris significa que aún no puedes pagarla. Elige Casa y mueve el contorno: verde significa terreno llano y despejado, rojo significa bloqueado. Desplaza la rueda para girar, clic izquierdo para confirmar. Las casas crían las familias de las que tu cuartel reclutará después."
"Left-click your barracks and pick a soldier from the production panel. Every recruit costs population and resources: the population comes from the barracks' own pool, shown on the card, and refills when civilians from your Homes are delivered to it. The bar in the top panel shows your army against the map's population cap.","Haz clic izquierdo en tu cuartel y elige un soldado del panel de producción. Cada recluta cuesta población y recursos: la población sale de la reserva propia del cuartel, mostrada en la tarjeta, y se repone cuando se le entregan civiles de tus casas. La barra del panel superior muestra tu ejército frente al límite de población del mapa."
"One soldier is not an army. Keep recruiting until you field eight - mix spearmen to hold a line with archers to punish whatever charges it. If a card turns grey, the tutorial hint tells you what ran short. New recruits gather at the barracks' rally flag; set one from the production panel.","Un soldado no es un ejército. Sigue reclutando hasta desplegar ocho: mezcla lanceros que sostengan la línea con arqueros que castiguen a lo que cargue contra ella. Si una tarjeta se vuelve gris, la pista del tutorial te dice qué se agotó. Los nuevos reclutas se reúnen en la bandera de reunión del cuartel; colócala desde el panel de producción."
"A Roman raid is coming. The wave tracker counts it down and the minimap marks its entry point. Form up near your barracks: spearmen in front, archers behind, and the commander close so his aura reaches them. Break the raid to continue.","Se acerca un asalto romano. El contador de oleadas lleva la cuenta atrás y el minimapa marca su punto de entrada. Fórmate cerca de tu cuartel: lanceros delante, arqueros detrás y el comandante cerca para que su aura los alcance. Rechaza el asalto para continuar."
"Soldiers can be told how to behave. Guard: hold a spot and chase anything that comes near, then return. Hold: stand your ground and do not pursue - best for archers on a hill or a wall line. Patrol: walk between two points and engage whatever crosses the route. Give one of these orders to your soldiers.","A los soldados se les puede indicar cómo comportarse. Guardia: sostener un punto, perseguir todo lo que se acerque y volver. Mantener: aguantar la posición sin perseguir, ideal para arqueros en una colina o una línea de muralla. Patrulla: caminar entre dos puntos y enfrentarse a lo que cruce la ruta. Da una de estas órdenes a tus soldados."
"Your commander carries the standard. Troops near him fight with higher morale, and while he is selected two commands appear: Aura briefly empowers every soldier around him, and Rally plants a flag that the army marches to. If he dies, your lines break and the mission is lost - keep him behind the spears. Trigger the Aura now.","Tu comandante porta el estandarte. Las tropas cercanas luchan con más moral, y mientras está seleccionado aparecen dos órdenes: Aura potencia brevemente a todos los soldados a su alrededor, y Reunión planta una bandera hacia la que marcha el ejército. Si muere, tus líneas se rompen y la misión se pierde: mantenlo detrás de las lanzas. Activa el Aura ahora."
"Move the view with the arrow keys or WASD, or push the mouse to the screen edge. Scroll to zoom, Q and E rotate, and the reset button in the top bar returns to your camp. Follow keeps the camera on your selection. Move the camera now.","Mueve la vista con las flechas o WASD, o lleva el ratón al borde de la pantalla. Desplaza la rueda para acercar, Q y E giran, y el botón de reinicio de la barra superior vuelve a tu campamento. Seguir mantiene la cámara sobre tu selección. Mueve la cámara ahora."
"The star in the top bar shows your current objective. Press Escape and choose Objectives to read the full briefing: what wins the mission, what loses it, and any optional goals. Open it now, then return to the battle.","La estrella de la barra superior muestra tu objetivo actual. Pulsa Escape y elige Objetivos para leer el informe completo: qué gana la misión, qué la pierde y cualquier meta opcional. Ábrelo ahora y vuelve luego a la batalla."
"You know everything the field will ask of you. The Roman camp lies across the meadow. Gather your army, keep the commander behind the line, and take the camp: kill the Roman commander and the mission is won.","Ya sabes todo lo que el campo te pedirá. El campamento romano está al otro lado de la pradera. Reúne tu ejército, mantén al comandante detrás de la línea y toma el campamento: mata al comandante romano y la misión estará ganada."
"Select at least one of your soldiers","Selecciona al menos uno de tus soldados"
"Right-click the ground to move your selected troops","Haz clic derecho en el suelo para mover las tropas seleccionadas"
"Destroy the Roman scouting party (%1 soldiers)","Destruye la partida de exploradores romanos (%1 soldados)"
"Deliver %1 wood to your barracks yard","Entrega %1 de madera en el patio de tu cuartel"
"Deliver %1 stone and %2 iron","Entrega %1 de piedra y %2 de hierro"
"Build a Home with a builder","Construye una casa con un constructor"
"Recruit a soldier at the barracks and wait for it to march out","Recluta un soldado en el cuartel y espera a que salga"
"Field at least %1 soldiers","Despliega al menos %1 soldados"
"Break the Roman raid","Rechaza el asalto romano"
"Give a Guard, Hold or Patrol order","Da una orden de Guardia, Mantener o Patrulla"
"Select your commander and trigger the Aura","Selecciona a tu comandante y activa el Aura"
"Move, zoom or rotate the camera","Mueve, acerca o gira la cámara"
"Change the game speed or pause and resume","Cambia la velocidad de juego o pausa y reanuda"
"Open the Objectives screen","Abre la pantalla de Objetivos"
"Kill the Roman commander and take the camp","Mata al comandante romano y toma el campamento"
"The top-left buttons pause the battle and set the speed, from half up to quadruple. Space pauses too, and + and - step through the speeds without reaching for the bar. The active speed stays lit while paused, and you can change it there. Change the speed or pause and resume now.","Los botones de la esquina superior izquierda pausan la batalla y ajustan la velocidad, de la mitad hasta el cuádruple. La barra espaciadora también pausa, y + y - recorren las velocidades sin acudir a la barra. La velocidad activa permanece resaltada en pausa y puede cambiarse ahí. Cambia la velocidad o pausa y reanuda ahora."
"Low","Bajo"
"Medium","Medio"
"High","Alto"
"Ultra","Ultra"
"Maximum performance. Aggressive LOD, reduced detail at distance.","Máximo rendimiento. LOD agresivo, menos detalle a distancia."
"Balanced performance and quality. Recommended for most systems.","Rendimiento y calidad equilibrados. Recomendado para la mayoría de los equipos."
"Higher quality. More detail visible at distance. Requires better hardware.","Mayor calidad. Más detalle visible a distancia. Requiere mejor hardware."
"Maximum quality. Full detail always. Best hardware recommended.","Máxima calidad. Detalle completo siempre. Se recomienda el mejor hardware."
"Cannot export a save with an empty name","No se puede exportar una partida guardada sin nombre"
"SCORE","PUNTUACIÓN"
"YOU","TÚ"
"Return to Menu","Volver al menú"
"Victory Secured","Victoria asegurada"
"Army Broken","Ejército quebrado"
"Held the Field","Campo mantenido"
"Routed","Derrotado"
"Kills","Bajas causadas"
"Losses","Bajas propias"
"Units trained","Unidades adiestradas"
"Villages","Aldeas"
"Play time","Tiempo de juego"
"Back","Atrás"
"Victory Conditions — complete all","Condiciones de victoria — cúmplelas todas"
"Victory Conditions — complete any","Condiciones de victoria — cumple cualquiera"
"Victory Conditions","Condiciones de victoria"
"Complete the objective","Completa el objetivo"
"Defeat Conditions","Condiciones de derrota"
"Avoid this condition","Evita esta condición"
"Optional Objectives","Objetivos opcionales"
"Optional objective","Objetivo opcional"
"No mission objectives available.\nThis may be a skirmish, or objectives have not been configured.","No hay objetivos de misión disponibles.\nPuede tratarse de una escaramuza, o los objetivos no se han configurado."
"Carthage Core","Núcleo cartaginés"
"Carthaginian Iberia","Iberia cartaginesa"
"Cisalpine Gaul","Galia Cisalpina"
"Corsica","Córcega"
"Etruria","Etruria"
"Iberian Interior","Interior ibérico"
"Libya","Libia"
"Numidia","Numidia"
"Roman Core","Núcleo romano"
"Sardinia","Cerdeña"
"Sicily","Sicilia"
"Southern Italy","Italia meridional"
"Transalpine Gaul","Galia Transalpina"
"Illyrian Coast","Costa iliria"
"Illyrian Interior","Interior ilirio"
"Aleria","Alería"
"Ariminum","Arímino"
"Capua","Capua"
"Caralis","Cáralis"
"Carthage","Cartago"
"Cirta","Cirta"
"Emporiae","Ampurias"
"Leptis","Leptis"
"Lilybaeum","Lilibeo"
"Massalia","Masalia"
"Mediolanum","Mediolano"
"New Carthage","Cartago Nova"
"Numantia","Numancia"
"Placentia","Placencia"
"Rome","Roma"
"Saguntum","Sagunto"
"Salona","Salona"
"Syracuse","Siracusa"
"Tarentum","Tarento"
"Tarraco","Tarraco"
"Tingis","Tingis"
"Veii","Veyes"
"Campaign Missions","Misiones de campaña"
"← Back","← Atrás"
"✓ Completed","✓ Completada"
"Locked","Bloqueada"
"No campaign missions available","No hay misiones de campaña disponibles"
"Rome","Roma"
"Carthage","Cartago"
"Neutral","Neutral"
"Loading map…","Cargando mapa…"
"Control:","Control:"
"Legend","Leyenda"
"Select a Mission","Selecciona una misión"
"Mission briefing...","Informe de misión..."
"Cancel","Cancelar"
"Campaign War Table • Mediterranean Theater","Mesa de guerra de campaña • Teatro mediterráneo"
"Campaign","Campaña"
"Campaign Chronicle •","Crónica de la campaña •"
"← Back","← Atrás"
"Campaign Chronicle","Crónica de la campaña"
"Campaign Progress:","Progreso de la campaña:"
"202 BC: recalled to Africa, Hannibal faces Scipio and Masinissa on the plain near Zama. The elephant lanes are prepared, the Roman camps are fortified, and the Iron Sepulcher no longer waits at the edge of history. Take all four camps and break both risings of the dead — nothing less ends this war.","202 a. C.: llamado de vuelta a África, Aníbal se enfrenta a Escipión y Masinisa en la llanura cercana a Zama. Los pasillos para los elefantes están dispuestos, los campamentos romanos fortificados, y el Sepulcro de Hierro ya no aguarda al margen de la historia. Toma los cuatro campamentos y quiebra ambos alzamientos de los muertos: nada menos pondrá fin a esta guerra."
"215-212 BC: Capua and the Campanian allies sustain Hannibal while Rome avoids another Cannae and attacks roads, farms, and loyalties. Fortify the Punic supply quarter and break all three coordinated assaults — the quarter is not held until the last consular column lies dead in the streets.","215-212 a. C.: Capua y los aliados campanos sostienen a Aníbal mientras Roma evita otra Cannas y ataca caminos, granjas y lealtades. Fortifica el barrio de suministros púnico y quiebra los tres asaltos coordinados: el barrio no está en tus manos hasta que la última columna consular yazca muerta en las calles."
"216 BC: the consuls mass Rome's greatest field army beside the Aufidus. Yield the Punic center by design, win both cavalry wings, close the double envelopment, then take the principal camp, the reserve camp, and the allied camp across the river road.","216 a. C.: los cónsules concentran el mayor ejército de campaña de Roma junto al Áufido. Cede el centro púnico deliberadamente, vence en ambas alas de caballería, cierra el doble envolvimiento y toma después el campamento principal, el de reserva y el aliado al otro lado del camino del río."
"217 BC: Flaminius pursues along the northern shore of Lake Trasimene. Mist closes the road between lake and wooded height — and it will not hold for long. Strike the length of the column and seize both field posts within twenty minutes, before the air clears and a cohort carries word out of the basin.","217 a. C.: Flaminio persigue por la orilla norte del lago Trasimeno. La niebla cierra el camino entre el lago y la altura boscosa, y no durará mucho. Golpea a lo largo de la columna y toma ambos puestos de campaña en veinte minutos, antes de que el aire se despeje y una cohorte lleve la noticia fuera de la cuenca."
"218 BC, winter: Sempronius Longus accepts the bait and drives his hungry army through the freezing Trebia. Hold the southern line and break all three crossings. You need not take his camp — you need only be standing when the river has finished with him.","218 a. C., invierno: Sempronio Longo muerde el anzuelo y conduce a su ejército hambriento a través del gélido Trebia. Mantén la línea meridional y quiebra los tres vados. No necesitas tomar su campamento: solo necesitas seguir en pie cuando el río haya terminado con él."
"218 BC: Hannibal turns from the Rhône into the Alps with soldiers, cavalry, baggage animals, and elephants. The pass cannot be taken by the sword alone — it must be paid for in timber, stone and iron. Set your builders to the slopes while the mountain peoples contest every switchback; do not follow the grave-lights into the snow.","218 a. C.: Aníbal deja el Ródano y entra en los Alpes con soldados, caballería, animales de carga y elefantes. El paso no se toma solo con la espada: hay que pagarlo en madera, piedra y hierro. Pon a tus constructores en las laderas mientras los pueblos de la montaña disputan cada revuelta; no sigas las luces sepulcrales hacia la nieve."
"218 BC: near the Ticinus, Scipio's reconnaissance force tests Hannibal's cavalry. Win the mounted engagement, cut the bridge road, and overrun both Roman camps before their scouts carry a clean account back to the consul.","218 a. C.: cerca del Tesino, la fuerza de reconocimiento de Escipión pone a prueba a la caballería de Aníbal. Gana el combate montado, corta el camino del puente y arrasa ambos campamentos romanos antes de que sus exploradores lleven un informe fiable al cónsul."
"218 BC: the Rhône must be secured faster than Publius Cornelius Scipio can bring his army from Massalia. In this altered campaign, Roman advance posts hold the eastern approaches. Cross by ford, pontoon, or wooded detour and seize their river camps.","218 a. C.: hay que asegurar el Ródano antes de que Publio Cornelio Escipión traiga su ejército desde Masalia. En esta campaña alterada, puestos avanzados romanos guardan los accesos orientales. Cruza por vado, pontón o rodeo boscoso y toma sus campamentos del río."
"At dawn the market still stands and the consular roads are choked with Roman shields. Campania has bought the army another season, though every ally now understands how long Rome is willing to bleed.","Al amanecer el mercado sigue en pie y las vías consulares están atascadas de escudos romanos. Campania ha comprado al ejército otra estación, aunque ahora todos los aliados comprenden cuánto está dispuesta a sangrar Roma."
"Command Hannibal's Carthaginian army from the Alpine invasion of 218 BC to Zama in 202 BC. Break Roman camps, take fortified towns, preserve allied economies, and survive the Republic's answering legions while the Iron Sepulcher watches from roads older than either empire.","Comanda el ejército cartaginés de Aníbal desde la invasión alpina del 218 a. C. hasta Zama en el 202 a. C. Quiebra campamentos romanos, toma ciudades fortificadas, preserva las economías aliadas y sobrevive a las legiones con que responde la República, mientras el Sepulcro de Hierro observa desde caminos más antiguos que ambos imperios."
"Flaminius and much of his army are lost beside the lake. Rome names Fabius dictator. In the drowned reeds, an Iron Sepulcher altar has fed well without choosing a side.","Flaminio y buena parte de su ejército se pierden junto al lago. Roma nombra dictador a Fabio. Entre los juncos anegados, un altar del Sepulcro de Hierro se ha alimentado bien sin tomar partido."
"The Barcid Road","El camino bárcida"
"The Roman army is destroyed and the camps are taken, yet Rome refuses negotiation. So many dead lie on the plain that the Sepulcher's iron bells sound beneath the earth for seven nights.","El ejército romano está destruido y los campamentos tomados, y aun así Roma rehúsa negociar. Yacen tantos muertos en la llanura que las campanas de hierro del Sepulcro suenan bajo tierra durante siete noches."
"The Roman screen breaks and Scipio is carried from the field wounded. The Insubres see that Carthage can defeat Rome on Italian ground—but pale riders still haunt the abandoned ford.","La pantalla romana se quiebra y Escipión es retirado herido del campo. Los ínsubres ven que Cartago puede vencer a Roma en suelo itálico, pero jinetes pálidos siguen rondando el vado abandonado."
"The column reaches the plain of the Po diminished but unbroken. Italy lies below, and fires answer from Gallic settlements. Behind you, the sealed shrine in the pass begins counting the dead.","La columna alcanza la llanura del Po mermada pero entera. Italia se extiende abajo, y las hogueras responden desde los asentamientos galos. A tu espalda, el santuario sellado del paso empieza a contar los muertos."
"The ferries and supply road belong to Carthage. Scipio finds abandoned standards and cold cooking fires; Hannibal is already turning toward the mountains.","Las barcazas y el camino de suministros pertenecen a Cartago. Escipión encuentra estandartes abandonados y fuegos de cocina fríos; Aníbal ya se vuelve hacia las montañas."
"The last standards fall under an African sky. Rome and Carthage will remember the field differently; the Iron Sepulcher remembers only that both armies finally entered its reach.","Los últimos estandartes caen bajo un cielo africano. Roma y Cartago recordarán el campo de manera distinta; el Sepulcro de Hierro solo recuerda que ambos ejércitos entraron al fin a su alcance."
"The survivors flee toward Placentia through sleet and mud. Roman tents, grain, and weapons are captured; bodies beneath the ice rise only when nobody is watching.","Los supervivientes huyen hacia Placentia entre aguanieve y barro. Se capturan tiendas, grano y armas romanas; los cuerpos bajo el hielo se levantan solo cuando nadie mira."
"Their commander is dead. The host breaks and its camps stand empty.","Su comandante ha muerto. La hueste se quiebra y sus campamentos quedan vacíos."
"%1 has lost its commander. The host breaks and its camps stand empty.","%1 ha perdido a su comandante. La hueste se quiebra y sus campamentos quedan vacíos."
"Quintus Fabius Maximus","Quinto Fabio Máximo"
"Rome's delaying strategist who preserves armies through discipline and staying power.","El estratega dilatorio de Roma, que preserva ejércitos mediante la disciplina y la resistencia."
"A campaign and scenario commander; never produced from a barracks.","Comandante de campaña y de escenario; nunca se produce en un cuartel."
"Heavy spear commander who anchors a disciplined battle line.","Comandante de lanza pesada que ancla una línea de batalla disciplinada."
"Boosts nearby troop endurance and slows collapse in grind fights.","Aumenta la resistencia de las tropas cercanas y retrasa el colapso en combates de desgaste."
"Lower offensive pressure and weaker pursuit potential.","Menor presión ofensiva y menor capacidad de persecución."
"Fabian Endurance keeps nearby cohorts in line for prolonged fighting.","La Resistencia Fabiana mantiene firmes a las cohortes cercanas en combates prolongados."
"Rally of Patience stabilizes wavering lines during attritional combat.","El Llamado de la Paciencia estabiliza las líneas vacilantes durante el combate de desgaste."
"If killed or wounded, nearby allies lose confidence and the aura shuts off.","Si muere o resulta herido, los aliados cercanos pierden confianza y el aura se apaga."
"Publius Cornelius Scipio","Publio Cornelio Escipión"
"Aggressive Roman consul focused on decisive strikes and tactical initiative.","Cónsul romano agresivo, centrado en golpes decisivos y en la iniciativa táctica."
"Sword-and-shield infantry commander who leads close behind the main assault line.","Comandante de infantería de espada y escudo que dirige justo detrás de la línea de asalto principal."
"Improves nearby offensive output and enables sharper counter-pushes.","Mejora la potencia ofensiva cercana y permite contraataques más incisivos."
"More vulnerable if isolated away from supporting infantry.","Más vulnerable si queda aislado lejos de la infantería de apoyo."
"Consular Assault boosts nearby legion attack tempo.","El Asalto Consular acelera el ritmo de ataque de la legión cercana."
"Consular Rally rapidly restores morale to wavering assault cohorts.","El Llamado Consular restaura rápidamente la moral de las cohortes de asalto vacilantes."
"Death of the consul causes a severe morale shock to nearby Romans.","La muerte del cónsul causa una grave conmoción moral entre los romanos cercanos."
"Marcus Claudius Marcellus","Marco Claudio Marcelo"
"Roman field commander known for fast shock actions and relentless pressure.","Comandante de campo romano conocido por sus acciones de choque rápidas y su presión implacable."
"Lightly armored bow commander who supports aggressive vanguard action.","Comandante de arco con armadura ligera que apoya la acción agresiva de vanguardia."
"Raises maneuver speed for nearby troops, enabling faster local redeployment.","Aumenta la velocidad de maniobra de las tropas cercanas y permite redespliegues locales más rápidos."
"Lower staying power than other Roman commanders.","Menor capacidad de resistencia que otros comandantes romanos."
"Vanguard Tempo accelerates nearby infantry movement and line repositioning.","El Ritmo de Vanguardia acelera el movimiento de la infantería cercana y el reposicionamiento de la línea."
"Vanguard Rally snaps wavering attackers back into coherent motion.","El Llamado de Vanguardia devuelve a los atacantes vacilantes a un movimiento coherente."
"If Marcellus falls, nearby attackers suffer immediate morale drop.","Si Marcelo cae, los atacantes cercanos sufren una caída inmediata de moral."
"Hanno the Great","Hanón el Grande"
"Bronze-spear commander coordinating disciplined mercenary infantry.","Comandante de lanza de bronce que coordina una infantería mercenaria disciplinada."
"Mediocre direct combat impact and risky if exposed.","Impacto mediocre en combate directo y arriesgado si queda expuesto."
"Treasury Rally restores wavering troops and keeps formations from breaking.","El Llamado del Tesoro restaura a las tropas vacilantes e impide que las formaciones se quiebren."
"Death triggers contract panic, reducing confidence in nearby troops.","Su muerte desata el pánico contractual y reduce la confianza de las tropas cercanas."
"Hasdrubal Barca","Asdrúbal Barca"
"Mobile Carthaginian field commander built around decisive flanking momentum.","Comandante de campo cartaginés móvil, concebido en torno al impulso decisivo por los flancos."
"Fast bow commander built around flanking pressure and withdrawal.","Comandante de arco veloz, concebido para la presión por los flancos y la retirada."
"Increases nearby unit speed for coordinated flanks and withdrawals.","Aumenta la velocidad de las unidades cercanas para flanqueos y retiradas coordinadas."
"Less resilient in prolonged frontal attrition.","Menos resistente en un desgaste frontal prolongado."
"Barcid Maneuver grants nearby troops superior movement control.","La Maniobra Bárcida otorga a las tropas cercanas un control de movimiento superior."
"Flank Rally rapidly restores wavering units preparing to maneuver.","El Llamado de Flanco restaura rápidamente a las unidades vacilantes que se preparan para maniobrar."
"Loss of Hasdrubal sharply drops morale among nearby mobile forces.","La pérdida de Asdrúbal desploma la moral de las fuerzas móviles cercanas."
"Hannibal Barca","Aníbal Barca"
"Carthage's premier battlefield commander from the Hannibal campaign.","El principal comandante de batalla de Cartago, de la campaña de Aníbal."
"Elite sword commander with an iconic standard and sacred-band armor.","Comandante de espada de élite con un estandarte icónico y armadura del batallón sagrado."
"Delivers a strong nearby attack bonus and elite crisis rally response.","Aporta una fuerte bonificación de ataque en las cercanías y una respuesta de élite ante la crisis."
"High-value target; losing him causes severe local collapse.","Objetivo de alto valor; perderlo provoca un grave colapso local."
"Hannibalic Offensive amplifies nearby attack power before decisive engagements.","La Ofensiva Anibálica amplifica la potencia de ataque cercana antes de los combates decisivos."
"Supreme Rally restores routing or wavering units to fighting order.","El Llamado Supremo devuelve al orden de combate a las unidades en fuga o vacilantes."
"If Hannibal is killed or wounded, nearby allied morale takes a heavy shock and aura ends.","Si Aníbal muere o resulta herido, la moral aliada cercana sufre una fuerte conmoción y el aura termina."
"Nearby allied spearmen regenerate health fastest inside the aura.","Los lanceros aliados cercanos regeneran salud más rápido dentro del aura."
"Bracing Thrust","Estocada de contención"
"Nearby allied swordsmen gain the most bonus damage in aura range.","Los espaderos aliados cercanos ganan el mayor daño adicional dentro del alcance del aura."
"Consular Riposte","Réplica consular"
"Nearby allied archers move fastest while in aura range.","Los arqueros aliados cercanos se mueven más rápido dentro del alcance del aura."
"Point-blank Volley","Descarga a quemarropa"
"Carthaginian phalanx commander who holds ground with hired spear levies.","Comandante de falange cartaginés que mantiene el terreno con levas de lanceros a sueldo."
"Keeps a braced spear line standing far longer than it should.","Mantiene en pie una línea de lanzas afianzada mucho más de lo que debería."
"Contract Discipline knits nearby spear levies into an unbroken hedge.","La Disciplina Contractual teje a las levas de lanceros cercanas en un seto infranqueable."
"Nearby allied spearmen recover health fastest inside the aura.","Los lanceros aliados cercanos recuperan salud más rápido dentro del aura."
"Phalanx Sweep","Barrido de falange"
"Nearby allied archers gain the most movement speed in aura range.","Los arqueros aliados cercanos ganan la mayor velocidad de movimiento dentro del alcance del aura."
"Hunting Shot","Disparo de caza"
"Nearby allied swordsmen gain substantial attack damage in aura range.","Los espaderos aliados cercanos ganan un daño de ataque considerable dentro del alcance del aura."
"Encircling Cut","Tajo envolvente"
"Iron and Ember","Hierro y brasa"
"Scale %1×  ·  %2  ·  colour vision: %3","Escala %1×  ·  %2  ·  visión del color: %3"
"reduced motion","movimiento reducido"
"full motion","movimiento completo"
"Buttons","Botones"
"Primary","Principal"
"Secondary","Secundario"
"Destructive","Destructivo"
"Disabled","Desactivado"
"Unavailable in this state","No disponible en este estado"
"Search","Buscar"
"Selected","Seleccionado"
"Orders","Órdenes"
"Attack","Atacar"
"Guard","Proteger"
"Patrol","Patrullar"
"Rally","Reunir"
"Build","Construir"
"Build is only available to builders","Construir solo está disponible para los constructores"
"Faction skins","Aspectos de facción"
"Selection","Selección"
"Roman Spearmen ×24","Lanceros romanos ×24"
"Defense formation","Formación defensiva"
"Spearmen","Lanceros"
"Archers","Arqueros"
"Inputs","Controles"
"Balanced","Equilibrado"
"Aggressive","Agresivo"
"Defensive","Defensivo"
"Reduced motion","Movimiento reducido"
"Collapses transitions to an instant state change","Reduce las transiciones a un cambio de estado instantáneo"
"Objectives","Objetivos"
"Capture the eastern barracks","Captura el cuartel oriental"
"Hold the ford until dusk","Mantén el vado hasta el anochecer"
"Do not lose the commander","No pierdas al comandante"
"Take no losses","No sufras bajas"
"Notification priorities","Prioridades de notificación"
"Commander under attack","Comandante bajo ataque"
"Eastern approach, 3 hostiles","Acceso oriental, 3 hostiles"
"Barracks destroyed","Cuartel destruido"
"Spearmen ready","Lanceros listos"
"Supply route restored","Ruta de suministro restablecida"
"Unit activities","Actividades de las unidades"
"Press a key or click a mouse button. Backspace clears it, Esc cancels.","Pulsa una tecla o un botón del ratón. Retroceso lo borra, Esc cancela."
"Select a command to rebind it.","Selecciona un comando para reasignarlo."
"Reset all","Restablecer todo"
"Every binding is already at its default.","Todas las asignaciones ya están en su valor predeterminado."
"%1 is already used by %2.","%1 ya lo usa %2."
"Use it here anyway","Usarlo aquí de todos modos"
"Keep as it is","Dejarlo como está"
"Taking it leaves the other command unbound.","Tomarlo deja el otro comando sin asignar."
"Conflicts with %1","Entra en conflicto con %1"
"Press a key…","Pulsa una tecla…"
"Unbound","Sin asignar"
"Default","Predeterminado"
"This binding is already the default.","Esta asignación ya es la predeterminada."
"Standard","Estándar"
"Iron and Ember","Hierro y brasa"
"Roman Republic","República romana"
"Senatus Populusque Romanus","Senatus Populusque Romanus"
"Carthage","Cartago"
"Qart-Ḥadašt","Qart-Ḥadašt"
"Iron Sepulcher","Sepulcro de Hierro"
"The watch does not sleep","La guardia no duerme"
"Barracks","Cuartel"
"Defense tower","Torre defensiva"
"Home","Casa"
"Wall","Muralla"
"Gate","Puerta"
"Marketplace","Mercado"
"Temple","Templo"
"No units selected.","No hay unidades seleccionadas."
"No units eligible for formation placement.","No hay unidades aptas para el despliegue en formación."
"This doctrine has no template for the chosen formation.","Esta doctrina no tiene plantilla para la formación elegida."
"No part of this formation fits on the chosen ground.","Ninguna parte de esta formación cabe en el terreno elegido."
"Faction Default","Predeterminado de la facción"
"Line","Línea"
"Column","Columna"
"Defensive","Defensivo"
"Assault","Asalto"
"Encirclement","Envolvimiento"
"Siege Escort","Escolta de asedio"
"Neutral","Neutral"
"Roman Republic","República romana"
"Requires at least one siege engine in the selection.","Requiere al menos una máquina de asedio en la selección."
"Requires cavalry or mounted troops to close the encirclement.","Requiere caballería o tropas montadas para cerrar el envolvimiento."
"Carthage","Cartago"
"The Iron Sepulcher","El Sepulcro de Hierro"
"%1 has no template for this intent.","%1 no tiene plantilla para este propósito."
"The selection lacks the troop types this formation needs.","A la selección le faltan los tipos de tropa que esta formación necesita."
"Encirclement needs at least three units.","El envolvimiento necesita al menos tres unidades."
"Forming up","Formando"
"Formed","Formada"
"Disrupted","Desbaratada"
"Breaking","Quebrándose"
"The deployment this faction fights in by default. No setup needed.","El despliegue con el que esta facción combate por defecto. No requiere preparación."
"Widest frontage. Best for meeting an advance head on.","Frente más amplio. Ideal para recibir un avance de frente."
"Narrow and deep. Best for moving through gates and passes.","Estrecha y profunda. Ideal para atravesar puertas y desfiladeros."
"Compressed frontage with reserves. Best for holding ground.","Frente comprimido con reservas. Ideal para mantener el terreno."
"Weighted front with skirmishers ahead. Best for breaking a line.","Frente reforzado con hostigadores delante. Ideal para quebrar una línea."
"Wide flanks that close around a target. Needs cavalry.","Flancos amplios que se cierran sobre un objetivo. Necesita caballería."
"Engines protected behind infantry. Needs a siege engine.","Máquinas protegidas tras la infantería. Necesita una máquina de asedio."
"Frontage","Frente"
"Narrow","Estrecho"
"Balanced","Equilibrado"
"Wide","Amplio"
"Depth","Profundidad"
"Shallow","Somera"
"Deep","Profunda"
"Spacing","Separación"
"Tight","Cerrada"
"Normal","Normal"
"Loose","Abierta"
"Left","Izquierda"
"Split","Repartida"
"Right","Derecha"
"None","Ninguna"
"One row","Una fila"
"Two rows","Dos filas"
"Mixed armies","Ejércitos mixtos"
"By role","Por función"
"Separate contingents","Contingentes separados"
"Doctrine","Doctrina"
"Reset to faction default","Restablecer al valor de la facción"
"%1 m","%1 m"
"Choose a formation","Elige una formación"
"%1 · %2 units","%1 · %2 unidades"
"Shape","Forma"
"%1 × %2","%1 × %2"
"In place","En posición"
"%1 position(s) nudged to fit the ground.","%1 posición(es) ajustada(s) para encajar en el terreno."
"Drag on the ground to set width and facing.","Arrastra sobre el terreno para fijar la anchura y la orientación."
"Click to deploy · Wheel to turn · Ctrl+wheel for depth · Right-click or Esc to cancel","Clic para desplegar · Rueda para girar · Ctrl+rueda para la profundidad · Clic derecho o Esc para cancelar"
"Hide fine tuning","Ocultar ajuste fino"
"Fine tuning","Ajuste fino"
"How wide the deployment spreads before it starts adding ranks behind.","Cuánto se extiende el despliegue antes de empezar a añadir filas detrás."
"How many ranks stand behind the front. Deeper hits harder but covers less ground.","Cuántas filas se sitúan tras el frente. Más profundo golpea más fuerte pero cubre menos terreno."
"The gap between units. Tight holds shape better; loose loses less to area attacks.","La separación entre unidades. Cerrada mantiene mejor la forma; abierta pierde menos ante ataques de área."
"Which wing the cavalry weights. Split puts an equal body on each wing.","En qué ala se concentra la caballería. Repartida coloca un cuerpo igual en cada ala."
"Cavalry wing","Ala de caballería"
"Where archers and slingers stand. Skirmish sends them out ahead and pulls them back on contact.","Dónde se sitúan arqueros y honderos. Hostigar los envía por delante y los repliega al contacto."
"Missile troops","Tropas de proyectiles"
"In front","Delante"
"Behind","Detrás"
"Skirmish ahead","Hostigar por delante"
"Rows held back from the fighting line to plug gaps.","Filas retenidas tras la línea de combate para tapar huecos."
"Reserve rows","Filas de reserva"
"Doctrine decides","Lo decide la doctrina"
"Reform is faster and copes with chokepoints. Maintain keeps the shape on the march but moves slower.","Reformar es más rápido y sortea los pasos estrechos. Mantener conserva la forma en marcha pero avanza más despacio."
"On the march","En marcha"
"Reform on arrival","Reformar al llegar"
"Hold the shape","Mantener la forma"
"How a selection drawn from several factions is arranged.","Cómo se ordena una selección tomada de varias facciones."
"Follow the commander","Seguir al comandante"
"Follow the majority","Seguir a la mayoría"
"Sorting groups the same troop types together. Keeping the order leaves each unit where it already stands in the line.","Ordenar agrupa los mismos tipos de tropa. Conservar el orden deja cada unidad donde ya está en la línea."
"Slot order","Orden de puestos"
"Sort by type","Ordenar por tipo"
"Keep current order","Conservar el orden actual"
"Which drill book shapes the deployment. Automatic follows the troops you selected.","Qué manual de instrucción da forma al despliegue. Automático sigue a las tropas que has seleccionado."
"Formed","Formada"
"Disrupted","Desbaratada"
"Breaking","Quebrándose"
"Forming up","Formando"
"The line is holding its shape and takes reduced damage.","La línea mantiene su forma y recibe menos daño."
"The line has come apart and is taking extra damage. Re-issue the formation order to reform.","La línea se ha deshecho y recibe daño adicional. Repite la orden de formación para reformarla."
"The formation is breaking up.","La formación se está deshaciendo."
"Units are still moving into their slots.","Las unidades aún se dirigen a sus puestos."
"Cohesion %1%","Cohesión %1%"
"%1 units","%1 unidades"
"Selection spans several formations.","La selección abarca varias formaciones."
"%1 slot(s) blocked by terrain.","%1 puesto(s) bloqueado(s) por el terreno."
"Standard of Iron — Iron and Ember Gallery","Standard of Iron — Galería Hierro y Brasa"
"Scale","Escala"
"Reduce motion","Reducir el movimiento"
"High contrast","Alto contraste"
"Reset","Restablecer"
"Iron and Ember — every control the product may use","Hierro y Brasa — todos los controles que el producto puede usar"
"Cannot save: empty slot name","No se puede guardar: nombre de ranura vacío"
"Save service is shutting down","El servicio de guardado se está cerrando"
"Queued","En cola"
"Serializing world","Serializando el mundo"
"Compressing","Comprimiendo"
"Writing","Escribiendo"
"Exception while saving: %1","Excepción al guardar: %1"
"Save cancelled","Guardado cancelado"
"Done","Listo"
"Save storage unavailable","Almacenamiento de partidas no disponible"
"Save slot '%1' is corrupted: %2","La ranura de guardado «%1» está dañada: %2"
"Exception while loading save '%1': %2","Excepción al cargar la partida «%1»: %2"
"Cannot write '%1': %2","No se puede escribir «%1»: %2"
"Failed to write '%1': %2","No se pudo escribir «%1»: %2"
"Cannot read '%1': %2","No se puede leer «%1»: %2"
"wood","madera"
"stone","piedra"
"iron","hierro"
"Maximum troop limit reached. Cannot produce more units.","Se ha alcanzado el límite máximo de tropas. No se pueden producir más unidades."
"Not enough manpower. Build homes or wait for families.","No hay suficiente mano de obra. Construye viviendas o espera a que lleguen familias."
"Select your marketplace to trade.","Selecciona tu mercado para comerciar."
"Marketplace can trade only wood, stone, or iron.","El mercado solo puede comerciar con madera, piedra o hierro."
"Not enough gold to buy %1.","No hay suficiente oro para comprar %1."
"Not enough %1 to sell.","No hay suficiente %1 para vender."
"Campaign manager not initialized","El gestor de campaña no está inicializado"
"Failed to load mission","No se pudo cargar la misión"
"Failed to load mission preview: %1","No se pudo cargar la vista previa de la misión: %1"
"Cannot start skirmish: renderer not initialized","No se puede iniciar la escaramuza: el motor de render no está inicializado"
"Save: not initialized","Guardar: no inicializado"
"A save is already in progress","Ya hay un guardado en curso"
"Queued","En cola"
"Cancelling...","Cancelando..."
"Load: not initialized","Cargar: no inicializado"
"Cannot play replay: %1","No se puede reproducir la repetición: %1"
"Cannot play replay: unknown launch kind '%1'","No se puede reproducir la repetición: tipo de inicio desconocido «%1»"
"%1/%2 walls  •  %3 wood","%1/%2 murallas  •  %3 de madera"
"Enemy target","Objetivo enemigo"
"Cannot attack ally","No se puede atacar a un aliado"
"Cannot attack this target","No se puede atacar este objetivo"
"Selection cannot attack","La selección no puede atacar"
"In range","A tiro"
"Too close","Demasiado cerca"
"Out of range","Fuera de alcance"
"No firing line","Sin línea de tiro"
"Attack","Atacar"
"Select troops first","Selecciona tropas primero"
"Guard","Proteger"
"Patrol","Patrullar"
"Stop","Detener"
"Hold","Mantener"
"No troops selected","No hay tropas seleccionadas"
"Orders ready","Órdenes listas"
"Attack order","Orden de ataque"
"Guard order","Orden de protección"
"Patrol order","Orden de patrulla"
"Medic order","Orden de sanidad"
"Engineer order","Orden de ingeniería"
"Collection order","Orden de recolección"
"Barracks delivery","Entrega al cuartel"
"Formation order","Orden de formación"
"Rally order","Orden de reunión"
"Stop command","Comando de alto"
"Attack enemy units or buildings. Only eligible selected troops receive the order.","Ataca unidades o edificios enemigos. Solo reciben la orden las tropas seleccionadas aptas."
"Attack is not available for the current selection","Atacar no está disponible para la selección actual"
"Guard a position. Only guard-capable troops receive the order.","Protege una posición. Solo reciben la orden las tropas capaces de proteger."
"Guard is not available for the current selection","Proteger no está disponible para la selección actual"
"Patrol between waypoints.","Patrulla entre puntos de ruta."
"Patrol is not available for the current selection","Patrullar no está disponible para la selección actual"
"Medic","Sanidad"
"Healers tend nearby allies on their own.","Los sanadores atienden a los aliados cercanos por sí solos."
"Healers automatically heal nearby allies. This is passive, not a manual order.","Los sanadores curan automáticamente a los aliados cercanos. Es algo pasivo, no una orden manual."
"Select healer units","Selecciona unidades sanadoras"
"Stop all actions immediately.","Detén todas las acciones de inmediato."
"Hold position and defend.","Mantén la posición y defiende."
"Hold is not available for the current selection","Mantener no está disponible para la selección actual"
"Build","Construir"
"Open builder orders and place structures.","Abre las órdenes de constructor y coloca estructuras."
"Build is only available to builders","Construir solo está disponible para los constructores"
"Collect","Recoger"
"Click a tree, boulder or ore deposit. Right-click to cancel.","Haz clic en un árbol, una roca o un yacimiento. Clic derecho para cancelar."
"Collect is only available to builders","Recolectar solo está disponible para los constructores"
"Deliver","Entregar"
"Click a friendly barracks. Only selected civilians receive the order.","Haz clic en un cuartel aliado. Solo reciben la orden los civiles seleccionados."
"Deliver is only available to civilians","Entregar solo está disponible para los civiles"
"Rally","Reunir"
"The commander plants a rally flag; troops march to it once placed.","El comandante planta una bandera de reunión; las tropas marchan hacia ella una vez colocada."
"Select a commander to use rally","Selecciona un comandante para usar la reunión"
"Gate","Puerta"
"Cycle the selected gates: automatic, held open, held shut.","Alterna las puertas seleccionadas: automática, abierta fija, cerrada fija."
"Select one of your gates to control it","Selecciona una de tus puertas para controlarla"
"Aura","Aura"
"Temporarily empower nearby troops. A glow marks every affected soldier.","Potencia temporalmente a las tropas cercanas. Un resplandor marca a cada soldado afectado."
"Select a ready commander to activate the aura","Selecciona un comandante preparado para activar el aura"
"Repair order","Orden de reparación"
"Auto Gather","Recolección automática"
"Builders keep finding and collecting the nearest resource on their own. Any new order cancels it.","Los constructores siguen buscando y recogiendo el recurso más cercano por sí solos. Cualquier orden nueva lo cancela."
"Auto Gather is only available to builders","La recolección automática solo está disponible para los constructores"
"Repair","Reparar"
"Click a damaged building of yours. Right-click to cancel.","Haz clic en un edificio tuyo dañado. Clic derecho para cancelar."
"Repair is only available to builders","Reparar solo está disponible para los constructores"
"TARGET","OBJETIVO"
"%n attacking","Uno atacando | %n atacando"
"%1%","%1 %"
"Commander","Comandante"
"Commander unavailable","Comandante no disponible"
"Choose destination","Elige un destino"
"Planting flag","Plantando la bandera"
"Moving commander","Desplazando al comandante"
"Flag active","Bandera activa"
"Ready","Listo"
"Left-click a destination to confirm the rally flag.","Haz clic izquierdo en un destino para confirmar la bandera de reunión."
"The commander is planting the flag. Interruptions will cancel the rally.","El comandante está plantando la bandera. Cualquier interrupción cancelará la reunión."
"The commander is marching to the chosen point before planting the flag.","El comandante marcha al punto elegido antes de plantar la bandera."
"Troops have already received a normal move order to this rally flag.","Las tropas ya han recibido una orden de movimiento normal hacia esta bandera de reunión."
"Choose a destination, march there, plant the flag, then order all controllable troops there.","Elige un destino, marcha hasta allí, planta la bandera y ordena a todas las tropas controlables que acudan."
"Cancel Rally Placement","Cancelar la colocación de la reunión"
"Rally In Progress","Reunión en curso"
"Reposition Rally [R]","Recolocar la reunión [R]"
"Place Rally [R]","Colocar la reunión [R]"
"Vanguard Rush","Embestida de vanguardia"
"Explode forward into the focused enemy and open a punish.","Irrumpe hacia delante contra el enemigo enfocado y abre un castigo."
"Second Wind","Segundo aliento"
"Recover posture and stamina, then steady yourself for the next exchange.","Recupera postura y aguante, luego afiánzate para el siguiente intercambio."
"Shield Bash","Golpe de escudo"
"Guard-gated stagger burst that punishes enemies crowding your front.","Ráfaga de aturdimiento ligada a la guardia que castiga a los enemigos que se agolpan en tu frente."
"Command Aura","Aura de mando"
"Temporarily empower nearby troops. A glow marks every affected soldier.","Potencia temporalmente a las tropas cercanas. Un resplandor marca a cada soldado afectado."
"Disconnected","Desconectado"
"Guard broken","Guardia rota"
"Punish window","Ventana de castigo"
"Sprinting","Esprintando"
"Steady","Firme"
"COMMANDER","COMANDANTE"
"Frontline command","Mando en primera línea"
"Aura active","Aura activa"
"Aura ready","Aura lista"
"Aura cooling","Aura enfriándose"
"HP %1/%2","PS %1/%2"
"STM %1%","AGT %1%"
"Stable","Estable"
"Posture","Postura"
"Chase","Persecución"
"State: %1","Estado: %1"
"Perfect guard live","Guardia perfecta activa"
"Finisher primed","Remate preparado"
"Aura %1","Aura %1"
"empowers nearby troops","potencia a las tropas cercanas"
"is recovering","se está recuperando"
"Camera: %1","Cámara: %1"
"ORDERS","ÓRDENES"
"ABILITIES","HABILIDADES"
"Rally","Reunir"
"Command Aura Active · %1s","Aura de mando activa · %1 s"
"Activate Command Aura [3]","Activar el aura de mando [3]"
"Command Aura · %1s cooldown","Aura de mando · %1 s de recarga"
"Temporarily empower nearby troops. Every affected soldier receives a visible glow.","Potencia temporalmente a las tropas cercanas. Cada soldado afectado recibe un resplandor visible."
"Combo","Combo"
"%1 [%2]","%1 [%2]"
"COMBAT CONTROLS","CONTROLES DE COMBATE"
"[LMB] Strike  [RMB] Guard","[Clic izq.] Golpear  [Clic der.] Guardia"
"[Space] Dodge  [Alt] Jump","[Espacio] Esquivar  [Alt] Saltar"
"[WASD] Move  [Shift] Sprint","[WASD] Mover  [Mayús] Esprintar"
"[Tab] Cycle Target  [3] Aura  [C] Camera","[Tab] Cambiar objetivo  [3] Aura  [C] Cámara"
"[R] Rally Orders  [Enter] Return to RTS","[R] Órdenes de reunión  [Intro] Volver al RTS"
"[F] Bash  [1] Rush  [2] Second Wind","[F] Golpe de escudo  [1] Embestida  [2] Segundo aliento"
"[Tab] Target  [1] Rush  [2] Second Wind  [3] Aura  [F] Bash","[Tab] Objetivo  [1] Embestida  [2] Segundo aliento  [3] Aura  [F] Golpe de escudo"
"[R] Place Rally  [C] Camera  [Enter] Return to RTS","[R] Colocar reunión  [C] Cámara  [Intro] Volver al RTS"
"Rally autopilot engaged until the flag is planted","Piloto automático de reunión activo hasta que se plante la bandera"
"Combat HUD synced for close-quarters command","Interfaz de combate sincronizada para el mando cuerpo a cuerpo"
"First-person command engaged","Mando en primera persona activado"
"The aura is not ready yet.","El aura aún no está lista."
"MINIMAP","MINIMAPA"
"[You]","[Tú]"
"Resume","Reanudar"
"Pause","Pausa"
"Follow the selection with the camera","Seguir la selección con la cámara"
"Reset the camera","Restablecer la cámara"
"SPECTATOR","ESPECTADOR"
"Watching a CPU-only match. You cannot issue commands.","Estás viendo una partida solo entre CPU. No puedes dar órdenes."
"Population","Población"
"Human players","Jugadores humanos"
"AI players","Jugadores de IA"
"Enemies defeated","Enemigos derrotados"
"Minimap","Minimapa"
"(%1/%2)","(%1/%2)"
"Open the field manual (help)","Abrir el manual de campaña (ayuda)"
"Battle speed %1","Velocidad de batalla %1"
"Battle speed","Velocidad de batalla"
"Basics","Fundamentos"
"Economy","Economía"
"Buildings","Edificios"
"Army","Ejército"
"Commander","Comandante"
"Controls","Controles"
"Tutorial","Tutorial"
"Selecting","Seleccionar"
"Left-click a unit to select it, or hold the left button and drag a box around several. Hold Ctrl to add to the selection. Selected units show a ring at their feet, and the panel at the bottom lists them by type - click a type to keep only those.","Haz clic izquierdo en una unidad para seleccionarla, o mantén pulsado el botón izquierdo y traza un recuadro alrededor de varias. Mantén Ctrl para añadir a la selección. Las unidades seleccionadas muestran un anillo a sus pies, y el panel inferior las enumera por tipo: haz clic en un tipo para quedarte solo con esas."
"Giving orders","Dar órdenes"
"Right-click the ground to move, right-click an enemy to attack. The command grid offers Attack, Guard, Patrol, Hold, Stop and the builder and commander orders. A marker shows where troops are going and the banner above the grid confirms each order - or explains why it was refused.","Clic derecho en el suelo para mover, clic derecho en un enemigo para atacar. La cuadrícula de órdenes ofrece Atacar, Guardia, Patrulla, Mantener, Detener y las órdenes de constructor y comandante. Un marcador muestra adónde van las tropas y el cartel sobre la cuadrícula confirma cada orden, o explica por qué fue rechazada."
"Stances","Posturas"
"Guard holds a spot, chases what comes near and returns. Hold stands the ground without pursuing - for archers and spearmen. Patrol walks between two points and engages what crosses the route. Stop cancels everything.","Guardia sostiene un punto, persigue lo que se acerca y vuelve. Mantener aguanta la posición sin perseguir: para arqueros y lanceros. Patrulla camina entre dos puntos y se enfrenta a lo que cruce la ruta. Detener lo cancela todo."
"Winning and losing","Ganar y perder"
"Each mission states its own victory and defeat conditions in the Objectives screen (Escape, then Objectives). In every battle your commander must survive: a nation dies with the man who leads it, and a lone commander is already lost.","Cada misión indica sus propias condiciones de victoria y derrota en la pantalla de Objetivos (Escape y luego Objetivos). En toda batalla tu comandante debe sobrevivir: una nación muere con el hombre que la dirige, y un comandante solo ya está perdido."
"The three materials","Los tres materiales"
"Wood comes from pine trees, stone from boulders and iron from ore seams. A builder harvests a node with Collect (or Auto Gather), then carries the load to the stone yard beside a friendly barracks. Only when it is dropped there does the counter in the top bar rise. The yard's piles grow and shrink with your stores.","La madera viene de los pinos, la piedra de las rocas y el hierro de las vetas de mineral. Un constructor cosecha un nodo con Recolectar (o Recolección automática) y luego lleva la carga al patio de piedra junto a un cuartel aliado. Solo cuando la deja allí sube el contador de la barra superior. Los montones del patio crecen y menguan con tus reservas."
"Gold and trade","Oro y comercio"
"Gold comes with the camp and cannot be mined. A marketplace lets you buy materials for gold and sell surplus for it; a temple costs gold to raise.","El oro viene con el campamento y no se puede extraer. Un mercado te permite comprar materiales con oro y vender excedentes por oro; un templo cuesta oro para levantarlo."
"Costs","Costes"
"Every card - recruit or building - lists its price. A grey card means something is short; hover it to read what. Homes cost 50 wood and 15 stone, a barracks 100 wood and 60 stone, a defence tower 60 wood and 80 stone; soldiers cost a little wood and iron plus population.","Cada tarjeta, de recluta o de edificio, indica su precio. Una tarjeta gris significa que falta algo; pasa el ratón para leer qué. Las casas cuestan 50 de madera y 15 de piedra, un cuartel 100 de madera y 60 de piedra, una torre defensiva 60 de madera y 80 de piedra; los soldados cuestan un poco de madera y hierro más población."
"Placing a structure","Colocar una estructura"
"Select a builder and press Build to open the structure list. Move the outline over the ground: green means flat, clear ground; red means it is blocked by another building, water or a slope. Scroll to rotate, left-click to confirm, right-click to cancel. The builder walks over and works until it stands.","Selecciona un constructor y pulsa Construir para abrir la lista de estructuras. Mueve el contorno sobre el terreno: verde significa terreno llano y despejado; rojo significa que lo bloquea otro edificio, agua o una pendiente. Desplaza la rueda para girar, clic izquierdo para confirmar, clic derecho para cancelar. El constructor se acerca y trabaja hasta que queda en pie."
"What each building does","Qué hace cada edificio"
"Barracks recruit soldiers and hold your stockpile yard. Homes raise families and civilians. Defence towers shoot at anything in range. Marketplaces trade. Temples strengthen morale. Walls and gates shape the field; gates open for your own troops.","Los cuarteles reclutan soldados y albergan tu patio de almacenamiento. Las casas crían familias y civiles. Las torres defensivas disparan a todo lo que esté a su alcance. Los mercados comercian. Los templos fortalecen la moral. Las murallas y puertas dan forma al campo; las puertas se abren para tus propias tropas."
"Repair and dismantle","Reparar y desmantelar"
"A damaged building can be repaired by a builder with the Repair order. Buildings you no longer need can be dismantled from their panel.","Un constructor puede reparar un edificio dañado con la orden Reparar. Los edificios que ya no necesites pueden desmantelarse desde su panel."
"Recruiting","Reclutamiento"
"Left-click a barracks and pick a soldier. Recruits queue up to five deep and march out to the rally flag. Each costs population from the barracks' own pool as well as materials.","Haz clic izquierdo en un cuartel y elige un soldado. Los reclutas hacen cola de hasta cinco y salen hacia la bandera de reunión. Cada uno cuesta población de la reserva propia del cuartel además de materiales."
"Population","Población"
"A barracks starts with a pool of population and spends it on every recruit. Homes refill it: each Home raises families over time, a civilian can be recruited there and sent to the barracks with Deliver, and the pool grows. The top bar shows your army against the map's overall cap.","Un cuartel empieza con una reserva de población y la gasta en cada recluta. Las casas la reponen: cada casa cría familias con el tiempo, allí se puede reclutar a un civil y enviarlo al cuartel con Entregar, y la reserva crece. La barra superior muestra tu ejército frente al límite total del mapa."
"Formations and lines","Formaciones y líneas"
"Spearmen hold a line, archers punish from behind it, cavalry breaks flanks, healers mend nearby wounded on their own. The Formation order arranges a mixed selection into a proper line; Run trades stamina for speed.","Los lanceros sostienen la línea, los arqueros castigan desde detrás, la caballería rompe los flancos, los sanadores curan por su cuenta a los heridos cercanos. La orden Formación ordena una selección mixta en una línea como es debido; Correr cambia resistencia por velocidad."
"The standard","El estandarte"
"Your commander carries the standard. Troops close to him fight with higher morale, and morale decides who breaks first. Keep him behind the spears: if he falls the mission is lost.","Tu comandante porta el estandarte. Las tropas cercanas luchan con más moral, y la moral decide quién se quiebra primero. Mantenlo detrás de las lanzas: si cae, la misión se pierde."
"Aura and Rally","Aura y Reunión"
"With the commander selected, Aura briefly empowers every soldier around him and then recharges. Rally plants a flag that your army marches to - useful for pulling a scattered force back into a line.","Con el comandante seleccionado, Aura potencia brevemente a todos los soldados a su alrededor y luego se recarga. Reunión planta una bandera hacia la que marcha tu ejército: útil para volver a formar en línea una fuerza dispersa."
"Taking direct control","Tomar el control directo"
"Where the mission allows it, you can step into the commander's boots and lead from the field. The controls for that mode are listed under Controls.","Cuando la misión lo permite, puedes ponerte en la piel del comandante y dirigir desde el campo. Los controles de ese modo se enumeran en Controles."
"Pace and view","Ritmo y vista"
"Field manual","Manual de campaña"
"Field Manual","Manual de campaña"
"Close the field manual","Cerrar el manual de campaña"
"unbound","sin asignar"
"The tutorial is a guided first battle on a small meadow. Each step names one goal, tells you when it is done, and explains why an order is refused. Steps can be paused, skipped and replayed at any time.","El tutorial es una primera batalla guiada en una pequeña pradera. Cada paso nombra una meta, te avisa cuando se cumple y explica por qué se rechaza una orden. Los pasos pueden pausarse, saltarse y repetirse en cualquier momento."
"%1. %2","%1. %2"
"Start the tutorial","Iniciar el tutorial"
"Show tutorial card","Mostrar la tarjeta del tutorial"
"Restart the steps","Reiniciar los pasos"
"Close","Cerrar"
"The top-left buttons pause the battle and set the speed, from half up to quadruple; Space pauses too, and + and - step through the speeds. The active speed stays lit while paused and can be changed there. Move the camera with the arrow keys or WASD, or push the mouse to the screen edge; scroll to zoom, Q and E to rotate; the reset button returns to your camp and Follow keeps the camera on your selection.","Los botones de la esquina superior izquierda pausan la batalla y ajustan la velocidad, de la mitad hasta el cuádruple; la barra espaciadora también pausa, y + y - recorren las velocidades. La velocidad activa permanece resaltada en pausa y puede cambiarse ahí. Mueve la cámara con las flechas o WASD, o lleva el ratón al borde de la pantalla; usa la rueda para acercar, Q y E para rotar; el botón de reinicio vuelve a tu campamento y Seguir mantiene la cámara sobre tu selección."
"Unbound","Sin asignar"
"Mouse Left","Ratón izq."
"Mouse Right","Ratón der."
"Mouse Middle","Ratón central"
"Mouse Back","Ratón atrás"
"Mouse Forward","Ratón adelante"
"%1 of %2","%1 de %2"
"Pick a target","Elige un objetivo"
"OK","OK"
"Battle Report","Informe de batalla"
"The Campaign is Won","La campaña está ganada"
"Victory Secured","Victoria asegurada"
"Army Broken","Ejército quebrado"
"Every mission has fallen to your standard.","Todas las misiones han caído ante tu estandarte."
"Enemy command has fallen.","El mando enemigo ha caído."
"Your command has collapsed.","Tu mando se ha derrumbado."
"Search","Buscar"
"Selected units","Unidades seleccionadas"
"SELECTION","SELECCIÓN"
"SELECTED UNIT","UNIDAD SELECCIONADA"
"SELECTED FORCE","FUERZA SELECCIONADA"
"%1 soldiers ready","%1 soldados listos"
"1 unit","1 unidad"
"%1 units","%1 unidades"
"%1 units  ·  %2 types","%1 unidades  ·  %2 tipos"
"Drag a box over your troops, or click a unit","Arrastra un recuadro sobre tus tropas, o haz clic en una unidad"
"HEALTH","SALUD"
"%1%","%1%"
"STAMINA","AGUANTE"
"%1 wounded","%1 heridos"
"(mixed)","(mixta)"
"YOUR BUILDING","TU EDIFICIO"
"YOUR UNIT","TU UNIDAD"
"ENEMY BUILDING","EDIFICIO ENEMIGO"
"ENEMY UNIT","UNIDAD ENEMIGA"
"BUILDING","EDIFICIO"
"UNIT","UNIDAD"
"Under attack by %n of your units","Bajo ataque de %n de tus unidades | Bajo ataque de %n de tus unidades"
"Not engaged by your army","Tu ejército no lo está atacando"
"Under attack by %n enemies","Bajo ataque de %n enemigo | Bajo ataque de %n enemigos"
"Not under attack","No está bajo ataque"
"Enemy","Enemigo"
"Yours","Tuyo"
"Neutral","Neutral"
"%1 / %2","%1 / %2"
"Map load failed: %1","Error al cargar el mapa: %1"
"Prewarming templates: scanning unit profiles...","Precalentando plantillas: analizando perfiles de unidad..."
"Prewarming templates: %1 / %2","Precalentando plantillas: %1 / %2"
"Queued deferred template warmup (%1 additional)","Precalentamiento diferido de plantillas en cola (%1 adicionales)"
"Template warmup complete (%1 core, %2 total)","Precalentamiento de plantillas completado (%1 esenciales, %2 en total)"
"Template warmup cancelled","Precalentamiento de plantillas cancelado"
"Load Game","Cargar partida"
"Cancel","Cancelar"
"No saves found","No se han encontrado partidas guardadas"
"No Preview","Sin vista previa"
"Load","Cargar"
"Delete","Eliminar"
"Confirm Delete","Confirmar eliminación"
"Are you sure you want to delete the save:\n""%1""?\n\nThis action cannot be undone.","¿Seguro que quieres eliminar la partida guardada:\n«%1»?\n\nEsta acción no se puede deshacer."
"%1h %2m","%1 h %2 min"
"%1m","%1 min"
"Campaign","Campaña"
"Skirmish","Escaramuza"
"%1 - autosave","%1 - guardado automático"
"%1 - quicksave","%1 - guardado rápido"
"%1 · %2","%1 · %2"
"Saved %1","Guardada el %1"
"Played %1","Jugada %1"
"Export","Exportar"
"Exported to %1","Exportada a %1"
"Export failed","La exportación ha fallado"
"Verify","Verificar"
"Verification Passed","Verificación superada"
"Verification Failed","Verificación fallida"
"""%1"" is intact. The save file has not been corrupted.","«%1» está intacta. El archivo de guardado no se ha dañado."
"""%1"" is corrupted and cannot be loaded. The save failed its integrity check.","«%1» está dañada y no se puede cargar. El guardado no ha superado la comprobación de integridad."
"Import...","Importar..."
"Save Verification","Verificación de la partida guardada"
"Import Save","Importar partida guardada"
"Save files found in the exports folder:","Archivos de guardado encontrados en la carpeta de exportaciones:"
"Import","Importar"
"Imported as ""%1""","Importada como «%1»"
"Import failed","La importación ha fallado"
"No importable save files were found.","No se han encontrado archivos de guardado importables."
"Untitled Save","Partida sin título"
"Unknown Map","Mapa desconocido"
"Pick a saved game first.","Elige primero una partida guardada."
"Loading...","Cargando..."
"Not Started","Sin iniciar"
"Initializing...","Inicializando..."
"Loading Map Data...","Cargando datos del mapa..."
"Loading Terrain...","Cargando el terreno..."
"Loading Biome...","Cargando el bioma..."
"Loading Water Features...","Cargando los cursos de agua..."
"Loading Roads...","Cargando los caminos..."
"Loading Environment...","Cargando el entorno..."
"Loading Fog...","Cargando la niebla..."
"Loading Units & Buildings...","Cargando unidades y edificios..."
"Loading Audio...","Cargando el audio..."
"Generating Minimap...","Generando el minimapa..."
"Initializing Game Systems...","Inicializando los sistemas de juego..."
"Finalizing...","Finalizando..."
"Complete","Completado"
"Failed","Fallido"
"Unknown","Desconocido"
"Standard of Iron - RTS Game","Standard of Iron - Juego de estrategia en tiempo real"
"PAUSED","EN PAUSA"
"Press Space to resume","Pulsa Espacio para reanudar"
"Error","Error"
"STANDARD OF IRON","STANDARD OF IRON"
"Save Game","Guardar partida"
"Load Game","Cargar partida"
"Settings","Ajustes"
"Exit","Salir"
"Play Skirmish","Jugar escaramuza"
"Choose the field and deploy armies","Elige el campo y despliega ejércitos"
"Battle","Batalla"
"Campaign","Campaña"
"March through the Second Punic War","Marcha a través de la Segunda Guerra Púnica"
"War Map","Mapa de guerra"
"Objectives","Objetivos"
"Review active orders","Revisa las órdenes activas"
"Orders","Órdenes"
"Record the current campaign state","Registra el estado actual de la campaña"
"Archive","Archivo"
"Return to a saved command","Vuelve a un mando guardado"
"Return","Volver"
"Display, audio, and controls","Pantalla, sonido y controles"
"Options","Opciones"
"Leave the war table","Abandona la mesa de guerra"
"Retire","Retirarse"
"Rome and Carthage at the edge of empire","Roma y Cartago al filo del imperio"
"SECOND PUNIC WAR","SEGUNDA GUERRA PÚNICA"
"Legions, fleets, elephants, and contested supply lines","Legiones, flotas, elefantes y líneas de suministro disputadas"
"SPQR","SPQR"
"QART-HADAST","QART-HADAST"
"Enter","Intro"
"Esc","Esc"
"Navigate","Navegar"
"Confirm","Confirmar"
"Resume battle","Reanudar la batalla"
"Hannibal Barca","Aníbal Barca"
"Scipio Africanus","Escipión el Africano"
"CARTHAGE","CARTAGO"
"ROME","ROMA"
"Tutorial","Tutorial"
"Learn to command in a guided first battle","Aprende a mandar en una primera batalla guiada"
"Training","Instrucción"
"Field Manual","Manual de campaña"
"How selection, economy, buildings and armies work","Cómo funcionan la selección, la economía, los edificios y los ejércitos"
"Help","Ayuda"
"Maps","Mapas"
"No maps available","No hay mapas disponibles"
"Map Preview","Vista previa del mapa"
"Player bases shown as colored circles","Las bases de los jugadores se muestran como círculos de color"
"Select a map\nto see preview","Selecciona un mapa\npara ver la vista previa"
"No preview available","No hay vista previa disponible"
"Maps","Mapas"
"No maps available","No hay mapas disponibles"
"Loading maps...","Cargando mapas..."
"► %1","► %1"
"Select a map to continue","Selecciona un mapa para continuar"
"Loading map details...","Cargando los detalles del mapa..."
"No Map Selected","Ningún mapa seleccionado"
"Players","Jugadores"
"• Click color/team to cycle","• Haz clic en el color o el equipo para cambiarlo"
"Player color: %1 - Click to change","Color del jugador: %1 - Haz clic para cambiarlo"
"Color","Color"
"Team %1 - Click to change","Equipo %1 - Haz clic para cambiarlo"
"Team %1","Equipo %1"
"Remove player","Quitar jugador"
"+ Add CPU","+ Añadir CPU"
"Add AI opponent","Añadir un oponente de IA"
"Back","Atrás"
"Return to main menu (Esc)","Volver al menú principal (Esc)"
"Play","Jugar"
"Start game (Enter)","Iniciar la partida (Intro)"
"Roman Republic","República romana"
"Commander","Comandante"
"• Click nation tag to change","• Haz clic en la etiqueta de nación para cambiarla"
"Disable player (spectator mode)","Desactivar jugador (modo espectador)"
"Enable player","Activar jugador"
"Nation: %1 - Click to change","Nación: %1 - Haz clic para cambiarla"
"Nation","Nación"
"Commander: %1 - Click to change","Comandante: %1 - Haz clic para cambiarlo"
"Available Player Slots: %1","Puestos de jugador disponibles: %1"
"Select your player ID:","Selecciona tu identificador de jugador:"
"ID %1","ID %1"
"All other slots will be CPU-controlled","Todos los demás puestos los controlará la CPU"
"CPU will control: ID %1","La CPU controlará: ID %1"
", ID",", ID"
"Need at least 1 enabled player to start","Se necesita al menos 1 jugador activo para empezar"
"Need at least 2 enabled players to start","Se necesitan al menos 2 jugadores activos para empezar"
"At least two teams must be selected to start a match","Hay que seleccionar al menos dos equipos para iniciar una partida"
"Every slot on this map is taken","Todos los puestos de este mapa están ocupados"
"Player %1","Jugador %1"
"CPU %1","CPU %1"
"Player %1","Jugador %1"
"AI Player %1","Jugador IA %1"
"Unnamed Map","Mapa sin nombre"
"A balanced Mediterranean skirmish map set among olive groves, dry wadis, terraced hills, and dusty farm roads. Control of the center and side ridges helps, but victory is standard barracks elimination.","Un mapa de escaramuza mediterráneo equilibrado, entre olivares, ramblas secas, colinas aterrazadas y polvorientos caminos de labranza. Controlar el centro y las lomas laterales ayuda, pero la victoria es la eliminación estándar de cuarteles."
"A large balanced mountain skirmish map with two fortified bases, a contested central ridge, narrow high passes, flank trails, alpine streams, and strong archer positions. Victory is standard barracks elimination.","Un amplio mapa de escaramuza de montaña equilibrado, con dos bases fortificadas, una loma central disputada, angostos pasos de altura, sendas de flanqueo, arroyos alpinos y sólidas posiciones para arqueros. La victoria es la eliminación estándar de cuarteles."
"A rich strategic crossroads map with contested central bridges, neutral corner barracks, flank routes, and high ground around key crossings.","Un rico mapa estratégico de encrucijada, con puentes centrales disputados, cuarteles neutrales en las esquinas, rutas de flanqueo y terreno elevado en torno a los cruces clave."
"Battle of Cannae","Batalla de Cannas"
"Battle of Lake Trasimene","Batalla del lago Trasimeno"
"Battle of Ticino","Batalla del Tesino"
"Battle of Trebia","Batalla del Trebia"
"Battle of Zama","Batalla de Zama"
"Campania Campaign","Campaña de Campania"
"Crossing the Alps","El paso de los Alpes"
"Crossing the Rhone - Polished Maze Version","El paso del Ródano - versión laberinto pulida"
"Forest Battlefield","Campo de batalla boscoso"
"Iron Sepulcher Watch","Vigilia del Sepulcro de Hierro"
"Mountain Strongholds","Baluartes de montaña"
"River Crossroads","Encrucijada del río"
"Small authored scenario that demonstrates ruins, a shrine, and undead awakening zones.","Pequeño escenario diseñado que muestra ruinas, un santuario y zonas de despertar de los no muertos."
"Spanish Olive Grove","Olivar hispano"
"A dense symmetrical forest battlefield for two active players, built around road reading, ambush forests, hill control, side objectives, and two neutral barracks. There are no rivers, bridges, or mountains. Roads deliberately route around hills instead of crossing over them.","Un denso campo de batalla boscoso y simétrico para dos jugadores activos, construido en torno a la lectura de los caminos, bosques para emboscar, el control de las colinas, objetivos secundarios y dos cuarteles neutrales. No hay ríos, puentes ni montañas. Los caminos rodean deliberadamente las colinas en vez de cruzarlas."
"A quiet meadow between a Carthaginian camp and a Roman outpost, laid out for the tutorial: timber, stone and ore within a short walk of the barracks, a scouting party to practise on, and a small enemy camp to take once the army is ready.","Una pradera tranquila entre un campamento cartaginés y un puesto avanzado romano, dispuesta para el tutorial: madera, piedra y mineral a un corto paseo del cuartel, una partida de exploradores con la que practicar y un pequeño campamento enemigo que tomar cuando el ejército esté listo."
"Training Meadow","Pradera de instrucción"
"Loading map…","Cargando mapa…"
"Tilt -","Inclinar -"
"Tilt +","Inclinar +"
"Reset view","Restablecer la vista"
"Control:","Control:"
"Legend","Leyenda"
"Rome","Roma"
"Carthage","Cartago"
"Neutral","Neutral"
"Mission Region","Región de la misión"
"Rhône","Ródano"
"N. Italy","Italia sept."
"Trasimene","Trasimeno"
"Cannae","Cannas"
"Zama","Zama"
"The Alps","Los Alpes"
"Campania","Campania"
"S. Italy","Italia mer."
"Arrows pan  ·  Drag to rotate  ·  Scroll or +/- to zoom  ·  Home resets","Flechas para desplazar  ·  Arrastra para rotar  ·  Rueda o +/- para el zoom  ·  Inicio restablece"
"Suffete Command","Mando de los sufetes"
"Consular Command","Mando consular"
"Carthaginian High Command","Alto mando cartaginés"
"Roman High Command","Alto mando romano"
"Unknown","Desconocido"
"Sealed","Sellada"
"In Progress","En curso"
"Rewards: Sealed until prior victories","Recompensas: selladas hasta lograr las victorias previas"
"Rewards: Laurels Inscribed • Veteran Honors Claimed","Recompensas: laureles inscritos • honores de veterano reclamados"
"Rewards: Bronze Standard • Veteran Cohort","Recompensas: estandarte de bronce • cohorte veterana"
"Dispatch:","Despacho:"
"Campaign Objectives (complete all):","Objetivos de campaña (cúmplelos todos):"
"Campaign Objectives (complete any):","Objetivos de campaña (cumple cualquiera):"
"Campaign Objectives:","Objetivos de campaña:"
"Complete mission objective","Completa el objetivo de la misión"
"Optional:","Opcional:"
"Complete optional objective","Completa el objetivo opcional"
"Failure:","Fracaso:"
"Avoid mission failure","Evita el fracaso de la misión"
"• Complete the mission successfully","• Completa la misión con éxito"
"Army Composition:","Composición del ejército:"
"Historical Ledger:","Registro histórico:"
"Casualties Forecast:","Previsión de bajas:"
"Tactical Rating:","Valoración táctica:"
"Campaign Success:","Éxito de la campaña:"
"Opposition Command","Mando enemigo"
"Field Command Pending","Mando de campo pendiente"
"No named commander assigned to this force.","No hay ningún comandante nombrado para esta fuerza."
"Orders sealed until prior victories are secured.","Órdenes selladas hasta asegurar las victorias previas."
"Victory recorded. You may replay this engagement at will.","Victoria registrada. Puedes volver a jugar este combate cuando quieras."
"Orders issued. Deploy when ready.","Órdenes emitidas. Despliega cuando estés listo."
"Replay Mission","Repetir la misión"
"Start Mission","Iniciar la misión"
"Complete previous missions to unlock","Completa las misiones anteriores para desbloquearla"
"Locked","Bloqueada"
"✓ Completed","✓ Completada"
"Apulian river plain","Llanura fluvial apulia"
"Campanian plain","Llanura campana"
"Lakeside hill country","Colinas junto al lago"
"Mountain","Montaña"
"North African plain","Llanura norteafricana"
"Po valley river plain","Llanura fluvial del valle del Po"
"River valley","Valle fluvial"
"Winter river plain","Llanura fluvial invernal"
"its shortcut","su atajo"
"Battle tempo: the speed buttons sit on the top bar beside pause, from %1 up to %2. Press %3 or %4 to change speed without leaving the field.","Ritmo de batalla: los botones de velocidad están en la barra superior junto a la pausa, de %1 hasta %2. Pulsa %3 o %4 para cambiar la velocidad sin salir del campo."
"✓ Archived","✓ Archivada"
"Sealed","Sellada"
"Open Order","Orden abierta"
"Difficulty:","Dificultad:"
"east","este"
"west","oeste"
"south","sur"
"north","norte"
"southeast","sureste"
"northeast","noreste"
"southwest","suroeste"
"northwest","noroeste"
"Enemy","Enemigo"
"Assault phase %1/%2: %3 from the %4 (%5 units)","Fase de asalto %1/%2: %3 desde el %4 (%5 unidades)"
"Wave %1/%2 forming to the %3: %4, roughly %5 troops. Brace.","Oleada %1/%2 formándose al %3: %4, unas %5 tropas. Prepárate."
"Wave %1/%2 broken. The line holds.","Oleada %1/%2 quebrada. La línea aguanta."
"All %1 assault phases broken. Nothing else is coming.","Las %1 fases de asalto han sido quebradas. No viene nada más."
"Player %1","Jugador %1"
"AI Player %1","Jugador IA %1"
"AI Wave %1","Oleada IA %1"
"202 BC: Scipio arranged lanes through his infantry to blunt Hannibal's elephants, while Masinissa and Laelius commanded superior allied cavalry. The returning cavalry helped decide the battle. The Sepulcher intervention is the campaign's deliberate dark-fantasy break from history.","202 a. C.: Escipión dispuso pasillos entre su infantería para desactivar a los elefantes de Aníbal, mientras Masinisa y Lelio mandaban una caballería aliada superior. El regreso de esa caballería ayudó a decidir la batalla. La intervención del Sepulcro es la ruptura deliberada de la campaña con la historia, en clave de fantasía oscura."
"215-212 BC: Hannibal campaigned across Campania while Capua served as his principal Italian ally and winter base. This dark-fantasy composite condenses several Roman attempts to contain and isolate the Carthaginian army.","215-212 a. C.: Aníbal hizo campaña por Campania mientras Capua le servía de principal aliada itálica y base invernal. Este compuesto de fantasía oscura condensa varios intentos romanos de contener y aislar al ejército cartaginés."
"216 BC: beside the Aufidus, Hannibal's deliberately yielding center drew a much larger Roman infantry mass forward while African infantry attacked its flanks and Carthaginian cavalry closed the rear. Two Roman camps supported the army.","216 a. C.: junto al Áufido, el centro que Aníbal cedió a propósito atrajo hacia delante a una masa de infantería romana mucho mayor, mientras la infantería africana atacaba sus flancos y la caballería cartaginesa cerraba la retaguardia. Dos campamentos romanos apoyaban al ejército."
"217 BC: Hannibal drew Gaius Flaminius along the narrow northern shore of Lake Trasimene and attacked from concealed high ground in morning mist. The Roman marching column had little room to deploy and Flaminius was killed.","217 a. C.: Aníbal atrajo a Cayo Flaminio por la estrecha orilla norte del lago Trasimeno y atacó desde alturas ocultas entre la niebla matinal. La columna romana en marcha tenía poco espacio para desplegarse y Flaminio murió."
"218 BC: Hannibal crossed the Alps with a multinational army, cavalry, baggage train, and surviving elephants. Ancient sources disagree on the route; this scenario combines contested passes and local attacks into one dark-fantasy ascent.","218 a. C.: Aníbal cruzó los Alpes con un ejército multinacional, caballería, tren de bagajes y los elefantes supervivientes. Las fuentes antiguas discrepan sobre la ruta; este escenario combina pasos disputados y ataques locales en un solo ascenso de fantasía oscura."
"218 BC: Hannibal crossed the Rhône upstream from its mouth using boats, rafts, and a detached force sent across to turn local opposition. Scipio arrived too late; this altered history places Roman advance camps on the far-bank road to create the opening Carthage-versus-Rome engagement.","218 a. C.: Aníbal cruzó el Ródano aguas arriba de su desembocadura con barcas, balsas y un destacamento enviado al otro lado para desbordar la oposición local. Escipión llegó demasiado tarde; esta historia alterada sitúa campamentos avanzados romanos en el camino de la orilla opuesta para crear el primer choque entre Cartago y Roma."
"218 BC: the Ticinus was primarily a cavalry engagement between reconnaissance forces. Roman consul Publius Cornelius Scipio was wounded and rescued during the retreat; the camp assault is a plausible dark-fantasy extension of that pursuit.","218 a. C.: el Tesino fue ante todo un choque de caballería entre fuerzas de reconocimiento. El cónsul romano Publio Cornelio Escipión resultó herido y fue rescatado durante la retirada; el asalto al campamento es una extensión verosímil de esa persecución, en clave de fantasía oscura."
"A broad river operation with ferries, wooded detours, bridgeheads, and fortified supply quarters; the Iron Sepulcher occupies an avoidable ruin on the southern flank.","Una amplia operación fluvial con barcazas, rodeos boscosos, cabezas de puente y barrios de suministro fortificados; el Sepulcro de Hierro ocupa una ruina evitable en el flanco meridional."
"A commander alone cannot defend a city quarter.","Un comandante solo no puede defender un barrio de la ciudad."
"A general alone on a dead field is just the last corpse standing.","Un general solo en un campo muerto no es más que el último cadáver en pie."
"After Cannae, Rome refuses the battle Hannibal wants. The Republic instead presses every road, ally, granary, and walled town. Beneath the orchards, Iron Sepulcher graves make even a successful defense feel temporary.","Tras Cannas, Roma rehúsa la batalla que Aníbal busca. En su lugar, la República aprieta cada camino, cada aliado, cada granero y cada plaza amurallada. Bajo los huertos, las tumbas del Sepulcro de Hierro hacen que hasta una defensa exitosa parezca provisional."
"Battle of Cannae","Batalla de Cannas"
"Battle of Lake Trasimene","Batalla del lago Trasimeno"
"Battle of Ticino","Batalla del Tesino"
"Battle of Trebia","Batalla del Trebia"
"Battle of Zama","Batalla de Zama"
"Between assaults, seize the eastern Roman siege camp.","Entre asaltos, toma el campamento de asedio romano oriental."
"Break all three Roman assault phases. The quarter holds when the last consular column is dead in the streets.","Quiebra las tres fases de asalto romanas. El barrio resiste cuando la última columna consular yazca muerta en las calles."
"Break both Iron Sepulcher attacks. At Zama, the dead no longer remain outside the battle.","Quiebra ambos ataques del Sepulcro de Hierro. En Zama, los muertos ya no quedan al margen de la batalla."
"Break three Roman columns before the survivors find the ford again.","Quiebra tres columnas romanas antes de que los supervivientes encuentren de nuevo el vado."
"Burn every cursed guardian from the sepulcher ruins. Kill what cannot die.","Quema a todos los guardianes malditos de las ruinas del sepulcro. Mata a lo que no puede morir."
"Clear the pass before the mountain closes it. Every hour lost is more men fed to the cold.","Despeja el paso antes de que la montaña lo cierre. Cada hora perdida son más hombres entregados al frío."
"Cross before the Roman runners reach their garrison. Every second spent waiting feeds the blade.","Cruza antes de que los correos romanos lleguen a su guarnición. Cada segundo de espera alimenta la hoja."
"Cross the Rhône by one of several prepared routes, sever the eastern supply road, and capture two Roman advance camps before Scipio reaches the river.","Cruza el Ródano por una de varias rutas preparadas, corta el camino de suministro oriental y captura dos campamentos avanzados romanos antes de que Escipión llegue al río."
"Crossing the Alps","El paso de los Alpes"
"Crossing the Rhône","El paso del Ródano"
"Crush all three Roman camps and seal the iron tomb shut. No escape.","Aplasta los tres campamentos romanos y sella la tumba de hierro. Sin escapatoria."
"Crush both Roman breakout columns before they claw through the hillside.","Aplasta ambas columnas romanas de ruptura antes de que se abran paso por la ladera."
"Cut timber for the sledges, break stone for the road, and draw iron for the shoes and axles. The column crosses on what your builders can carry.","Tala madera para los trineos, parte piedra para el camino y saca hierro para las herraduras y los ejes. La columna cruza con lo que tus constructores puedan cargar."
"December 218 BC: Hannibal provoked Tiberius Sempronius Longus into crossing the cold Trebia before breakfast. Carthaginian infantry, cavalry, elephants, and Mago's hidden detachment struck the exhausted Roman army from front, flanks, and rear.","Diciembre del 218 a. C.: Aníbal provocó a Tiberio Sempronio Longo para que cruzara el gélido Trebia antes de desayunar. La infantería cartaginesa, la caballería, los elefantes y el destacamento oculto de Magón golpearon al agotado ejército romano de frente, por los flancos y por la retaguardia."
"Defend Hannibal's fortified Campanian supply town and break all three coordinated Roman assaults arriving from separate consular roads.","Defiende la villa de suministros campana fortificada de Aníbal y quiebra los tres asaltos romanos coordinados que llegan por vías consulares distintas."
"Drive the dead from the shrine. Salt the earth where they stood.","Expulsa a los muertos del santuario. Siembra de sal la tierra donde estuvieron."
"Endure both waves from the depths. Do not flinch when the ground tears open.","Resiste ambas oleadas surgidas de las profundidades. No retrocedas cuando la tierra se abra."
"Every soldier lost is counted by the enemy tonight.","Cada soldado perdido lo cuenta el enemigo esta noche."
"Execute the encirclement, then seize all three Roman camps before their reserves can restore the line.","Ejecuta el envolvimiento y toma después los tres campamentos romanos antes de que sus reservas puedan restablecer la línea."
"Final battle in Africa: blunt Scipio's line, survive the Numidian cavalry, and seize all four Roman camps while breaking both risings of the dead.","Batalla final en África: desactiva la línea de Escipión, sobrevive a la caballería númida y toma los cuatro campamentos romanos mientras quiebras ambos alzamientos de los muertos."
"First battle on Italian soil. Win the cavalry duel, then seize the Roman reserve camp before fresh reinforcements regroup.","Primera batalla en suelo itálico. Gana el duelo de caballería y toma después el campamento de reserva romano antes de que se reagrupen refuerzos frescos."
"Hannibal falls, and the allied towns abandon the field.","Aníbal cae, y las ciudades aliadas abandonan el campo."
"Hannibal's first Italian victory is a test of tempo and cavalry control. Ford-shades complicate the flanks but do not replace the Roman enemy.","La primera victoria itálica de Aníbal es una prueba de ritmo y de control de la caballería. Las sombras del vado complican los flancos, pero no sustituyen al enemigo romano."
"Hannibal's masterpiece becomes a prolonged operational battle, not a single frontal collision.","La obra maestra de Aníbal se convierte en una batalla operacional prolongada, no en un único choque frontal."
"Hold the river line and break all three Roman crossings. Let the cold and the water do the work Sempronius will not.","Mantén la línea del río y quiebra los tres vados romanos. Deja que el frío y el agua hagan el trabajo que Sempronio no hará."
"Hold the ruins. Force the Romans to fight on two grounds at once.","Mantén las ruinas. Obliga a los romanos a combatir en dos terrenos a la vez."
"Hold the southern bank through all three crossings. Sempronius spends his army on the ice; you have only to still be standing.","Mantén la orilla meridional durante los tres vados. Sempronio gasta su ejército en el hielo; a ti solo te toca seguir en pie."
"If the central camp falls, the Campanian alliance dies with it.","Si cae el campamento central, la alianza campana muere con él."
"Investigate the cursed shrine, survive the awakening, and clear the ruins.","Investiga el santuario maldito, sobrevive al despertar y despeja las ruinas."
"Iron Sepulcher Watch","Vigilia del Sepulcro de Hierro"
"Lose the river camp and the cold takes what the Romans couldn't.","Pierde el campamento del río y el frío se llevará lo que los romanos no pudieron."
"Lose the supply camp and the army starves before it reaches the snow line.","Pierde el campamento de suministros y el ejército morirá de hambre antes de alcanzar la línea de nieve."
"Lose your camp and the tempo dies with it.","Pierde tu campamento y el ritmo morirá con él."
"No living formation remains to hold the gates.","No queda ninguna formación viva para sostener las puertas."
"Preserve the market and four homes: Campania is being defended for its people and supplies, not merely its walls.","Conserva el mercado y cuatro viviendas: Campania se defiende por su gente y sus suministros, no solo por sus murallas."
"Provision the column for the descent: harvest timber, stone and iron from the pass while the mountain tribes contest every switchback.","Aprovisiona la columna para el descenso: recoge madera, piedra y hierro del paso mientras las tribus de la montaña disputan cada revuelta."
"Raze every Roman post. Leave Scipio nothing to rally behind.","Arrasa todos los puestos romanos. No dejes a Escipión nada tras lo que reagruparse."
"Seal the road. Let no scout cross the Ticino alive.","Sella el camino. Que ningún explorador cruce vivo el Tesino."
"Seize all four Roman camps — the consular line, Masinissa's Numidians, the rear guard, and the northern camp — before the cavalry closes your rear.","Toma los cuatro campamentos romanos —la línea consular, los númidas de Masinisa, la retaguardia y el campamento septentrional— antes de que la caballería te cierre la espalda."
"Seize both Roman camps. The ambush is not finished until their flags come down.","Toma ambos campamentos romanos. La emboscada no termina hasta que caigan sus estandartes."
"Seize the two river forts. Leave no crossing for Scipio's army to inherit.","Toma los dos fuertes del río. No dejes ningún vado que el ejército de Escipión pueda heredar."
"Spring the ambush and capture both Roman field camps within twenty minutes, before the mist lifts and a cohort escapes the basin.","Desata la emboscada y captura ambos campamentos de campaña romanos en veinte minutos, antes de que la niebla se levante y una cohorte escape de la cuenca."
"Stand your ground. The last soldier alone is not a force — he is a sacrifice.","Mantén el terreno. El último soldado a solas no es una fuerza: es un sacrificio."
"Take the bridge camp and the eastern reserve quarter before the Roman scouts vanish into the fog.","Toma el campamento del puente y el barrio de reserva oriental antes de que los exploradores romanos se pierdan en la niebla."
"The Campanian Vigil","La vigilia campana"
"The Roman column walks into a geographical trap and is destroyed by converging attacks while the lakeside Sepulcher altar remains an optional horror.","La columna romana entra en una trampa geográfica y es destruida por ataques convergentes, mientras el altar del Sepulcro junto al lago sigue siendo un horror opcional."
"The Romans are baited into the winter river and punished by Mago's concealed force, then the defense becomes an assault on a complete winter camp.","Se atrae a los romanos al río invernal y se les castiga con la fuerza oculta de Magón; después, la defensa se convierte en un asalto a un campamento de invierno completo."
"The commander falls — and every line collapses behind him.","El comandante cae, y todas las líneas se derrumban tras él."
"The commander falls — the vigil ends. And the dead keep walking.","El comandante cae y la vigilia termina. Y los muertos siguen caminando."
"The crossing is a running battle against terrain, local resistance, and Roman influence. Sepulcher grave-lights remain a dangerous side path rather than the campaign's main enemy.","El paso es una batalla continua contra el terreno, la resistencia local y la influencia romana. Las luces sepulcrales siguen siendo una senda lateral peligrosa, no el enemigo principal de la campaña."
"The final confrontation is Carthage against three coordinated Roman commands, until an Iron Sepulcher host attacks from the battlefield's neglected flank.","El enfrentamiento final es Cartago contra tres mandos romanos coordinados, hasta que una hueste del Sepulcro de Hierro ataca por el flanco descuidado del campo de batalla."
"Twenty minutes before the mist lifts. If a cohort clears the basin, Rome learns the shape of the trap.","Veinte minutos antes de que se levante la niebla. Si una cohorte sale de la cuenca, Roma conocerá la forma de la trampa."
"Your camp falls — the field goes with it.","Tu campamento cae, y el campo se va con él."
"Your command falls — and the wings fold inward.","Tu mando cae, y las alas se pliegan hacia dentro."
"ASSAULT I: infantry from north and south; cavalry raiders and engineers on the eastern consular road.","ASALTO I: infantería desde el norte y el sur; jinetes de saqueo e ingenieros en la vía consular oriental."
"ASSAULT II: the Roman horns answer one another. Rotate the reserve before all three roads close.","ASALTO II: los cuernos romanos se responden entre sí. Rota la reserva antes de que se cierren los tres caminos."
"ASSAULT III: siege engines and veteran cohorts. Hold every gate until the twentieth minute.","ASALTO III: máquinas de asedio y cohortes veteranas. Mantén todas las puertas hasta el minuto veinte."
"Another Roman wave is flanking from the southeast. Rotate quickly.","Otra oleada romana flanquea desde el sureste. Rota deprisa."
"Counterattack now. Break them while they are split by the river.","Contraataca ahora. Quiébralos mientras el río los tiene divididos."
"Final ridge ahead. Break the last camp to open the descent.","Última loma por delante. Quiebra el campamento final para abrir el descenso."
"Fix the Roman center in place. Keep both cavalry wings active.","Fija el centro romano en su sitio. Mantén activas ambas alas de caballería."
"Grave-lights move among the western orchards. The Iron Sepulcher is watching, but the legions remain the greater danger.","Luces sepulcrales se mueven entre los huertos occidentales. El Sepulcro de Hierro observa, pero las legiones siguen siendo el mayor peligro."
"Hold discipline. Let the Romans commit at the ford.","Mantén la disciplina. Deja que los romanos se comprometan en el vado."
"Navigate through the maze of hills and valleys. Watch for enemy patrols!","Atraviesa el laberinto de colinas y valles. ¡Atento a las patrullas enemigas!"
"One minute. Spend the reserve; save the camp.","Un minuto. Gasta la reserva; salva el campamento."
"Roman cavalry is attempting a breakout from the south. Intercept them.","La caballería romana intenta romper el cerco por el sur. Interceptadla."
"Roman cavalry screens the field. Punch through before reserves arrive.","La caballería romana cubre el campo. Ábrete paso antes de que lleguen las reservas."
"Roman cavalry waves intensify. Collapse one flank before the rear guard arrives.","Las oleadas de caballería romana se intensifican. Hunde un flanco antes de que llegue la retaguardia."
"Roman reinforcements are approaching from the eastern road.","Los refuerzos romanos se acercan por el camino oriental."
"Roman reserves are entering from the northern camp. Close the pocket faster.","Las reservas romanas entran desde el campamento septentrional. Cierra la bolsa más deprisa."
"Roman reserves are moving from the western bank.","Las reservas romanas se mueven desde la orilla occidental."
"Scipio extends the line. Keep your center steady and protect elephants from isolation.","Escipión extiende la línea. Mantén tu centro firme y evita que los elefantes queden aislados."
"Second pass defenders are reinforcing. Keep the column moving.","Los defensores del segundo paso se están reforzando. Mantén la columna en movimiento."
"Second-wave Roman cavalry is maneuvering for your rear. Rebalance your flanks.","La caballería romana de la segunda oleada maniobra hacia tu retaguardia. Reequilibra tus flancos."
"Strike now. Close the western route and split their line.","Golpea ahora. Cierra la ruta occidental y parte su línea."
"Take the first pass quickly before the next ambush line assembles.","Toma el primer paso rápidamente, antes de que se reúna la siguiente línea de emboscada."
"The Roman column enters the corridor. Wait for full commitment.","La columna romana entra en el corredor. Espera a que se comprometa del todo."
"The Roman villages are heavily defended. Coordinate your attacks!","Las aldeas romanas están fuertemente defendidas. ¡Coordina tus ataques!"
"Three Roman columns have entered the consular roads. The first coordinated assault arrives at 17:00.","Tres columnas romanas han entrado en las vías consulares. El primer asalto coordinado llega a las 17:00."
"Two bridges cross the Rhône. Choose your path wisely - you may need both routes!","Dos puentes cruzan el Ródano. Elige bien tu camino: ¡puede que necesites ambas rutas!"
"A camp is taken by standing in it, not by levelling it. Nine men cannot kill thirty-eight, but they can hold two gate yards long enough to claim them - and a Roman column without its commander stops being a column.","Un campamento se toma permaneciendo en él, no arrasándolo. Nueve hombres no pueden matar a treinta y ocho, pero sí pueden retener dos patios de puerta el tiempo suficiente para reclamarlos, y una columna romana sin su comandante deja de ser una columna."
"A nation stands on its commander. Kill him and the camps go quiet and unclaimed - which, against a twenty-minute clock, is the only version of this battle that finishes in time.","Una nación se sostiene sobre su comandante. Mátalo y los campamentos quedarán en silencio y sin reclamar, que, contra un reloj de veinte minutos, es la única versión de esta batalla que acaba a tiempo."
"An assault walks toward your camp but turns for whatever it can see. Bait it with something visible and it will take the ground you chose instead of the ground it wanted.","Un asalto camina hacia tu campamento, pero se desvía hacia lo que alcanza a ver. Atráelo con algo visible y tomará el terreno que tú elegiste en vez del que él quería."
"High ground doubles a bowman and hardens him against what shoots back. The ridge over the Roman camp is worth more than the extra squadron you would have spent the same minutes recruiting.","El terreno elevado duplica a un arquero y lo endurece frente a lo que le dispara. La loma sobre el campamento romano vale más que el escuadrón extra que habrías reclutado en esos mismos minutos."
"Iron bells answer beneath the south-western crossing. The Sepulcher is advancing on Carthage as well as Rome.","Campanas de hierro responden bajo el vado suroccidental. El Sepulcro avanza contra Cartago tanto como contra Roma."
"Kill every enemy commander. A nation dies with the man who leads it: its camps fall neutral, its works come down and its troops leave the field.","Mata a todos los comandantes enemigos. Una nación muere con el hombre que la dirige: sus campamentos quedan neutrales, sus obras caen y sus tropas abandonan el campo."
"Masinissa's Numidian horse is entering from the north-eastern road.","La caballería númida de Masinisa entra por el camino nororiental."
"Nothing new is taught here. The ridge, the bait and the beheading are all things you already know; Cannae only asks whether you can run three of them at once against four times your number.","Aquí no se enseña nada nuevo. La loma, el cebo y la decapitación son cosas que ya sabes; Cannas solo pregunta si puedes ejecutar las tres a la vez contra cuatro veces tu número."
"Rear guard deployment detected across the southern wadi. This is the final phase.","Se ha detectado el despliegue de la retaguardia al otro lado de la rambla meridional. Esta es la fase final."
"Supply is a target - and it cuts both ways. Your market and your homes are what the Romans are actually marching at, and their siege camp keeps its own stockpile within reach of a raid.","El suministro es un objetivo, y la cosa corta por ambos lados. Tu mercado y tus viviendas son en realidad lo que buscan los romanos, y su campamento de asedio guarda su propia reserva al alcance de una incursión."
"The shrines you have walked past all campaign were never scenery. Zama reads back over every map behind it - and the Sepulcher has no commander to kill, so the one rule that has served you since Trasimene is the one rule that will not work here.","Los santuarios ante los que has pasado toda la campaña nunca fueron decorado. Zama relee todos los mapas que la preceden, y el Sepulcro no tiene comandante al que matar: la única regla que te ha servido desde Trasimeno es justo la que aquí no funcionará."
"Timber only counts once a builder unloads it at the camp. The richest stands are the furthest from the stockpile, so the mission is won on the length of the walk, not the swing of the axe.","La madera solo cuenta cuando un constructor la descarga en el campamento. Los mejores bosques son los más alejados de la reserva, así que la misión se gana por la longitud del trayecto, no por el golpe del hacha."
"A guided first field, paced by the player rather than the clock: the Roman raid waits until the recruit's army stands, and the enemy camp is small enough to fall to a first attack.","Un primer campo guiado, al ritmo del jugador y no del reloj: el asalto romano espera hasta que el ejército del recluta esté en pie, y el campamento enemigo es lo bastante pequeño para caer ante un primer ataque."
"Every system a first match asks for, in the order a new commander meets them: selection and orders, the resource loop from tree to yard, construction cost and placement, recruitment and the population that limits it, stances, the commander's aura and rally, camera, speed and objectives - then one small assault to put it all together.","Todos los sistemas que exige una primera partida, en el orden en que un nuevo comandante los encuentra: selección y órdenes, el ciclo de recursos del árbol al patio, coste y colocación de las construcciones, reclutamiento y la población que lo limita, posturas, el aura y la reunión del comandante, cámara, velocidad y objetivos; y después un pequeño asalto para juntarlo todo."
"Field Training","Instrucción de campaña"
"Kill the Roman commander and take the outpost. A nation dies with the man who leads it.","Mata al comandante romano y toma el puesto avanzado. Una nación muere con el hombre que la dirige."
"Learn to command before Rome comes looking for you: select and move troops, drive off a scouting party, put builders to work on timber, stone and ore, raise a Home, recruit an army, break a Roman raid, and take the enemy camp.","Aprende a mandar antes de que Roma venga a buscarte: selecciona y mueve tropas, ahuyenta a una partida de exploradores, pon a los constructores a trabajar la madera, la piedra y el mineral, levanta una casa, recluta un ejército, rechaza un asalto romano y toma el campamento enemigo."
"Your commander falls - and every line collapses behind him.","Tu comandante cae, y todas las líneas se derrumban tras él."
"Roman Republic","República romana"
"Carthaginian Empire","Imperio cartaginés"
"The Iron Sepulcher","El Sepulcro de Hierro"
"Shield Wall","Muro de escudos"
"Testudo","Testudo"
"Mission briefing","Informe de misión"
"Mission Briefing","Informe de misión"
"Close the briefing","Cerrar el informe"
"To Battle","A la batalla"
"Move","Mover"
"Attack","Atacar"
"Guard","Vigilar"
"Patrol","Patrullar"
"Hold position","Mantener posición"
"Stop","Detener"
"Build","Construir"
"Gather","Recolectar"
"Deliver","Entregar"
"Repair","Reparar"
"Rally point","Punto de reunión"
"Formation","Formación"
"You are not in command of these units.","No estás al mando de estas unidades."
"That target is already gone.","Ese objetivo ya no existe."
"Cannot attack a friendly or neutral target.","No se puede atacar a un objetivo aliado o neutral."
"That building no longer exists.","Ese edificio ya no existe."
"That building is not yours.","Ese edificio no es tuyo."
"That order could not be carried out.","Esa orden no se pudo ejecutar."
"%1: %2 units","%1: %2 unidades"
"No units selected.","No hay unidades seleccionadas."
"The selected units cannot attack.","Las unidades seleccionadas no pueden atacar."
"The selected units cannot guard.","Las unidades seleccionadas no pueden vigilar."
"The selected units cannot patrol.","Las unidades seleccionadas no pueden patrullar."
"The selected units cannot hold position.","Las unidades seleccionadas no pueden mantener la posición."
"The selected units cannot build.","Las unidades seleccionadas no pueden construir."
"The selected units cannot gather.","Las unidades seleccionadas no pueden recolectar."
"Only civilians can be delivered to a barracks.","Solo los civiles pueden entregarse en un cuartel."
"Only builders can repair structures.","Solo los constructores pueden reparar estructuras."
"The selected units cannot take that order.","Las unidades seleccionadas no pueden cumplir esa orden."
"No enemy under the cursor.","No hay ningún enemigo bajo el cursor."
"Select a friendly barracks with room for more people.","Elige un cuartel propio con sitio para más gente."
"Select a damaged friendly building to repair.","Elige un edificio propio dañado para repararlo."
"Nothing to target there.","Ahí no hay nada que apuntar."
"Choose a spot on the map.","Elige un punto en el mapa."
"That barracks has no room for more people.","Ese cuartel no tiene sitio para más gente."
"That building does not need repairs.","Ese edificio no necesita reparaciones."
"Continue","Continuar"
"Select a map","Selecciona un mapa"
"Players (%1)","Jugadores (%1)"
"Click color/team to cycle","Haz clic en el color o el equipo para cambiarlo"
"Select a map to configure players","Selecciona un mapa para configurar los jugadores"
"+ Add CPU","+ Añadir CPU"
"Add AI player to the game","Añadir un jugador de IA a la partida"
"Max players reached","Se ha alcanzado el máximo de jugadores"
"%1 slot available","%1 puesto disponible"
"%1 slots available","%1 puestos disponibles"
"(map preview)","(vista previa del mapa)"
"Every slot on this map is taken","Todos los puestos de este mapa están ocupados"
"Color","Color"
"Click to change color","Haz clic para cambiar el color"
"Click to change team","Haz clic para cambiar de equipo"
"Remove player","Quitar jugador"
"gold","oro"
"food","comida"
"wood","madera"
"stone","piedra"
"iron","hierro"
"resources","recursos"
"Not enough %1.","No hay suficiente %1."
"Select a tree, boulder, or iron ore deposit.","Selecciona un árbol, una roca o un yacimiento de hierro."
"Select a tree to chop.","Selecciona un árbol para talarlo."
"Select a boulder to collect.","Selecciona una roca para recogerla."
"Select iron ore to collect.","Selecciona mineral de hierro para recogerlo."
"No available builder can chop that tree.","Ningún constructor disponible puede talar ese árbol."
"No available builder can collect that boulder.","Ningún constructor disponible puede recoger esa roca."
"No available builder can collect that iron ore.","Ningún constructor disponible puede recoger ese mineral de hierro."
"No available builder can collect that resource.","Ningún constructor disponible puede recoger ese recurso."
"No walkable spot near that tree.","No hay un lugar transitable cerca de ese árbol."
"No walkable spot near that boulder.","No hay un lugar transitable cerca de esa roca."
"No walkable spot near that iron ore.","No hay un lugar transitable cerca de ese mineral de hierro."
"No walkable spot near that resource.","No hay un lugar transitable cerca de ese recurso."
"Drag out a wall line first.","Traza primero una línea de muralla."
"Choose a build location.","Elige un lugar de construcción."
"That resource is already assigned.","Ese recurso ya está asignado."
"Cannot build there.","No se puede construir ahí."
"Blocked by an existing wall.","Bloqueado por una muralla existente."
"Not enough wood.","No hay suficiente madera."
"No valid wall segments in that drag.","No hay tramos de muralla válidos en ese trazado."
"No available builder.","No hay ningún constructor disponible."
"That structure cannot be placed.","Esa estructura no se puede colocar."
"Building factory unavailable.","La fábrica de edificios no está disponible."
"PRODUCTION QUEUE","COLA DE PRODUCCIÓN"
"RECRUIT UNITS","RECLUTAR UNIDADES"
"Queue is full (5/5)","La cola está llena (5/5)"
"Cannot recruit","No se puede reclutar"
"Set where newly recruited units will gather.\nRight-click to cancel.","Fija dónde se reunirán las unidades recién reclutadas.\nClic derecho para cancelar."
"Right-click to cancel","Clic derecho para cancelar"
"No Barracks Selected","Ningún cuartel seleccionado"
"Select a barracks to recruit units","Selecciona un cuartel para reclutar unidades"
"Wood","Madera"
"Stone","Piedra"
"Iron","Hierro"
"Catapult","Catapulta"
"Long-range siege weapon\nEffective against structures","Arma de asedio de largo alcance\nEficaz contra estructuras"
"Ballista","Balista"
"Precision siege weapon\nEffective against units","Arma de asedio de precisión\nEficaz contra unidades"
"Defense Tower","Torre defensiva"
"Stationary defense structure\nShoots arrows at enemies","Estructura defensiva fija\nDispara flechas a los enemigos"
"Home","Vivienda"
"Residential building\nAdds +50 population to nearest barracks","Edificio residencial\nAñade +50 de población al cuartel más cercano"
"Marketplace","Mercado"
"Trade building\nBuy or sell resources for gold","Edificio de comercio\nCompra o vende recursos a cambio de oro"
"Wall Segment","Tramo de muralla"
"Wooden defensive wall\nBlocks enemy movement","Muralla defensiva de madera\nBloquea el movimiento enemigo"
"Wall Gate","Puerta de muralla"
"Gated opening in a wall\nOpens for your troops and allies","Abertura con puerta en una muralla\nSe abre para tus tropas y aliados"
"wood","madera"
"stone","piedra"
"iron","hierro"
"gold","oro"
"%1 %2","%1 %2"
"%1 wood","%1 de madera"
"%1 stone","%1 de piedra"
"%1 iron","%1 de hierro"
"%1 gold","%1 de oro"
"Not enough available population","No hay suficiente población disponible"
"Not enough %1","No hay suficiente %1"
"Already building...","Ya está construyendo..."
"%1s","%1 s"
"Idle","Inactivo"
"Available Population: %1 / %2","Población disponible: %1 / %2"
"Recruit %1\nCost: %2\nBuild time: %3s","Reclutar %1\nCoste: %2\nTiempo de producción: %3 s"
"population","población"
"Recruit %1\nCost: %2\nBuild time: %3s\nCarthage exclusive","Reclutar %1\nCoste: %2\nTiempo de producción: %3 s\nExclusivo de Cartago"
"HOME RECRUITMENT","RECLUTAMIENTO EN VIVIENDAS"
"Available civilians: %1 / %2","Civiles disponibles: %1 / %2"
"Recruit %1\nCost: %2\nBuild time: %3s\nUse Deliver mode, then click a friendly barracks to add 50 available population.","Reclutar %1\nCoste: %2\nTiempo de producción: %3 s\nUsa el modo Entregar y luego haz clic en un cuartel aliado para añadir 50 de población disponible."
"families","familias"
"This home already committed its 3 civilians","Esta vivienda ya ha aportado sus 3 civiles"
"Click Map to Set Rally","Haz clic en el mapa para fijar la reunión"
"Set Rally Point","Fijar punto de reunión"
"BUILDER CONSTRUCTION","CONSTRUCCIÓN"
"Build siege weapons, structures, and gather wood, stone, and iron","Construye armas de asedio y estructuras, y recolecta madera, piedra y hierro"
"Select a structure to build","Selecciona una estructura para construirla"
"Cut Tree","Talar árbol"
"Collect Stone","Recoger piedra"
"Collect Iron Ore","Recoger mineral de hierro"
"Task: %1","Tarea: %1"
"Building: %1","Construyendo: %1"
"Build Catapult\n%1\nCost: %2\nBuild time: %3s","Construir catapulta\n%1\nCoste: %2\nTiempo de construcción: %3 s"
"Build Ballista\n%1\nCost: %2\nBuild time: %3s","Construir balista\n%1\nCoste: %2\nTiempo de construcción: %3 s"
"Build Defense Tower\n%1\nCost: %2\nBuild time: %3s","Construir torre defensiva\n%1\nCoste: %2\nTiempo de construcción: %3 s"
"Build Home\n%1\nCost: %2\nBuild time: %3s","Construir vivienda\n%1\nCoste: %2\nTiempo de construcción: %3 s"
"Build Wall Segment\n%1\nCost: %2\nBuild time: %3s","Construir tramo de muralla\n%1\nCoste: %2\nTiempo de construcción: %3 s"
"Build Wall Gate\n%1\nCost: %2\nBuild time: %3s","Construir puerta de muralla\n%1\nCoste: %2\nTiempo de construcción: %3 s"
"Build Marketplace\n%1\nCost: %2\nBuild time: %3s","Construir mercado\n%1\nCoste: %2\nTiempo de construcción: %3 s"
"MARKETPLACE","MERCADO"
"Trade resources for gold at fixed exchange rates","Comercia recursos por oro a tipos de cambio fijos"
"Select your marketplace to trade","Selecciona tu mercado para comerciar"
"Gold: %1    Trade size: %2","Oro: %1    Volumen de intercambio: %2"
"Trading is available only for your own marketplace.","Solo puedes comerciar en tu propio mercado."
"You have %1","Tienes %1"
"Buy %1 (%2g)","Comprar %1 (%2 o)"
"Spend %1 gold to buy %2 %3","Gasta %1 de oro para comprar %2 %3"
"Sell %1 (+%2g)","Vender %1 (+%2 o)"
"Sell %1 %2 for %3 gold","Vende %1 %2 por %3 de oro"
"Mounted Knight","Caballero montado"
"Horse Archer","Arquero a caballo"
"Horse Spearman","Lancero a caballo"
"War Elephant","Elefante de guerra"
"Build a barracks before setting a rally point.","Construye un cuartel antes de fijar un punto de reunión."
"Temple","Templo"
"Build Temple\n%1\nCost: %2\nBuild time: %3s","Construir templo\n%1\nCoste: %2\nTiempo de construcción: %3 s"
"Sanctuary of the nation\nWide vision and a durable settlement anchor","Santuario de la nación\nAmplia visión y un ancla duradera para el asentamiento"
"TEMPLE","TEMPLO"
"The sanctuary of your nation, raised in its own architectural style","El santuario de tu nación, levantado en su propio estilo arquitectónico"
"Watches over a wide stretch of ground and holds a settlement together","Vigila una amplia extensión de terreno y mantiene unido un asentamiento"
"System","Sistema"
"Camera","Cámara"
"Selection","Selección"
"Orders","Órdenes"
"Commander movement","Movimiento del comandante"
"Commander combat","Combate del comandante"
"Open menu","Abrir el menú"
"Also cancels a placement or rally in progress","También cancela una colocación o una reunión en curso"
"Switch between army and commander","Alternar entre ejército y comandante"
"Quick save","Guardado rápido"
"Quick load","Carga rápida"
"Pause","Pausa"
"Pan camera up","Desplazar la cámara arriba"
"Hold Shift while panning to move faster","Mantén Mayús al desplazar para ir más rápido"
"Pan camera down","Desplazar la cámara abajo"
"Pan camera left","Desplazar la cámara a la izquierda"
"Pan camera right","Desplazar la cámara a la derecha"
"Rotate camera left","Rotar la cámara a la izquierda"
"Rotate camera right","Rotar la cámara a la derecha"
"Orbit camera left","Orbitar la cámara a la izquierda"
"Orbit camera right","Orbitar la cámara a la derecha"
"Select unit or drag a selection box","Seleccionar una unidad o arrastrar un recuadro de selección"
"Select all troops","Seleccionar todas las tropas"
"Move or attack-move to the cursor","Mover o atacar en movimiento hacia el cursor"
"Stop","Detener"
"Attack","Atacar"
"Move","Mover"
"Patrol","Patrullar"
"Guard","Proteger"
"Hold position","Mantener la posición"
"Deploy the selection in a formation","Desplegar la selección en formación"
"Opens the formation planner for the selected troops","Abre el planificador de formaciones para las tropas seleccionadas"
"Place commander rally flag","Colocar la bandera de reunión del comandante"
"Shares its key with orbit camera left by default and takes priority only while a rally can be placed","Comparte su tecla con orbitar la cámara a la izquierda por defecto y solo tiene prioridad mientras se pueda colocar una reunión"
"Move forward","Avanzar"
"Move back","Retroceder"
"Strafe left","Desplazarse a la izquierda"
"Strafe right","Desplazarse a la derecha"
"Turn left","Girar a la izquierda"
"Turn right","Girar a la derecha"
"Sprint","Esprintar"
"Dodge","Esquivar"
"Jump","Saltar"
"Block","Bloquear"
"Cycle locked target","Cambiar de objetivo fijado"
"Special action","Acción especial"
"Vanguard rush","Embestida de vanguardia"
"Second wind","Segundo aliento"
"Commanding aura","Aura de mando"
"Rally nearby troops","Reunir a las tropas cercanas"
"Switch between melee weapon and bow","Alternar entre arma cuerpo a cuerpo y arco"
"Toggle first and third person","Alternar entre primera y tercera persona"
"Speed up the battle","Acelerar la batalla"
"Steps through the speeds shown on the top bar","Recorre las velocidades mostradas en la barra superior"
"Slow down the battle","Ralentizar la batalla"
"HP %1/%2","PS %1/%2"
"STM %1%","AGT %1%"
"FINISHER","REMATE"
"COMBO","COMBO"
"POSTURE","POSTURA"
"GUARD BROKEN","GUARDIA ROTA"
"⚡ PUNISH ⚡","⚡ CASTIGO ⚡"
"BASH","GOLPE"
"RUSH","EMBESTIDA"
"WIND","ALIENTO"
"READY","LISTO"
"BOW  ·  X","ARCO  ·  X"
"BLADE  ·  X","HOJA  ·  X"
"Save payload has no checksum","Los datos de la partida no tienen suma de verificación"
"Save payload is corrupted (stored checksum mismatch)","Los datos de la partida están dañados (la suma de verificación guardada no coincide)"
"Save payload is corrupted (decompression failed)","Los datos de la partida están dañados (falló la descompresión)"
"Save payload is corrupted (expected %1 bytes, got %2)","Los datos de la partida están dañados (se esperaban %1 bytes y se obtuvieron %2)"
"Save payload is corrupted (content checksum mismatch)","Los datos de la partida están dañados (la suma de verificación del contenido no coincide)"
"Not a Standard of Iron save file","No es un archivo de guardado de Standard of Iron"
"Unsupported save file version %1 (expected %2)","Versión de archivo de guardado no admitida: %1 (se esperaba %2)"
"Save file header is truncated","La cabecera del archivo de guardado está truncada"
"Save file header is corrupted: %1","La cabecera del archivo de guardado está dañada: %1"
"Save file uses an unknown compression format","El archivo de guardado usa un formato de compresión desconocido"
"Save file declares implausible sizes","El archivo de guardado declara tamaños inverosímiles"
"Save file body is truncated","El cuerpo del archivo de guardado está truncado"
"Save file preview image is corrupted","La imagen de vista previa del archivo de guardado está dañada"
"Save Game","Guardar partida"
"Cancel","Cancelar"
"Save Name:","Nombre de la partida:"
"Enter save name...","Escribe el nombre de la partida..."
"Save","Guardar"
"Existing Saves","Partidas guardadas"
"No Preview","Sin vista previa"
"Slot: %1","Ranura: %1"
"Last saved: %1","Último guardado: %1"
"Overwrite","Sobrescribir"
"Confirm Overwrite","Confirmar sobrescritura"
"Are you sure you want to overwrite the save:\n""%1""?","¿Seguro que quieres sobrescribir la partida guardada:\n«%1»?"
"%1 - %2 (%3 KB on disk)","%1 - %2 (%3 KB en disco)"
"Campaign","Campaña"
"Skirmish","Escaramuza"
"Untitled Save","Partida sin título"
"Unknown Map","Mapa desconocido"
"Name the save first.","Ponle nombre a la partida primero."
"Save failed","El guardado ha fallado"
"Saving ""%1""","Guardando «%1»"
"Cancel","Cancelar"
"Failed to begin transaction","No se pudo iniciar la transacción"
"Failed to commit transaction","No se pudo confirmar la transacción"
"Failed to open save database","No se pudo abrir la base de datos de partidas"
"Failed to read schema version","No se pudo leer la versión del esquema"
"Failed to record schema version","No se pudo registrar la versión del esquema"
"Failed to drop table %1","No se pudo eliminar la tabla %1"
"Failed to create save schema","No se pudo crear el esquema de guardado"
"Failed to prepare save query","No se pudo preparar la consulta de guardado"
"Failed to persist save slot","No se pudo conservar la ranura de guardado"
"Failed to read save slot","No se pudo leer la ranura de guardado"
"Save slot '%1' not found","No se encontró la ranura de guardado «%1»"
"Save slot '%1' uses unsupported format version %2","La ranura de guardado «%1» usa la versión de formato %2, no admitida"
"Save slot '%1' uses an unknown compression format","La ranura de guardado «%1» usa un formato de compresión desconocido"
"Failed to enumerate save slots","No se pudieron enumerar las ranuras de guardado"
"Failed to look up save slot","No se pudo consultar la ranura de guardado"
"Failed to store save preview","No se pudo almacenar la vista previa de la partida"
"Failed to delete save slot","No se pudo eliminar la ranura de guardado"
"Failed to get campaign progress","No se pudo obtener el progreso de la campaña"
"Failed to mark campaign as completed","No se pudo marcar la campaña como completada"
"Failed to prepare mission result insert","No se pudo preparar la inserción del resultado de la misión"
"Failed to save mission result","No se pudo guardar el resultado de la misión"
"Failed to get mission progress","No se pudo obtener el progreso de la misión"
"Failed to get campaign mission progress","No se pudo obtener el progreso de la misión de campaña"
"Failed to register campaign mission","No se pudo registrar la misión de campaña"
"Failed to mark mission as completed","No se pudo marcar la misión como completada"
"Failed to unlock next mission","No se pudo desbloquear la siguiente misión"
"Failed to prune removed campaign missions","No se pudieron purgar las misiones de campaña eliminadas"
"Failed to look up the completed mission","No se pudo consultar la misión completada"
"Mission %1 is not part of campaign %2","La misión %1 no forma parte de la campaña %2"
"Failed to find the next mission","No se pudo encontrar la siguiente misión"
"Failed to count remaining missions","No se pudieron contar las misiones restantes"
"Settings","Ajustes"
"Close","Cerrar"
"Language","Idioma"
"Select Language:","Selecciona el idioma:"
"Language changes apply immediately","Los cambios de idioma se aplican de inmediato"
"Protanopia (red-blind)","Protanopía (ceguera al rojo)"
"Deuteranopia (green-blind)","Deuteranopía (ceguera al verde)"
"Tritanopia (blue-blind)","Tritanopía (ceguera al azul)"
"Standard","Estándar"
"Audio Settings","Ajustes de sonido"
"Master Volume:","Volumen general:"
"Music Volume:","Volumen de la música:"
"SFX Volume:","Volumen de los efectos:"
"Voice Volume:","Volumen de las voces:"
"Ambience Volume:","Volumen del ambiente:"
"Graphics Settings","Ajustes gráficos"
"Graphics Quality:","Calidad gráfica:"
"Autosave","Guardado automático"
"Autosaves to keep:","Guardados automáticos que conservar:"
"Autosave every:","Guardar automáticamente cada:"
"Off","Desactivado"
"%1 min","%1 min"
"Older autosaves beyond this count are deleted automatically.","Los guardados automáticos más antiguos que superen esta cantidad se eliminan automáticamente."
"Accessibility","Accesibilidad"
"Interface Scale:","Escala de la interfaz:"
"Colour Vision:","Visión del color:"
"Reduce motion","Reducir el movimiento"
"Removes transitions and idle animations across every screen","Elimina las transiciones y las animaciones en reposo en todas las pantallas"
"High contrast","Alto contraste"
"Raises panel and text contrast for low vision","Aumenta el contraste de paneles y texto para baja visión"
"Always show keyboard focus","Mostrar siempre el foco del teclado"
"Keeps the focus outline visible even after clicking","Mantiene visible el contorno de foco incluso después de hacer clic"
"These settings apply to the campaign, skirmish and editor tools alike.","Estos ajustes se aplican por igual a la campaña, la escaramuza y las herramientas del editor."
"About","Acerca de"
"Standard of Iron - RTS Game","Standard of Iron - Juego de estrategia en tiempo real"
"Version %1","Versión %1"
"Third-Party Software","Software de terceros"
"This game uses the Qt framework, licensed under the GNU Lesser General Public License v3 (LGPL v3).","Este juego usa el framework Qt, con licencia GNU Lesser General Public License v3 (LGPL v3)."
"Qt is dynamically linked, allowing you to replace Qt libraries with your own versions.","Qt está enlazado dinámicamente, lo que te permite sustituir las bibliotecas de Qt por tus propias versiones."
"LGPL v3 License","Licencia LGPL v3"
"Qt Website","Sitio web de Qt"
"Controls","Controles"
"Edge scrolling","Desplazamiento por los bordes"
"Pans the camera when the cursor reaches the edge of the screen","Desplaza la cámara cuando el cursor llega al borde de la pantalla"
"Edge scroll speed:","Velocidad del desplazamiento por los bordes:"
"Team ring patterns","Patrones de anillo de equipo"
"On automatically while a colour vision mode is selected","Se activa automáticamente mientras haya un modo de visión del color seleccionado"
"Marks each side with its own selection ring shape as well as its colour","Marca cada bando con su propia forma de anillo de selección además de su color"
"Damage numbers","Números de daño"
"Shows the damage dealt above each hit while leading the commander","Muestra el daño infligido sobre cada impacto mientras diriges al comandante"
"Screen effects:","Efectos de pantalla:"
"Camera motion:","Movimiento de cámara:"
"Reduces head bob and sway while leading the commander. It never limits camera movement you ask for.","Reduce el balanceo y el vaivén de la cabeza mientras diriges al comandante. Nunca limita el movimiento de cámara que tú pidas."
"Music generated with Meta's AudioCraft, whose models are licensed CC BY-NC 4.0. This game is distributed free of charge, which that licence permits; it may not be sold.","Música generada con AudioCraft de Meta, cuyos modelos tienen licencia CC BY-NC 4.0. Este juego se distribuye de forma gratuita, lo que dicha licencia permite; no puede venderse."
"Voice lines recorded by Adam Djellouli.","Voces grabadas por Adam Djellouli."
"CC BY-NC 4.0 License","Licencia CC BY-NC 4.0"
"AudioCraft","AudioCraft"
"Invalid team configuration: At least two teams must be selected to start a match.","Configuración de equipos no válida: hay que seleccionar al menos dos equipos para iniciar una partida."
"Red","Rojo"
"Blue","Azul"
"Brown","Marrón"
"Green","Verde"
"Yellow","Amarillo"
"Orange","Naranja"
"Purple","Morado"
"Cyan","Cian"
"Pink","Rosa"
"Tutorial","Tutorial"
"Tutorial %1/%2 · %3","Tutorial %1/%2 · %3"
"Show","Mostrar"
"Tutorial step","Paso del tutorial"
"TUTORIAL · STEP %1 OF %2","TUTORIAL · PASO %1 DE %2"
"Open the help screen","Abrir la pantalla de ayuda"
"Hide the tutorial card (it can be shown again)","Ocultar la tarjeta del tutorial (puede volver a mostrarse)"
"Well done - the tutorial is complete.","Bien hecho: el tutorial está completo."
"Well done. The next step follows in a moment, or press Continue.","Bien hecho. El siguiente paso llega en un momento, o pulsa Continuar."
"Resume","Reanudar"
"Pause","Pausa"
"Replay step","Repetir paso"
"Skip step","Saltar paso"
"Continue","Continuar"
"End tutorial","Terminar el tutorial"
"Iron Sepulcher %1","Sepulcro de Hierro %1"
"The shrine answers to you now. Its dead fall still.","El santuario te obedece ahora. Sus muertos quedan inmóviles."
"The shrine is broken. Every risen guardian crumbles.","El santuario está roto. Todos los guardianes alzados se desmoronan."
"Wave %1/%2","Oleada %1/%2"
"The Iron Sepulcher wakes. %1 rises to meet you.","El Sepulcro de Hierro despierta. %1 se alza a tu encuentro."
"%1 claws out of the ground.","%1 se abre paso desde la tierra a zarpazos."
"The risen guardians are put down. The ground is quiet.","Los guardianes alzados han sido abatidos. La tierra está en silencio."
"The barrow gives up its hoard: %1.","El túmulo entrega su tesoro: %1."
"Archer","Arquero"
"Swordsman","Espadero"
"Spearman","Lancero"
"Mounted Knight","Caballero montado"
"Horse Archer","Arquero a caballo"
"Horse Spearman","Lancero a caballo"
"Healer","Sanador"
"Skeleton Swordsman","Espadero esqueleto"
"Skeleton Archer","Arquero esqueleto"
"Grave Priest","Sacerdote sepulcral"
"Catapult","Catapulta"
"Ballista","Balista"
"War Elephant","Elefante de guerra"
"Quintus Fabius Maximus","Quinto Fabio Máximo"
"Publius Cornelius Scipio","Publio Cornelio Escipión"
"Marcus Claudius Marcellus","Marco Claudio Marcelo"
"Hanno the Great","Hanón el Grande"
"Hasdrubal Barca","Asdrúbal Barca"
"Hannibal Barca","Aníbal Barca"
"Builder","Constructor"
"Civilian","Civil"
"Sheep","Oveja"
"Wolf","Lobo"
"Unknown Troop","Tropa desconocida"
"African War Elephant","Elefante de guerra africano"
"Auxiliary Archer","Arquero auxiliar"
"Carthaginian Ballista","Balista cartaginesa"
"Carthaginian Catapult","Catapulta cartaginesa"
"Citizen Infantry","Infantería ciudadana"
"Equites","Equites"
"Faber","Faber"
"Legionary","Legionario"
"Liby-Phoenician Spear","Lancero libiofenicio"
"Libyan Archer","Arquero libio"
"Medicus","Medicus"
"Numidian Cavalry","Caballería númida"
"Onager","Onagro"
"Phoenician Craftsman","Artesano fenicio"
"Sacred Band Healer","Sanador del batallón sagrado"
"Triarius","Triario"
"Blocked by an existing wall.","Bloqueado por una muralla existente."
"Cannot build there.","No se puede construir ahí."
"Probing column","Columna de tanteo"
"Assault line","Línea de asalto"
"Cavalry flank","Flanco de caballería"
"Skirmish screen","Pantalla de hostigadores"
"Siege column","Columna de asedio"
"Elite guard","Guardia de élite"
"All waves broken","Todas las oleadas quebradas"
"Incoming","Se acerca"
"Engaged","En combate"
"Next wave","Siguiente oleada"
"Wave %1 / %2","Oleada %1 / %2"
"%1 left","Quedan %1"
"Wolves are moving on the valley.","Los lobos avanzan sobre el valle."
"Failed to initialize OpenGL renderer.\n\nThis usually means:\n1. Graphics drivers don't support required OpenGL 3.3 Core Profile\n2. Running in a VM with incomplete OpenGL support\n3. Qt software OpenGL fallback is unavailable or failed to initialize\n\nTo fix:\n- Run run_debug_softwaregl.cmd or set QT_OPENGL=software\n- Update graphics drivers\n- On VMs: Enable 3D acceleration in VM settings","No se pudo inicializar el motor de render de OpenGL.\n\nEsto suele significar:\n1. Los controladores gráficos no admiten el perfil OpenGL 3.3 Core requerido\n2. Se está ejecutando en una máquina virtual con soporte de OpenGL incompleto\n3. El respaldo de OpenGL por software de Qt no está disponible o no se pudo inicializar\n\nPara solucionarlo:\n- Ejecuta run_debug_softwaregl.cmd o define QT_OPENGL=software\n- Actualiza los controladores gráficos\n- En máquinas virtuales: activa la aceleración 3D en los ajustes de la VM"
