"source","translation_pt_BR"
"Idle","Ocioso"
"Standing by and awaiting orders.","Aguardando ordens."
"Moving","Movendo-se"
"Marching to the ordered position.","Marchando para a posição ordenada."
"Attacking","Atacando"
"Engaging the assigned target.","Enfrentando o alvo designado."
"Patrolling","Patrulhando"
"Walking the patrol route between its waypoints.","Percorrendo a rota de patrulha entre seus pontos."
"Guarding","Guardando"
"Holding a guard post and answering threats near it.","Mantendo um posto de guarda e respondendo a ameaças próximas."
"Holding position","Mantendo posição"
"Rooted in place; it will not pursue.","Fixo no lugar; não perseguirá."
"Building","Construindo"
"Raising a structure on the marked site.","Erguendo uma estrutura no local marcado."
"Repairing","Reparando"
"Mending a damaged structure.","Consertando uma estrutura danificada."
"Dismantling","Desmontando"
"Taking a structure apart.","Desfazendo uma estrutura."
"Cutting timber","Cortando madeira"
"Felling a tree for wood.","Derrubando uma árvore para obter madeira."
"Quarrying stone","Extraindo pedra"
"Breaking a boulder for stone.","Quebrando um rochedo para obter pedra."
"Mining iron","Minerando ferro"
"Working an ore deposit for iron.","Explorando um depósito de minério para obter ferro."
"Auto gathering","Coleta automática"
"Standing order: seek out the nearest resource and keep collecting.","Ordem permanente: procurar o recurso mais próximo e continuar coletando."
"Delivering","Entregando"
"Carrying its load to the barracks.","Levando sua carga ao quartel."
"Healing","Curando"
"Tending wounded allies nearby.","Tratando aliados feridos por perto."
"Training","Treinando"
"Producing the next unit in the queue.","Produzindo a próxima unidade da fila."
"Blocked","Bloqueado"
"Waiting: the way is blocked or the target is gone.","Aguardando: o caminho está bloqueado ou o alvo sumiu."
"Active","Ativo"
"Work is under way.","O trabalho está em andamento."
"Queued","Na fila"
"Ordered, but the unit is still on its way.","Ordenado, mas a unidade ainda está a caminho."
"Unavailable","Indisponível"
"The target cannot be worked; give a new order.","O alvo não pode ser trabalhado; dê uma nova ordem."
"Interrupted","Interrompido"
"Work stopped part-way; re-issue the order to resume.","O trabalho parou no meio; repita a ordem para retomar."
"%1 — %2","%1 — %2"
"%1 (%2 units)","%1 (%2 unidades)"
"Not enough wood, stone, or iron to recruit this unit.","Madeira, pedra ou ferro insuficiente para recrutar esta unidade."
"%1 of %2 positions do not fit on this ground.","%1 de %2 posições não cabem neste terreno."
"Automatic","Automático"
"stone %1 / %2 · iron %3 / %4","pedra %1 / %2 · ferro %3 / %4"
"Builders cannot fight. This order needs soldiers - select the spearmen, archers or swordsmen near your camp.","Construtores não lutam. Esta ordem precisa de soldados: selecione os lanceiros, arqueiros ou espadachins perto do seu acampamento."
"That is a building. Orders in this step need soldiers - left-click one of the troops standing near your camp.","Isso é um edifício. As ordens desta etapa precisam de soldados: clique com o botão esquerdo em uma das tropas perto do seu acampamento."
"Nothing is selected, so there is nobody to receive the order. Left-click a soldier or drag a box around several.","Nada está selecionado, então ninguém pode receber a ordem. Clique com o botão esquerdo em um soldado ou arraste uma caixa em volta de vários."
"Collect and Build are only available to builders - soldiers and buildings cannot do this work. Select a builder (the worker with the hammer) first.","Coletar e Construir só estão disponíveis para construtores: soldados e edifícios não fazem esse trabalho. Selecione primeiro um construtor (o trabalhador com o martelo)."
"No builder is selected. Left-click one of the builders standing by your barracks.","Nenhum construtor está selecionado. Clique com o botão esquerdo em um dos construtores ao lado do seu quartel."
"That is a building. Left-click one of the soldiers standing near your camp instead.","Isso é um edifício. Em vez disso, clique com o botão esquerdo em um dos soldados perto do seu acampamento."
"A Home costs %1 wood and %2 stone; you have %3 wood and %4 stone. The Build card stays grey until the yard holds enough - send a builder to collect the difference.","Uma casa custa %1 de madeira e %2 de pedra; você tem %3 de madeira e %4 de pedra. O cartão de construção fica cinza até o pátio ter o suficiente: mande um construtor coletar a diferença."
"A red outline means the site is blocked: too close to another building, on water or on a slope. Move it onto flat, open ground and left-click to confirm. Right-click cancels.","Um contorno vermelho significa que o local está bloqueado: perto demais de outro edifício, sobre água ou em uma encosta. Mova-o para terreno plano e livre e confirme com o botão esquerdo. O botão direito cancela."
"Recruits come from the barracks. Left-click your barracks to open its production panel on the right.","Os recrutas saem do quartel. Clique com o botão esquerdo no seu quartel para abrir o painel de produção à direita."
"The barracks has only %1 population left to draw on. Every recruit costs population; when it runs dry, build Homes - each Home raises families, and a civilian recruited there and sent to the barracks with Deliver refills it.","O quartel só tem %1 de população restante. Cada recruta custa população; quando ela acaba, construa casas: cada casa cria famílias, e um civil recrutado ali e enviado ao quartel com Entregar a repõe."
"A recruit card turns grey when a resource is short: soldiers need wood for shafts and iron for blades. Send a builder to collect more.","Um cartão de recruta fica cinza quando falta um recurso: soldados precisam de madeira para as hastes e ferro para as lâminas. Mande um construtor coletar mais."
"The raiders are here. Keep your soldiers together near the barracks: spearmen in front, archers behind, and the commander close so his aura reaches them.","Os saqueadores chegaram. Mantenha seus soldados juntos perto do quartel: lanceiros na frente, arqueiros atrás e o comandante perto para que a aura dele os alcance."
"The Roman raid is on its way. The wave tracker under the top bar counts it down and the minimap marks where it will enter.","O ataque romano está a caminho. O contador de ondas sob a barra superior faz a contagem regressiva e o minimapa marca por onde ele entrará."
"The Aura command only appears when your commander is selected. He is the standard-bearer with the crown badge, near the barracks.","A ordem Aura só aparece quando seu comandante está selecionado. Ele é o porta-estandarte com o distintivo de coroa, perto do quartel."
"The aura is recharging or the commander is wounded; the button lights up again when it is ready.","A aura está recarregando ou o comandante está ferido; o botão acende de novo quando ela estiver pronta."
"The Roman commander is still alive. A nation dies with the man who leads it - kill him and the camp falls.","O comandante romano ainda está vivo. Uma nação morre com o homem que a lidera: mate-o e o acampamento cai."
"Select your troops","Selecione suas tropas"
"Move, and read the feedback","Mova-se e leia a resposta"
"Attack the Roman scouts","Ataque os batedores romanos"
"Fell timber","Corte madeira"
"Quarry stone, mine iron","Extraia pedra e ferro"
"Raise a Home","Erga uma casa"
"Recruit a soldier","Recrute um soldado"
"Assemble an army","Reúna um exército"
"Defend the camp","Defenda o acampamento"
"Guard, Hold and Patrol","Guarda, Manter e Patrulha"
"Your commander","Seu comandante"
"The camera","A câmera"
"Pause and game speed","Pausa e velocidade do jogo"
"Objectives","Objetivos"
"Take the Roman camp","Tome o acampamento romano"
"Everything starts with a selection. Left-click a soldier to select it, or hold the left button and drag a box around several. Selected troops show a ring at their feet, and the panel at the bottom lists who is under your command.","Tudo começa com uma seleção. Clique com o botão esquerdo em um soldado para selecioná-lo, ou segure o botão esquerdo e arraste uma caixa em volta de vários. Tropas selecionadas mostram um anel aos pés, e o painel inferior lista quem está sob seu comando."
"With troops selected, right-click on the ground to march there. A marker appears where they are headed and the banner above the command grid confirms the order. A rejected order says why it could not be carried out - read the banner when nothing happens.","Com tropas selecionadas, clique com o botão direito no chão para marchar até lá. Um marcador aparece no destino e a faixa acima da grade de comandos confirma a ordem. Uma ordem recusada diz por que não pôde ser cumprida: leia a faixa quando nada acontecer."
"A Roman scouting party stands just beyond your tents; the minimap marks enemies in red. Right-click an enemy to attack it, or press Attack and click the target. While your troops fight, the target panel above the command grid tracks the enemy's health.","Um grupo de batedores romanos está logo além das suas tendas; o minimapa marca inimigos em vermelho. Clique com o botão direito em um inimigo para atacá-lo, ou pressione Atacar e clique no alvo. Enquanto suas tropas lutam, o painel de alvo acima da grade de comandos acompanha a saúde do inimigo."
"Wood pays for nearly everything. Select a builder, press Collect and click a pine tree. The builder fells it, carries the logs to the stone yard beside your barracks, and only when the load is dropped there does the wood counter in the top bar rise. Auto Gather keeps a builder working the nearest nodes on its own.","A madeira paga quase tudo. Selecione um construtor, pressione Coletar e clique em um pinheiro. O construtor o derruba, leva as toras ao pátio de pedra ao lado do seu quartel, e só quando a carga é deixada ali o contador de madeira na barra superior sobe. Coleta automática mantém um construtor trabalhando sozinho nos nós mais próximos."
"Boulders yield stone for buildings and towers; ore seams yield iron for blades and armour. Both are hauled to the same barracks yard, which fills up as your stores grow. Gold comes with the camp and from trade at a marketplace. Set one builder on the boulders and another on the ore.","Rochas dão pedra para edifícios e torres; veios de minério dão ferro para lâminas e armaduras. Ambos são levados ao mesmo pátio do quartel, que se enche conforme seus estoques crescem. O ouro vem com o acampamento e do comércio em um mercado. Coloque um construtor nas rochas e outro no minério."
"Select a builder and press Build to open the structure list. Each card shows its cost in wood, stone and gold; a grey card means you cannot afford it yet. Choose Home, then move the outline: green means the ground is flat and clear, red means it is blocked. Scroll to rotate, left-click to confirm. Homes raise the families your barracks will later recruit from.","Selecione um construtor e pressione Construir para abrir a lista de estruturas. Cada cartão mostra o custo em madeira, pedra e ouro; um cartão cinza significa que você ainda não pode pagá-lo. Escolha Casa e mova o contorno: verde significa terreno plano e livre, vermelho significa bloqueado. Role para girar, botão esquerdo para confirmar. As casas criam as famílias das quais seu quartel recrutará depois."
"Left-click your barracks and pick a soldier from the production panel. Every recruit costs population and resources: the population comes from the barracks' own pool, shown on the card, and refills when civilians from your Homes are delivered to it. The bar in the top panel shows your army against the map's population cap.","Clique com o botão esquerdo no seu quartel e escolha um soldado no painel de produção. Cada recruta custa população e recursos: a população vem da reserva própria do quartel, mostrada no cartão, e se repõe quando civis das suas casas são entregues a ele. A barra no painel superior mostra seu exército contra o limite de população do mapa."
"One soldier is not an army. Keep recruiting until you field eight - mix spearmen to hold a line with archers to punish whatever charges it. If a card turns grey, the tutorial hint tells you what ran short. New recruits gather at the barracks' rally flag; set one from the production panel.","Um soldado não é um exército. Continue recrutando até ter oito em campo: misture lanceiros para segurar a linha com arqueiros para punir o que avançar contra ela. Se um cartão ficar cinza, a dica do tutorial diz o que faltou. Os novos recrutas se reúnem na bandeira de reunião do quartel; defina uma no painel de produção."
"A Roman raid is coming. The wave tracker counts it down and the minimap marks its entry point. Form up near your barracks: spearmen in front, archers behind, and the commander close so his aura reaches them. Break the raid to continue.","Um ataque romano se aproxima. O contador de ondas faz a contagem regressiva e o minimapa marca o ponto de entrada. Forme perto do seu quartel: lanceiros na frente, arqueiros atrás e o comandante perto para que a aura dele os alcance. Repila o ataque para continuar."
"Soldiers can be told how to behave. Guard: hold a spot and chase anything that comes near, then return. Hold: stand your ground and do not pursue - best for archers on a hill or a wall line. Patrol: walk between two points and engage whatever crosses the route. Give one of these orders to your soldiers.","É possível dizer aos soldados como se comportar. Guarda: manter um ponto, perseguir o que se aproximar e voltar. Manter: segurar a posição sem perseguir, ideal para arqueiros em uma colina ou numa linha de muralha. Patrulha: andar entre dois pontos e enfrentar o que cruzar a rota. Dê uma dessas ordens aos seus soldados."
"Your commander carries the standard. Troops near him fight with higher morale, and while he is selected two commands appear: Aura briefly empowers every soldier around him, and Rally plants a flag that the army marches to. If he dies, your lines break and the mission is lost - keep him behind the spears. Trigger the Aura now.","Seu comandante carrega o estandarte. Tropas perto dele lutam com mais moral, e enquanto ele está selecionado aparecem duas ordens: Aura fortalece brevemente todo soldado ao redor, e Reunião finca uma bandeira para a qual o exército marcha. Se ele morrer, suas linhas se rompem e a missão está perdida: mantenha-o atrás das lanças. Ative a Aura agora."
"Move the view with the arrow keys or WASD, or push the mouse to the screen edge. Scroll to zoom, Q and E rotate, and the reset button in the top bar returns to your camp. Follow keeps the camera on your selection. Move the camera now.","Mova a visão com as setas ou WASD, ou leve o mouse até a borda da tela. Role para aproximar, Q e E giram, e o botão de reinício na barra superior volta ao seu acampamento. Seguir mantém a câmera na sua seleção. Mova a câmera agora."
"The star in the top bar shows your current objective. Press Escape and choose Objectives to read the full briefing: what wins the mission, what loses it, and any optional goals. Open it now, then return to the battle.","A estrela na barra superior mostra seu objetivo atual. Pressione Escape e escolha Objetivos para ler o briefing completo: o que vence a missão, o que a perde e as metas opcionais. Abra-o agora e depois volte à batalha."
"You know everything the field will ask of you. The Roman camp lies across the meadow. Gather your army, keep the commander behind the line, and take the camp: kill the Roman commander and the mission is won.","Você já sabe tudo o que o campo vai exigir. O acampamento romano fica do outro lado da campina. Reúna seu exército, mantenha o comandante atrás da linha e tome o acampamento: mate o comandante romano e a missão está vencida."
"Select at least one of your soldiers","Selecione pelo menos um dos seus soldados"
"Right-click the ground to move your selected troops","Clique com o botão direito no chão para mover as tropas selecionadas"
"Destroy the Roman scouting party (%1 soldiers)","Destrua o grupo de batedores romanos (%1 soldados)"
"Deliver %1 wood to your barracks yard","Entregue %1 de madeira no pátio do seu quartel"
"Deliver %1 stone and %2 iron","Entregue %1 de pedra e %2 de ferro"
"Build a Home with a builder","Construa uma casa com um construtor"
"Recruit a soldier at the barracks and wait for it to march out","Recrute um soldado no quartel e espere ele sair"
"Field at least %1 soldiers","Tenha pelo menos %1 soldados em campo"
"Break the Roman raid","Repila o ataque romano"
"Give a Guard, Hold or Patrol order","Dê uma ordem de Guarda, Manter ou Patrulha"
"Select your commander and trigger the Aura","Selecione seu comandante e ative a Aura"
"Move, zoom or rotate the camera","Mova, aproxime ou gire a câmera"
"Change the game speed or pause and resume","Mude a velocidade do jogo ou pause e retome"
"Open the Objectives screen","Abra a tela de Objetivos"
"Kill the Roman commander and take the camp","Mate o comandante romano e tome o acampamento"
"The top-left buttons pause the battle and set the speed, from half up to quadruple. Space pauses too, and + and - step through the speeds without reaching for the bar. The active speed stays lit while paused, and you can change it there. Change the speed or pause and resume now.","Os botões no canto superior esquerdo pausam a batalha e definem a velocidade, de metade até o quádruplo. A barra de espaço também pausa, e + e - percorrem as velocidades sem recorrer à barra. A velocidade ativa continua destacada durante a pausa e pode ser alterada ali. Mude a velocidade ou pause e retome agora."
"Low","Baixa"
"Medium","Média"
"High","Alta"
"Ultra","Ultra"
"Maximum performance. Aggressive LOD, reduced detail at distance.","Desempenho máximo. LOD agressivo, menos detalhes à distância."
"Balanced performance and quality. Recommended for most systems.","Equilíbrio entre desempenho e qualidade. Recomendado para a maioria dos sistemas."
"Higher quality. More detail visible at distance. Requires better hardware.","Qualidade superior. Mais detalhes visíveis à distância. Exige hardware melhor."
"Maximum quality. Full detail always. Best hardware recommended.","Qualidade máxima. Detalhes completos sempre. Recomenda-se o melhor hardware."
"Cannot export a save with an empty name","Não é possível exportar um jogo salvo sem nome"
"SCORE","PONTUAÇÃO"
"YOU","VOCÊ"
"Return to Menu","Voltar ao menu"
"Victory Secured","Vitória garantida"
"Army Broken","Exército destroçado"
"Held the Field","Manteve o campo"
"Routed","Debandado"
"Kills","Abates"
"Losses","Perdas"
"Units trained","Unidades treinadas"
"Villages","Vilarejos"
"Play time","Tempo de jogo"
"Back","Voltar"
"Victory Conditions — complete all","Condições de vitória — cumpra todas"
"Victory Conditions — complete any","Condições de vitória — cumpra qualquer uma"
"Victory Conditions","Condições de vitória"
"Complete the objective","Cumpra o objetivo"
"Defeat Conditions","Condições de derrota"
"Avoid this condition","Evite esta condição"
"Optional Objectives","Objetivos opcionais"
"Optional objective","Objetivo opcional"
"No mission objectives available.\nThis may be a skirmish, or objectives have not been configured.","Nenhum objetivo de missão disponível.\nIsto pode ser uma escaramuça, ou os objetivos não foram configurados."
"unbound","não atribuído"
"on, %1 px","ligado, %1 px"
"off","desligado"
"Screen edge","Borda da tela"
"Edge scroll","Rolagem pela borda"
"Cursor to a screen edge","Leve o cursor a uma borda"
"Push the pointer into any edge of the screen and the camera follows. Turn it off or change how wide the band is under Settings › Accessibility.","Empurre o ponteiro contra qualquer borda da tela e a câmera acompanha. Desligue ou mude a largura da faixa em Configurações › Acessibilidade."
"Keyboard pan","Movimento pelo teclado"
"Pans in steps and keeps panning while held. Hold Shift to move twice as far per step.","Move em passos e continua enquanto a tecla estiver pressionada. Com Shift, o dobro por passo."
"Right-drag","Arrastar com o direito"
"Drag pan","Movimento por arrasto"
"Hold right button and drag","Segure o botão direito e arraste"
"Drags the ground under the cursor. Edge scroll pauses while you drag so the two never fight.","Arrasta o terreno sob o cursor. A rolagem pela borda pausa enquanto você arrasta, para que as duas nunca briguem."
"Wheel","Roda"
"Zoom","Zoom"
"Mouse wheel","Roda do mouse"
"Scrolls the camera closer to and further from the battle.","Aproxima e afasta a câmera da batalha."
"Rotate","Girar"
"Swings the view around the point you are looking at. Hold Shift to swing further.","Gira a vista em torno do ponto observado. Com Shift, gira mais."
"Click minimap","Clicar no minimapa"
"Minimap jump","Salto pelo minimapa"
"Click or drag the minimap","Clique ou arraste o minimapa"
"Left-click jumps the camera there; right-click sends the selection there.","O clique esquerdo leva a câmera até lá; o direito envia a seleção."
"Top bar button","Botão da barra superior"
"Follow selection","Seguir a seleção"
"Follow button, top bar","Botão Seguir, barra superior"
"Keeps the camera on whatever you have selected until you switch it off.","Mantém a câmera sobre o que você selecionou até você desligar."
"Reset camera","Redefinir a câmera"
"Reset button, top bar","Botão Redefinir, barra superior"
"Returns the view to your own camp.","Devolve a vista ao seu próprio acampamento."
"Camera controls","Controles de câmera"
"Moving the camera","Movendo a câmera"
"Hide the camera legend","Ocultar a legenda de câmera"
"Camera settings","Configurações de câmera"
"Carthage Core","Núcleo de Cartago"
"Carthaginian Iberia","Ibéria Cartaginesa"
"Cisalpine Gaul","Gália Cisalpina"
"Corsica","Córsega"
"Etruria","Etrúria"
"Iberian Interior","Interior Ibérico"
"Libya","Líbia"
"Numidia","Numídia"
"Roman Core","Núcleo Romano"
"Sardinia","Sardenha"
"Sicily","Sicília"
"Southern Italy","Sul da Itália"
"Transalpine Gaul","Gália Transalpina"
"Illyrian Coast","Costa da Ilíria"
"Illyrian Interior","Interior da Ilíria"
"Aleria","Aléria"
"Ariminum","Arímino"
"Capua","Cápua"
"Caralis","Cáralis"
"Carthage","Cartago"
"Cirta","Cirta"
"Emporiae","Empórias"
"Leptis","Leptis"
"Lilybaeum","Lilibeu"
"Massalia","Massália"
"Mediolanum","Mediolano"
"New Carthage","Nova Cartago"
"Numantia","Numância"
"Placentia","Placência"
"Rome","Roma"
"Saguntum","Sagunto"
"Salona","Salona"
"Syracuse","Siracusa"
"Tarentum","Tarento"
"Tarraco","Tarraco"
"Tingis","Tingis"
"Veii","Veios"
"Campaign Missions","Missões da campanha"
"← Back","← Voltar"
"✓ Completed","✓ Concluída"
"Locked","Bloqueada"
"No campaign missions available","Nenhuma missão de campanha disponível"
"Rome","Roma"
"Carthage","Cartago"
"Neutral","Neutro"
"Loading map…","Carregando mapa…"
"Control:","Controle:"
"Legend","Legenda"
"Select a Mission","Selecione uma missão"
"Mission briefing...","Instruções da missão..."
"Cancel","Cancelar"
"Campaign War Table • Mediterranean Theater","Mesa de guerra da campanha • Teatro do Mediterrâneo"
"Campaign","Campanha"
"Campaign Chronicle •","Crônica da campanha •"
"← Back","← Voltar"
"Campaign Chronicle","Crônica da campanha"
"Campaign Progress:","Progresso da campanha:"
"202 BC: recalled to Africa, Hannibal faces Scipio and Masinissa on the plain near Zama. The elephant lanes are prepared, the Roman camps are fortified, and the Iron Sepulcher no longer waits at the edge of history. Take all four camps and break both risings of the dead — nothing less ends this war.","202 a.C.: chamado de volta à África, Aníbal enfrenta Cipião e Masinissa na planície perto de Zama. Os corredores para os elefantes estão preparados, os acampamentos romanos fortificados, e o Sepulcro de Ferro já não espera à margem da história. Tome os quatro acampamentos e rompa as duas revoltas dos mortos — nada menos põe fim a esta guerra."
"215-212 BC: Capua and the Campanian allies sustain Hannibal while Rome avoids another Cannae and attacks roads, farms, and loyalties. Fortify the Punic supply quarter and break all three coordinated assaults — the quarter is not held until the last consular column lies dead in the streets.","215–212 a.C.: Cápua e os aliados campânios sustentam Aníbal enquanto Roma evita outra Canas e ataca estradas, fazendas e lealdades. Fortifique o quarteirão púnico de suprimentos e rompa os três assaltos coordenados — o quarteirão só estará seguro quando a última coluna consular jazer morta nas ruas."
"216 BC: the consuls mass Rome's greatest field army beside the Aufidus. Yield the Punic center by design, win both cavalry wings, close the double envelopment, then take the principal camp, the reserve camp, and the allied camp across the river road.","216 a.C.: os cônsules reúnem o maior exército de campo de Roma junto ao Áufido. Ceda o centro púnico de propósito, vença as duas alas de cavalaria, feche o duplo envolvimento e então tome o acampamento principal, o de reserva e o dos aliados, do outro lado da estrada ribeirinha."
"217 BC: Flaminius pursues along the northern shore of Lake Trasimene. Mist closes the road between lake and wooded height — and it will not hold for long. Strike the length of the column and seize both field posts within twenty minutes, before the air clears and a cohort carries word out of the basin.","217 a.C.: Flamínio persegue pela margem norte do Lago Trasimeno. A névoa fecha a estrada entre o lago e a encosta arborizada — e não durará muito. Golpeie toda a extensão da coluna e tome os dois postos de campo em vinte minutos, antes que o ar clareie e uma coorte leve a notícia para fora da bacia."
"218 BC, winter: Sempronius Longus accepts the bait and drives his hungry army through the freezing Trebia. Hold the southern line and break all three crossings. You need not take his camp — you need only be standing when the river has finished with him.","Inverno de 218 a.C.: Semprônio Longo morde a isca e conduz seu exército faminto pelas águas geladas do Trébia. Mantenha a linha sul e rompa as três travessias. Não é preciso tomar o acampamento dele — basta estar de pé quando o rio tiver terminado com ele."
"218 BC: Hannibal turns from the Rhône into the Alps with soldiers, cavalry, baggage animals, and elephants. The pass cannot be taken by the sword alone — it must be paid for in timber, stone and iron. Set your builders to the slopes while the mountain peoples contest every switchback; do not follow the grave-lights into the snow.","218 a.C.: Aníbal deixa o Ródano rumo aos Alpes com soldados, cavalaria, animais de carga e elefantes. A passagem não se toma só com a espada — ela precisa ser paga em madeira, pedra e ferro. Ponha seus construtores nas encostas enquanto os povos da montanha disputam cada curva; e não siga as luzes sepulcrais para dentro da neve."
"218 BC: near the Ticinus, Scipio's reconnaissance force tests Hannibal's cavalry. Win the mounted engagement, cut the bridge road, and overrun both Roman camps before their scouts carry a clean account back to the consul.","218 a.C.: perto do Ticino, a força de reconhecimento de Cipião põe à prova a cavalaria de Aníbal. Vença o combate montado, corte a estrada da ponte e domine os dois acampamentos romanos antes que os batedores levem um relato claro ao cônsul."
"218 BC: the Rhône must be secured faster than Publius Cornelius Scipio can bring his army from Massalia. In this altered campaign, Roman advance posts hold the eastern approaches. Cross by ford, pontoon, or wooded detour and seize their river camps.","218 a.C.: o Ródano precisa ser assegurado antes que Públio Cornélio Cipião traga seu exército de Massália. Nesta campanha alterada, postos avançados romanos guardam os acessos orientais. Atravesse por vau, pontão ou desvio arborizado e tome os acampamentos ribeirinhos."
"At dawn the market still stands and the consular roads are choked with Roman shields. Campania has bought the army another season, though every ally now understands how long Rome is willing to bleed.","Ao amanhecer o mercado ainda está de pé e as estradas consulares estão entupidas de escudos romanos. A Campânia comprou ao exército mais uma estação, embora todo aliado agora entenda por quanto tempo Roma está disposta a sangrar."
"Command Hannibal's Carthaginian army from the Alpine invasion of 218 BC to Zama in 202 BC. Break Roman camps, take fortified towns, preserve allied economies, and survive the Republic's answering legions while the Iron Sepulcher watches from roads older than either empire.","Comande o exército cartaginês de Aníbal, da invasão alpina de 218 a.C. até Zama, em 202 a.C. Destrua acampamentos romanos, tome cidades fortificadas, preserve as economias aliadas e sobreviva às legiões com que a República responde — enquanto o Sepulcro de Ferro observa de estradas mais antigas que ambos os impérios."
"Flaminius and much of his army are lost beside the lake. Rome names Fabius dictator. In the drowned reeds, an Iron Sepulcher altar has fed well without choosing a side.","Flamínio e boa parte de seu exército se perdem à beira do lago. Roma nomeia Fábio ditador. Entre os juncos submersos, um altar do Sepulcro de Ferro se alimentou bem sem tomar partido algum."
"The Barcid Road","A Estrada Bárcida"
"The Roman army is destroyed and the camps are taken, yet Rome refuses negotiation. So many dead lie on the plain that the Sepulcher's iron bells sound beneath the earth for seven nights.","O exército romano é destruído e os acampamentos são tomados, mas Roma recusa qualquer negociação. Há tantos mortos na planície que os sinos de ferro do Sepulcro soam sob a terra por sete noites."
"The Roman screen breaks and Scipio is carried from the field wounded. The Insubres see that Carthage can defeat Rome on Italian ground—but pale riders still haunt the abandoned ford.","A cortina romana se rompe e Cipião é retirado do campo, ferido. Os ínsubres veem que Cartago pode derrotar Roma em solo itálico — mas cavaleiros pálidos ainda assombram o vau abandonado."
"The column reaches the plain of the Po diminished but unbroken. Italy lies below, and fires answer from Gallic settlements. Behind you, the sealed shrine in the pass begins counting the dead.","A coluna alcança a planície do Pó reduzida, mas não quebrada. A Itália se estende abaixo, e fogueiras respondem dos povoados gauleses. Atrás de você, o santuário selado na passagem começa a contar os mortos."
"The ferries and supply road belong to Carthage. Scipio finds abandoned standards and cold cooking fires; Hannibal is already turning toward the mountains.","As balsas e a estrada de suprimentos pertencem a Cartago. Cipião encontra estandartes abandonados e fogueiras frias; Aníbal já se volta para as montanhas."
"The last standards fall under an African sky. Rome and Carthage will remember the field differently; the Iron Sepulcher remembers only that both armies finally entered its reach.","Os últimos estandartes tombam sob um céu africano. Roma e Cartago se lembrarão do campo de modos diferentes; o Sepulcro de Ferro lembra apenas que os dois exércitos enfim entraram em seu alcance."
"The survivors flee toward Placentia through sleet and mud. Roman tents, grain, and weapons are captured; bodies beneath the ice rise only when nobody is watching.","Os sobreviventes fogem rumo a Placência através da saraiva e da lama. Tendas, grãos e armas romanas são capturados; os corpos sob o gelo só se erguem quando ninguém está olhando."
"Their commander is dead. The host breaks and its camps stand empty.","O comandante deles está morto. A hoste se desfaz e seus acampamentos ficam vazios."
"%1 has lost its commander. The host breaks and its camps stand empty.","%1 perdeu seu comandante. A hoste se desfaz e seus acampamentos ficam vazios."
"Quintus Fabius Maximus","Quinto Fábio Máximo"
"Rome's delaying strategist who preserves armies through discipline and staying power.","O estrategista da protelação de Roma, que preserva exércitos pela disciplina e pela resistência."
"A campaign and scenario commander; never produced from a barracks.","Um comandante de campanha e cenário; nunca é produzido em um quartel."
"Heavy spear commander who anchors a disciplined battle line.","Comandante de lança pesada que ancora uma linha de batalha disciplinada."
"Boosts nearby troop endurance and slows collapse in grind fights.","Aumenta a resistência das tropas próximas e retarda o colapso em combates de desgaste."
"Lower offensive pressure and weaker pursuit potential.","Menor pressão ofensiva e menor potencial de perseguição."
"Fabian Endurance keeps nearby cohorts in line for prolonged fighting.","Resistência Fabiana mantém as coortes próximas em linha para combates prolongados."
"Rally of Patience stabilizes wavering lines during attritional combat.","Chamado da Paciência estabiliza linhas vacilantes durante o combate de atrito."
"If killed or wounded, nearby allies lose confidence and the aura shuts off.","Se for morto ou ferido, os aliados próximos perdem a confiança e a aura se encerra."
"Publius Cornelius Scipio","Públio Cornélio Cipião"
"Aggressive Roman consul focused on decisive strikes and tactical initiative.","Cônsul romano agressivo, voltado a golpes decisivos e à iniciativa tática."
"Sword-and-shield infantry commander who leads close behind the main assault line.","Comandante de infantaria de espada e escudo que lidera logo atrás da linha principal de assalto."
"Improves nearby offensive output and enables sharper counter-pushes.","Melhora a produção ofensiva próxima e permite contra-ataques mais incisivos."
"More vulnerable if isolated away from supporting infantry.","Mais vulnerável se isolado da infantaria de apoio."
"Consular Assault boosts nearby legion attack tempo.","Assalto Consular aumenta o ritmo de ataque das legiões próximas."
"Consular Rally rapidly restores morale to wavering assault cohorts.","Chamado Consular restaura rapidamente o moral de coortes de assalto vacilantes."
"Death of the consul causes a severe morale shock to nearby Romans.","A morte do cônsul provoca um forte abalo de moral nos romanos próximos."
"Marcus Claudius Marcellus","Marco Cláudio Marcelo"
"Roman field commander known for fast shock actions and relentless pressure.","Comandante de campo romano conhecido por ações de choque rápidas e pressão implacável."
"Lightly armored bow commander who supports aggressive vanguard action.","Comandante arqueiro de armadura leve que apoia a ação agressiva da vanguarda."
"Raises maneuver speed for nearby troops, enabling faster local redeployment.","Aumenta a velocidade de manobra das tropas próximas, permitindo reposicionamentos locais mais rápidos."
"Lower staying power than other Roman commanders.","Menor capacidade de resistência que os demais comandantes romanos."
"Vanguard Tempo accelerates nearby infantry movement and line repositioning.","Ritmo de Vanguarda acelera o movimento e o reposicionamento da infantaria próxima."
"Vanguard Rally snaps wavering attackers back into coherent motion.","Chamado da Vanguarda devolve atacantes vacilantes a um movimento coeso."
"If Marcellus falls, nearby attackers suffer immediate morale drop.","Se Marcelo tombar, os atacantes próximos sofrem queda imediata de moral."
"Hanno the Great","Hanão, o Grande"
"Bronze-spear commander coordinating disciplined mercenary infantry.","Comandante de lança de bronze que coordena infantaria mercenária disciplinada."
"Mediocre direct combat impact and risky if exposed.","Impacto direto em combate medíocre e arriscado se ficar exposto."
"Treasury Rally restores wavering troops and keeps formations from breaking.","Chamado do Tesouro restaura tropas vacilantes e impede que as formações se rompam."
"Death triggers contract panic, reducing confidence in nearby troops.","Sua morte desencadeia pânico contratual, reduzindo a confiança das tropas próximas."
"Hasdrubal Barca","Asdrúbal Barca"
"Mobile Carthaginian field commander built around decisive flanking momentum.","Comandante de campo cartaginês móvel, construído em torno do ímpeto decisivo de flanqueamento."
"Fast bow commander built around flanking pressure and withdrawal.","Comandante arqueiro veloz, voltado à pressão de flanco e ao recuo."
"Increases nearby unit speed for coordinated flanks and withdrawals.","Aumenta a velocidade das unidades próximas para flanqueamentos e recuos coordenados."
"Less resilient in prolonged frontal attrition.","Menos resistente em desgaste frontal prolongado."
"Barcid Maneuver grants nearby troops superior movement control.","Manobra Bárcida concede às tropas próximas controle de movimento superior."
"Flank Rally rapidly restores wavering units preparing to maneuver.","Chamado de Flanco restaura rapidamente unidades vacilantes que se preparam para manobrar."
"Loss of Hasdrubal sharply drops morale among nearby mobile forces.","A perda de Asdrúbal derruba bruscamente o moral das forças móveis próximas."
"Hannibal Barca","Aníbal Barca"
"Carthage's premier battlefield commander from the Hannibal campaign.","O principal comandante de batalha de Cartago na campanha de Aníbal."
"Elite sword commander with an iconic standard and sacred-band armor.","Comandante de espada de elite, com estandarte icônico e armadura do Batalhão Sagrado."
"Delivers a strong nearby attack bonus and elite crisis rally response.","Concede um forte bônus de ataque nas proximidades e uma resposta de elite em momentos de crise."
"High-value target; losing him causes severe local collapse.","Alvo de alto valor; perdê-lo provoca um colapso local severo."
"Hannibalic Offensive amplifies nearby attack power before decisive engagements.","Ofensiva Anibálica amplia o poder de ataque nas proximidades antes de combates decisivos."
"Supreme Rally restores routing or wavering units to fighting order.","Chamado Supremo devolve à ordem de combate unidades em debandada ou vacilantes."
"If Hannibal is killed or wounded, nearby allied morale takes a heavy shock and aura ends.","Se Aníbal for morto ou ferido, o moral aliado próximo sofre forte abalo e a aura se encerra."
"Nearby allied spearmen regenerate health fastest inside the aura.","Lanceiros aliados próximos regeneram vida mais rápido dentro da aura."
"Bracing Thrust","Estocada Firme"
"Nearby allied swordsmen gain the most bonus damage in aura range.","Espadachins aliados próximos ganham o maior bônus de dano no alcance da aura."
"Consular Riposte","Resposta Consular"
"Nearby allied archers move fastest while in aura range.","Arqueiros aliados próximos se movem mais rápido no alcance da aura."
"Point-blank Volley","Salva à Queima-Roupa"
"Carthaginian phalanx commander who holds ground with hired spear levies.","Comandante de falange cartaginês que segura terreno com lanceiros mercenários."
"Keeps a braced spear line standing far longer than it should.","Mantém uma linha de lanças firmada de pé muito mais tempo do que deveria."
"Contract Discipline knits nearby spear levies into an unbroken hedge.","Disciplina de Contrato une os lanceiros mercenários próximos em uma cerca intransponível."
"Nearby allied spearmen recover health fastest inside the aura.","Lanceiros aliados próximos recuperam vida mais rápido dentro da aura."
"Phalanx Sweep","Varredura de Falange"
"Nearby allied archers gain the most movement speed in aura range.","Arqueiros aliados próximos ganham a maior velocidade de movimento no alcance da aura."
"Hunting Shot","Tiro de Caça"
"Nearby allied swordsmen gain substantial attack damage in aura range.","Espadachins aliados próximos ganham dano de ataque considerável no alcance da aura."
"Encircling Cut","Golpe Envolvente"
"Iron and Ember","Ferro e Brasa"
"Scale %1×  ·  %2  ·  colour vision: %3","Escala %1×  ·  %2  ·  visão de cores: %3"
"reduced motion","movimento reduzido"
"full motion","movimento completo"
"Buttons","Botões"
"Primary","Primário"
"Secondary","Secundário"
"Destructive","Destrutivo"
"Disabled","Desativado"
"Unavailable in this state","Indisponível neste estado"
"Search","Buscar"
"Selected","Selecionado"
"Orders","Ordens"
"Attack","Atacar"
"Guard","Guardar"
"Patrol","Patrulhar"
"Rally","Reunir"
"Build","Construir"
"Build is only available to builders","Construir só está disponível para construtores"
"Faction skins","Aparências de facção"
"Selection","Seleção"
"Roman Spearmen ×24","Lanceiros romanos ×24"
"Defense formation","Formação defensiva"
"Spearmen","Lanceiros"
"Archers","Arqueiros"
"Inputs","Entradas"
"Balanced","Equilibrada"
"Aggressive","Agressivo"
"Defensive","Defensiva"
"Reduced motion","Movimento reduzido"
"Collapses transitions to an instant state change","Reduz as transições a uma mudança de estado instantânea"
"Objectives","Objetivos"
"Capture the eastern barracks","Capture o quartel do leste"
"Hold the ford until dusk","Mantenha o vau até o anoitecer"
"Do not lose the commander","Não perca o comandante"
"Take no losses","Não sofra perdas"
"Notification priorities","Prioridades de notificação"
"Commander under attack","Comandante sob ataque"
"Eastern approach, 3 hostiles","Aproximação leste, 3 hostis"
"Barracks destroyed","Quartel destruído"
"Spearmen ready","Lanceiros prontos"
"Supply route restored","Rota de suprimento restaurada"
"Unit activities","Atividades das unidades"
"A collapsible block of detail. The unit panel stacks one per topic.","Um bloco de detalhe recolhível. O painel de unidade empilha um por tema."
"In the field","Em campo"
"Press a key or click a mouse button. Backspace clears it, Esc cancels.","Pressione uma tecla ou clique um botão do mouse. Backspace limpa, Esc cancela."
"Select a command to rebind it.","Selecione um comando para redefini-lo."
"Reset all","Redefinir tudo"
"Every binding is already at its default.","Todos os atalhos já estão no padrão."
"%1 is already used by %2.","%1 já é usado por %2."
"Use it here anyway","Usar aqui mesmo assim"
"Keep as it is","Manter como está"
"Taking it leaves the other command unbound.","Assumi-lo deixa o outro comando sem atalho."
"Conflicts with %1","Conflita com %1"
"Press a key…","Pressione uma tecla…"
"Unbound","Sem atalho"
"Default","Padrão"
"This binding is already the default.","Este atalho já é o padrão."
"Economy prompts","Avisos de economia"
"Stop showing these prompts","Parar de mostrar estes avisos"
"How it works","Como funciona"
"Gold","Ouro"
"Food","Comida"
"Wood","Madeira"
"Stone","Pedra"
"Iron","Ferro"
"Comes from your starting treasury, mission rewards, and selling goods at a marketplace.","Vem do seu tesouro inicial, das recompensas de missão e da venda de mercadorias em um mercado."
"Comes from your starting stores, mission rewards, and buying at a marketplace.","Vem dos seus estoques iniciais, das recompensas de missão e da compra em um mercado."
"Send a builder to chop a tree with Collect, or leave Auto Gather running.","Envie um construtor para cortar uma árvore com Coletar, ou deixe a Coleta Automática ligada."
"Send a builder to a boulder with Collect, or leave Auto Gather running.","Envie um construtor até uma rocha com Coletar, ou deixe a Coleta Automática ligada."
"Send a builder to an iron ore deposit with Collect, or leave Auto Gather running.","Envie um construtor até um depósito de minério de ferro com Coletar, ou deixe a Coleta Automática ligada."
"Home","Casa"
"Barracks","Quartel"
"Defense Tower","Torre de defesa"
"Marketplace","Mercado"
"Temple","Templo"
"Wall Segment","Segmento de muro"
"Wall Gate","Portão de muro"
"Catapult","Catapulta"
"Ballista","Balista"
"Archer","Arqueiro"
"Swordsman","Espadachim"
"Spearman","Lanceiro"
"Horse Swordsman","Espadachim montado"
"Horse Archer","Arqueiro montado"
"Horse Spearman","Lanceiro montado"
"Healer","Curandeiro"
"Builder","Construtor"
"Civilian","Civil"
"Elephant","Elefante de guerra"
"Raises the population the nearest barracks can recruit from.","Aumenta a população da qual o quartel mais próximo pode recrutar."
"Recruits troops and receives everything your builders gather.","Recruta tropas e recebe tudo o que seus construtores coletam."
"Shoots at enemies that come near it.","Atira nos inimigos que se aproximam."
"Buys and sells resources for gold.","Compra e vende recursos por ouro."
"Watches over a wide stretch of ground and holds a settlement together.","Vigia uma ampla faixa de terreno e mantém um assentamento unido."
"Blocks enemy movement.","Bloqueia o movimento inimigo."
"Opens for your troops and allies, shut to everyone else.","Abre para suas tropas e aliados e permanece fechado para os demais."
"Long-range siege engine, best against structures.","Máquina de cerco de longo alcance, melhor contra estruturas."
"Precise siege engine, best against units.","Máquina de cerco precisa, melhor contra unidades."
", and %1 more","e mais %1"
"%1 %2","%1 %2"
"No resource cost","Sem custo de recursos"
"%1 more %2","mais %1 de %2"
"Nobody is gathering it right now.","No momento ninguém está coletando."
"Builders gathering it: %1","Construtores coletando: %1"
"%1 being hauled to a barracks","%1 a caminho de um quartel"
"Held in your treasury; no storage limit.","Fica no seu tesouro; sem limite de armazenamento."
"Hauled to a barracks yard before it is credited. The yard looks full at %1.","É levado ao pátio de um quartel antes de ser creditado. O pátio parece cheio a partir de %1."
"Short %1 for a %2.","Faltam %1 para %2."
"%1 in store: %2","%1 em estoque: %2"
"Spent on: %1","Gasto em: %1"
"Step 1 — Gather","Passo 1 — Coletar"
"Step 2 — Build","Passo 2 — Construir"
"Step 3 — Recruit","Passo 3 — Recrutar"
"Step 4 — Keep an army","Passo 4 — Manter um exército"
"Your settlement runs itself","Seu assentamento se sustenta sozinho"
"Recruit a builder at a barracks, then send it to collect wood, stone or iron.","Recrute um construtor em um quartel e mande-o coletar madeira, pedra ou ferro."
"Select a builder, press Collect, and click a tree, boulder or ore deposit. It hauls the load to a barracks yard, then goes back for more.","Selecione um construtor, pressione Coletar e clique em uma árvore, rocha ou depósito de minério. Ele leva a carga ao pátio de um quartel e volta para buscar mais."
"With a builder selected, press Build and place a Home to raise your population, or a Barracks to recruit from.","Com um construtor selecionado, pressione Construir e posicione uma Casa para aumentar sua população, ou um Quartel para recrutar."
"Select a barracks and recruit troops. Each one costs population and resources, both shown on its card.","Selecione um quartel e recrute tropas. Cada uma custa população e recursos, ambos mostrados no cartão dela."
"Keep recruiting while your builders gather. Raise more Homes when population runs out.","Continue recrutando enquanto seus construtores coletam. Erga mais Casas quando a população acabar."
"Gathering, building and recruiting are all under way.","Coleta, construção e recrutamento já estão em andamento."
"You have no builders. Recruit one at a barracks before you can gather or build.","Você não tem construtores. Recrute um em um quartel antes de coletar ou construir."
"Builders: %1 (%2 idle). Placing a structure sends every selected builder to the site.","Construtores: %1 (%2 ociosos). Ao posicionar uma estrutura, todos os construtores selecionados vão ao canteiro."
"Recruiting draws on the manpower held by each barracks.","Recrutar consome os efetivos disponíveis em cada quartel."
"Population %1 / %2. A Home adds %3 to the nearest barracks; walking a civilian into one adds %4.","População %1 / %2. Uma Casa acrescenta %3 ao quartel mais próximo; levar um civil até um deles acrescenta %4."
"Needs a barracks","Precisa de um quartel"
"Needs a builder","Precisa de um construtor"
"Not enough manpower at the barracks","Efetivos insuficientes no quartel"
"Population limit reached","Limite de população atingido"
"Missing %1","Falta: %1"
"Economy guide","Guia de economia"
"Resources and Building","Recursos e construção"
"Close the economy guide","Fechar o guia de economia"
"Gather with builders, spend what they bring on structures, recruit from a barracks, and keep both running.","Colete com construtores, gaste o que eles trazem em estruturas, recrute em um quartel e mantenha os dois funcionando."
"WHAT EACH RESOURCE IS FOR","PARA QUE SERVE CADA RECURSO"
"Spent on: %1","Gasto em: %1"
"WHAT A BUILDER CAN RAISE","O QUE UM CONSTRUTOR PODE ERGUER"
"%1 — %2 · %3s","%1 — %2 · %3 s"
"WHAT A BARRACKS CAN RECRUIT","O QUE UM QUARTEL PODE RECRUTAR"
"%1 — %2 population, %3 · %4s","%1 — %2 de população, %3 · %4 s"
"Back to the battle","Voltar à batalha"
"Standard","Padrão"
"Iron and Ember","Ferro e Brasa"
"Roman Republic","República Romana"
"Senatus Populusque Romanus","Senatus Populusque Romanus"
"Carthage","Cartago"
"Qart-Ḥadašt","Qart-Ḥadašt"
"Iron Sepulcher","Sepulcro de Ferro"
"The watch does not sleep","A vigília não dorme"
"Barracks","Quartel"
"Defense tower","Torre de defesa"
"Home","Casa"
"Wall","Muralha"
"Gate","Portão"
"Marketplace","Mercado"
"Temple","Templo"
"No units selected.","Nenhuma unidade selecionada."
"No units eligible for formation placement.","Nenhuma unidade apta ao posicionamento em formação."
"This doctrine has no template for the chosen formation.","Esta doutrina não possui modelo para a formação escolhida."
"No part of this formation fits on the chosen ground.","Nenhuma parte desta formação cabe no terreno escolhido."
"Faction Default","Padrão da facção"
"Line","Linha"
"Column","Coluna"
"Defensive","Defensiva"
"Assault","Assalto"
"Encirclement","Cerco"
"Siege Escort","Escolta de cerco"
"Neutral","Neutro"
"Roman Republic","República Romana"
"Requires at least one siege engine in the selection.","Exige ao menos uma máquina de cerco na seleção."
"Requires cavalry or mounted troops to close the encirclement.","Exige cavalaria ou tropas montadas para fechar o cerco."
"Carthage","Cartago"
"The Iron Sepulcher","O Sepulcro de Ferro"
"%1 has no template for this intent.","%1 não possui modelo para esta intenção."
"The selection lacks the troop types this formation needs.","Faltam à seleção os tipos de tropa que esta formação exige."
"Encirclement needs at least three units.","O cerco exige ao menos três unidades."
"Forming up","Formando"
"Formed","Formado"
"Disrupted","Desorganizado"
"Breaking","Quebrando"
"The deployment this faction fights in by default. No setup needed.","A disposição em que esta facção luta por padrão. Não requer preparação."
"Widest frontage. Best for meeting an advance head on.","Maior frente. Ideal para enfrentar um avanço de frente."
"Narrow and deep. Best for moving through gates and passes.","Estreita e profunda. Ideal para atravessar portões e passagens."
"Compressed frontage with reserves. Best for holding ground.","Frente comprimida com reservas. Ideal para manter posição."
"Weighted front with skirmishers ahead. Best for breaking a line.","Frente reforçada com escaramuçadores à dianteira. Ideal para romper uma linha."
"Wide flanks that close around a target. Needs cavalry.","Flancos amplos que se fecham sobre um alvo. Exige cavalaria."
"Engines protected behind infantry. Needs a siege engine.","Máquinas protegidas atrás da infantaria. Exige uma máquina de cerco."
"Frontage","Frente"
"Narrow","Estreita"
"Balanced","Equilibrada"
"Wide","Ampla"
"Depth","Profundidade"
"Shallow","Rasa"
"Deep","Profunda"
"Spacing","Espaçamento"
"Tight","Cerrado"
"Normal","Normal"
"Loose","Solto"
"Left","Esquerda"
"Split","Dividida"
"Right","Direita"
"None","Nenhuma"
"One row","Uma fileira"
"Two rows","Duas fileiras"
"Mixed armies","Exércitos mistos"
"By role","Por função"
"Separate contingents","Contingentes separados"
"Doctrine","Doutrina"
"Reset to faction default","Restaurar padrão da facção"
"%1 m","%1 m"
"Choose a formation","Escolha uma formação"
"%1 · %2 units","%1 · %2 unidades"
"Shape","Forma"
"%1 × %2","%1 × %2"
"In place","No lugar"
"%1 position(s) nudged to fit the ground.","%1 posição(ões) ajustada(s) para caber no terreno."
"Drag on the ground to set width and facing.","Arraste no terreno para definir largura e direção."
"Click to deploy · Wheel to turn · Ctrl+wheel for depth · Right-click or Esc to cancel","Clique para posicionar · Roda para girar · Ctrl+roda para profundidade · Botão direito ou Esc cancela"
"Hide fine tuning","Ocultar ajuste fino"
"Fine tuning","Ajuste fino"
"How wide the deployment spreads before it starts adding ranks behind.","Quão larga a formação se espalha antes de começar a acrescentar fileiras atrás."
"How many ranks stand behind the front. Deeper hits harder but covers less ground.","Quantas fileiras ficam atrás da frente. Mais profundo bate mais forte, mas cobre menos terreno."
"The gap between units. Tight holds shape better; loose loses less to area attacks.","O espaço entre as unidades. Fechado mantém melhor a forma; aberto perde menos para ataques em área."
"Which wing the cavalry weights. Split puts an equal body on each wing.","Qual ala a cavalaria reforça. Dividir coloca um corpo igual em cada ala."
"Cavalry wing","Ala de cavalaria"
"Where archers and slingers stand. Skirmish sends them out ahead and pulls them back on contact.","Onde ficam arqueiros e fundeiros. Escaramuça os manda à frente e os recolhe ao contato."
"Missile troops","Tropas de projétil"
"In front","À frente"
"Behind","Atrás"
"Skirmish ahead","Escaramuçar à frente"
"Rows held back from the fighting line to plug gaps.","Fileiras mantidas fora da linha de combate para tapar brechas."
"Reserve rows","Fileiras de reserva"
"Doctrine decides","A doutrina decide"
"Reform is faster and copes with chokepoints. Maintain keeps the shape on the march but moves slower.","Reformar é mais rápido e lida com passagens estreitas. Manter preserva a forma em marcha, mas anda mais devagar."
"On the march","Em marcha"
"Reform on arrival","Reformar ao chegar"
"Hold the shape","Manter a forma"
"How a selection drawn from several factions is arranged.","Como se organiza uma seleção formada por várias facções."
"Follow the commander","Seguir o comandante"
"Follow the majority","Seguir a maioria"
"Sorting groups the same troop types together. Keeping the order leaves each unit where it already stands in the line.","Ordenar agrupa os mesmos tipos de tropa. Manter a ordem deixa cada unidade onde já está na linha."
"Slot order","Ordem das posições"
"Sort by type","Ordenar por tipo"
"Keep current order","Manter a ordem atual"
"Which drill book shapes the deployment. Automatic follows the troops you selected.","Qual manual de instrução molda a formação. Automático segue as tropas que você selecionou."
"Formed","Formado"
"Disrupted","Desorganizado"
"Breaking","Quebrando"
"Forming up","Formando"
"The line is holding its shape and takes reduced damage.","A linha mantém sua forma e sofre dano reduzido."
"The line has come apart and is taking extra damage. Re-issue the formation order to reform.","A linha se desfez e está sofrendo dano extra. Repita a ordem de formação para reformá-la."
"The formation is breaking up.","A formação está se desfazendo."
"Units are still moving into their slots.","As unidades ainda estão indo para suas posições."
"Cohesion %1%","Coesão %1%"
"%1 units","%1 unidades"
"Selection spans several formations.","A seleção abrange várias formações."
"%1 slot(s) blocked by terrain.","%1 posição(ões) bloqueada(s) pelo terreno."
"Standard of Iron — Iron and Ember Gallery","Standard of Iron — Galeria Ferro e Brasa"
"Scale","Escala"
"Reduce motion","Reduzir movimento"
"High contrast","Alto contraste"
"Reset","Redefinir"
"Iron and Ember — every control the product may use","Ferro e Brasa — todos os controles que o produto pode usar"
"Cannot save: empty slot name","Não é possível salvar: nome de slot vazio"
"Save service is shutting down","O serviço de salvamento está encerrando"
"Queued","Na fila"
"Serializing world","Serializando o mundo"
"Compressing","Comprimindo"
"Writing","Gravando"
"Exception while saving: %1","Exceção ao salvar: %1"
"Save cancelled","Salvamento cancelado"
"Done","Concluído"
"Save storage unavailable","Armazenamento de saves indisponível"
"Save slot '%1' is corrupted: %2","O slot de save '%1' está corrompido: %2"
"Exception while loading save '%1': %2","Exceção ao carregar o save '%1': %2"
"Cannot write '%1': %2","Não é possível gravar '%1': %2"
"Failed to write '%1': %2","Falha ao gravar '%1': %2"
"Cannot read '%1': %2","Não é possível ler '%1': %2"
"wood","madeira"
"stone","pedra"
"iron","ferro"
"Maximum troop limit reached. Cannot produce more units.","Limite máximo de tropas atingido. Não é possível produzir mais unidades."
"Not enough manpower. Build homes or wait for families.","Mão de obra insuficiente. Construa casas ou aguarde novas famílias."
"Select your marketplace to trade.","Selecione seu mercado para negociar."
"Marketplace can trade only wood, stone, or iron.","O mercado só negocia madeira, pedra ou ferro."
"Not enough gold to buy %1.","Ouro insuficiente para comprar %1."
"Not enough %1 to sell.","%1 insuficiente para vender."
"Campaign manager not initialized","Gerenciador de campanha não inicializado"
"Failed to load mission","Falha ao carregar a missão"
"Failed to load mission preview: %1","Falha ao carregar a prévia da missão: %1"
"Cannot start skirmish: renderer not initialized","Não é possível iniciar a escaramuça: renderizador não inicializado"
"Save: not initialized","Salvar: não inicializado"
"A save is already in progress","Um salvamento já está em andamento"
"Queued","Na fila"
"Cancelling...","Cancelando..."
"Load: not initialized","Carregar: não inicializado"
"Cannot play replay: %1","Não é possível reproduzir o replay: %1"
"Cannot play replay: unknown launch kind '%1'","Não é possível reproduzir o replay: tipo de início desconhecido ""%1"""
"%1/%2 walls  •  %3 wood","%1/%2 muros  •  %3 madeira"
"Enemy target","Alvo inimigo"
"Cannot attack ally","Não é possível atacar um aliado"
"Cannot attack this target","Não é possível atacar este alvo"
"Selection cannot attack","A seleção não pode atacar"
"In range","No alcance"
"Too close","Perto demais"
"Out of range","Fora de alcance"
"No firing line","Sem linha de tiro"
"Attack","Atacar"
"Select troops first","Selecione tropas primeiro"
"Guard","Guardar"
"Patrol","Patrulhar"
"Stop","Parar"
"Hold","Manter"
"No troops selected","Nenhuma tropa selecionada"
"Orders ready","Ordens prontas"
"Attack order","Ordem de ataque"
"Guard order","Ordem de guarda"
"Patrol order","Ordem de patrulha"
"Medic order","Ordem de cura"
"Engineer order","Ordem de engenharia"
"Collection order","Ordem de coleta"
"Barracks delivery","Entrega ao quartel"
"Formation order","Ordem de formação"
"Rally order","Ordem de reunião"
"Stop command","Comando de parada"
"Attack enemy units or buildings. Only eligible selected troops receive the order.","Ataque unidades ou construções inimigas. Apenas as tropas selecionadas aptas recebem a ordem."
"Attack is not available for the current selection","Atacar não está disponível para a seleção atual"
"Guard a position. Only guard-capable troops receive the order.","Guarde uma posição. Apenas tropas capazes de guardar recebem a ordem."
"Guard is not available for the current selection","Guardar não está disponível para a seleção atual"
"Patrol between waypoints.","Patrulhe entre pontos de rota."
"Patrol is not available for the current selection","Patrulhar não está disponível para a seleção atual"
"Medic","Médico"
"Healers tend nearby allies on their own.","Curandeiros tratam aliados próximos por conta própria."
"Healers automatically heal nearby allies. This is passive, not a manual order.","Curandeiros curam aliados próximos automaticamente. Isso é passivo, não uma ordem manual."
"Select healer units","Selecione unidades curandeiras"
"Stop all actions immediately.","Interrompa todas as ações imediatamente."
"Hold position and defend.","Mantenha a posição e defenda."
"Hold is not available for the current selection","Manter posição não está disponível para a seleção atual"
"Build","Construir"
"Open builder orders and place structures.","Abra as ordens de construção e posicione estruturas."
"Build is only available to builders","Construir só está disponível para construtores"
"Collect","Coletar"
"Click a tree, boulder or ore deposit. Right-click to cancel.","Clique em uma árvore, pedregulho ou depósito de minério. Clique com o botão direito para cancelar."
"Collect is only available to builders","Coletar só está disponível para construtores"
"Deliver","Entregar"
"Click a friendly barracks. Only selected civilians receive the order.","Clique em um quartel aliado. Apenas os civis selecionados recebem a ordem."
"Deliver is only available to civilians","Entregar só está disponível para civis"
"Rally","Reunir"
"The commander plants a rally flag; troops march to it once placed.","O comandante finca um estandarte de reunião; as tropas marcham até ele assim que for posicionado."
"Select a commander to use rally","Selecione um comandante para usar a reunião"
"Gate","Portão"
"Cycle the selected gates: automatic, held open, held shut.","Alterne os portões selecionados: automático, mantido aberto, mantido fechado."
"Select one of your gates to control it","Selecione um dos seus portões para controlá-lo"
"Aura","Aura"
"Temporarily empower nearby troops. A glow marks every affected soldier.","Fortalece temporariamente as tropas próximas. Um brilho marca cada soldado afetado."
"Select a ready commander to activate the aura","Selecione um comandante pronto para ativar a aura"
"Repair order","Ordem de reparo"
"Auto Gather","Coleta Automática"
"Builders keep finding and collecting the nearest resource on their own. Any new order cancels it.","Os construtores continuam achando e coletando o recurso mais próximo sozinhos. Qualquer nova ordem cancela isso."
"Auto Gather is only available to builders","Coleta Automática só está disponível para construtores"
"Repair","Reparar"
"Click a damaged building of yours. Right-click to cancel.","Clique em um edifício seu que esteja danificado. Botão direito cancela."
"Repair is only available to builders","Reparar só está disponível para construtores"
"TARGET","ALVO"
"%n attacking","Um atacando | %n atacando"
"%1%","%1%"
"Commander","Comandante"
"Commander unavailable","Comandante indisponível"
"Choose destination","Escolha o destino"
"Planting flag","Fincando o estandarte"
"Moving commander","Movendo o comandante"
"Flag active","Estandarte ativo"
"Ready","Pronto"
"Left-click a destination to confirm the rally flag.","Clique com o botão esquerdo em um destino para confirmar o estandarte."
"The commander is planting the flag. Interruptions will cancel the rally.","O comandante está fincando o estandarte. Interrupções cancelam a reunião."
"The commander is marching to the chosen point before planting the flag.","O comandante está marchando até o ponto escolhido antes de fincar o estandarte."
"Troops have already received a normal move order to this rally flag.","As tropas já receberam uma ordem normal de movimento para este estandarte."
"Choose a destination, march there, plant the flag, then order all controllable troops there.","Escolha um destino, marche até lá, finque o estandarte e depois ordene que todas as tropas controláveis sigam para lá."
"Cancel Rally Placement","Cancelar posicionamento da reunião"
"Rally In Progress","Reunião em andamento"
"Reposition Rally [R]","Reposicionar reunião [R]"
"Place Rally [R]","Posicionar reunião [R]"
"Vanguard Rush","Investida da vanguarda"
"Explode forward into the focused enemy and open a punish.","Avance explosivamente sobre o inimigo focado e abra uma janela de punição."
"Second Wind","Segundo fôlego"
"Recover posture and stamina, then steady yourself for the next exchange.","Recupere postura e vigor e prepare-se para a próxima troca de golpes."
"Shield Bash","Golpe de escudo"
"Guard-gated stagger burst that punishes enemies crowding your front.","Explosão de atordoamento condicionada à guarda que pune inimigos amontoados à sua frente."
"Command Aura","Aura de comando"
"Temporarily empower nearby troops. A glow marks every affected soldier.","Fortalece temporariamente as tropas próximas. Um brilho marca cada soldado afetado."
"Disconnected","Desconectado"
"Guard broken","Guarda quebrada"
"Punish window","Janela de punição"
"Sprinting","Correndo"
"Steady","Firme"
"COMMANDER","COMANDANTE"
"Frontline command","Comando de linha de frente"
"Aura active","Aura ativa"
"Aura ready","Aura pronta"
"Aura cooling","Aura recarregando"
"HP %1/%2","PV %1/%2"
"STM %1%","VGR %1%"
"Stable","Estável"
"Posture","Postura"
"Chase","Perseguição"
"State: %1","Estado: %1"
"Perfect guard live","Guarda perfeita ativa"
"Finisher primed","Golpe final pronto"
"Aura %1","Aura %1"
"empowers nearby troops","fortalece as tropas próximas"
"is recovering","está se recuperando"
"Camera: %1","Câmera: %1"
"ORDERS","ORDENS"
"ABILITIES","HABILIDADES"
"Rally","Reunir"
"Command Aura Active · %1s","Aura de comando ativa · %1s"
"Activate Command Aura [3]","Ativar aura de comando [3]"
"Command Aura · %1s cooldown","Aura de comando · %1s de recarga"
"Temporarily empower nearby troops. Every affected soldier receives a visible glow.","Fortalece temporariamente as tropas próximas. Cada soldado afetado recebe um brilho visível."
"Combo","Combo"
"%1 [%2]","%1 [%2]"
"COMBAT CONTROLS","CONTROLES DE COMBATE"
"[LMB] Strike  [RMB] Guard","[BEM] Golpear  [BDM] Guardar"
"[Space] Dodge  [Alt] Jump","[Espaço] Esquivar  [Alt] Pular"
"[WASD] Move  [Shift] Sprint","[WASD] Mover  [Shift] Correr"
"[Tab] Cycle Target  [3] Aura  [C] Camera","[Tab] Alternar alvo  [3] Aura  [C] Câmera"
"[R] Rally Orders  [Enter] Return to RTS","[R] Ordens de reunião  [Enter] Voltar ao RTS"
"[F] Bash  [1] Rush  [2] Second Wind","[F] Golpe  [1] Investida  [2] Segundo fôlego"
"[Tab] Target  [1] Rush  [2] Second Wind  [3] Aura  [F] Bash","[Tab] Alvo  [1] Investida  [2] Segundo fôlego  [3] Aura  [F] Golpe"
"[R] Place Rally  [C] Camera  [Enter] Return to RTS","[R] Posicionar reunião  [C] Câmera  [Enter] Voltar ao RTS"
"Rally autopilot engaged until the flag is planted","Piloto automático de reunião ativo até o estandarte ser fincado"
"Combat HUD synced for close-quarters command","HUD de combate sincronizado para comando corpo a corpo"
"First-person command engaged","Comando em primeira pessoa ativado"
"The aura is not ready yet.","A aura ainda não está pronta."
"MINIMAP","MINIMAPA"
"[You]","[Você]"
"Resume","Continuar"
"Pause","Pausar"
"Follow the selection with the camera","Seguir a seleção com a câmera"
"Reset the camera","Redefinir a câmera"
"SPECTATOR","ESPECTADOR"
"Watching a CPU-only match. You cannot issue commands.","Assistindo a uma partida só de CPU. Você não pode dar ordens."
"Population","População"
"Human players","Jogadores humanos"
"AI players","Jogadores de IA"
"Enemies defeated","Inimigos derrotados"
"Minimap","Minimapa"
"(%1/%2)","(%1/%2)"
"Resource and building guide","Guia de recursos e construção"
"Open the field manual (help)","Abrir o manual de campo (ajuda)"
"Battle speed %1","Velocidade de batalha %1"
"Battle speed","Velocidade de batalha"
"Hide the camera controls","Ocultar os controles de câmera"
"Show how to move the camera","Mostrar como mover a câmera"
"Camera controls","Controles de câmera"
"Visible","Visível"
"Explored","Explorado"
"Unseen","Não visto"
"Left click moves the camera, right click orders selected troops.\nVisible: currently scouted, enemies shown.\nExplored: seen before, terrain only.\nUnseen: never scouted.","Clique esquerdo move a câmera, clique direito comanda as tropas selecionadas.\nVisível: sob observação agora, inimigos aparecem.\nExplorado: visto antes, apenas o terreno.\nNão visto: nunca explorado."
"Basics","Fundamentos"
"Economy","Economia"
"Buildings","Edifícios"
"Army","Exército"
"Commander","Comandante"
"Controls","Controles"
"Tutorial","Tutorial"
"Selecting","Selecionar"
"Left-click a unit to select it, or hold the left button and drag a box around several. Hold Ctrl to add to the selection. Selected units show a ring at their feet, and the panel at the bottom lists them by type - click a type to keep only those.","Clique com o botão esquerdo em uma unidade para selecioná-la, ou segure o botão esquerdo e arraste uma caixa em volta de várias. Segure Ctrl para adicionar à seleção. Unidades selecionadas mostram um anel aos pés, e o painel inferior as lista por tipo: clique em um tipo para manter só aquelas."
"Giving orders","Dar ordens"
"Right-click the ground to move, right-click an enemy to attack. The command grid offers Attack, Guard, Patrol, Hold, Stop and the builder and commander orders. A marker shows where troops are going and the banner above the grid confirms each order - or explains why it was refused.","Botão direito no chão para mover, botão direito em um inimigo para atacar. A grade de comandos oferece Atacar, Guarda, Patrulha, Manter, Parar e as ordens de construtor e de comandante. Um marcador mostra para onde as tropas vão e a faixa acima da grade confirma cada ordem, ou explica por que foi recusada."
"Stances","Posturas"
"Guard holds a spot, chases what comes near and returns. Hold stands the ground without pursuing - for archers and spearmen. Patrol walks between two points and engages what crosses the route. Stop cancels everything.","Guarda mantém um ponto, persegue o que se aproxima e volta. Manter segura a posição sem perseguir: para arqueiros e lanceiros. Patrulha anda entre dois pontos e enfrenta o que cruzar a rota. Parar cancela tudo."
"Winning and losing","Vencer e perder"
"Each mission states its own victory and defeat conditions in the Objectives screen (Escape, then Objectives). In every battle your commander must survive: a nation dies with the man who leads it, and a lone commander is already lost.","Cada missão informa suas condições de vitória e derrota na tela de Objetivos (Escape e depois Objetivos). Em toda batalha seu comandante precisa sobreviver: uma nação morre com o homem que a lidera, e um comandante sozinho já está perdido."
"The three materials","Os três materiais"
"Wood comes from pine trees, stone from boulders and iron from ore seams. A builder harvests a node with Collect (or Auto Gather), then carries the load to the stone yard beside a friendly barracks. Only when it is dropped there does the counter in the top bar rise. The yard's piles grow and shrink with your stores.","A madeira vem dos pinheiros, a pedra das rochas e o ferro dos veios de minério. Um construtor colhe um nó com Coletar (ou Coleta automática) e depois leva a carga ao pátio de pedra ao lado de um quartel aliado. Só quando ela é deixada ali o contador da barra superior sobe. As pilhas do pátio crescem e diminuem com seus estoques."
"Gold and trade","Ouro e comércio"
"Gold comes with the camp and cannot be mined. A marketplace lets you buy materials for gold and sell surplus for it; a temple costs gold to raise.","O ouro vem com o acampamento e não pode ser minerado. Um mercado permite comprar materiais com ouro e vender excedentes por ouro; um templo custa ouro para ser erguido."
"Costs","Custos"
"Every card - recruit or building - lists its price. A grey card means something is short; hover it to read what. Homes cost 50 wood and 15 stone, a barracks 100 wood and 60 stone, a defence tower 60 wood and 80 stone; soldiers cost a little wood and iron plus population.","Cada cartão, de recruta ou de edifício, mostra seu preço. Um cartão cinza significa que algo está faltando; passe o mouse para ler o quê. Casas custam 50 de madeira e 15 de pedra, um quartel 100 de madeira e 60 de pedra, uma torre de defesa 60 de madeira e 80 de pedra; soldados custam um pouco de madeira e ferro mais população."
"Placing a structure","Posicionar uma estrutura"
"Select a builder and press Build to open the structure list. Move the outline over the ground: green means flat, clear ground; red means it is blocked by another building, water or a slope. Scroll to rotate, left-click to confirm, right-click to cancel. The builder walks over and works until it stands.","Selecione um construtor e pressione Construir para abrir a lista de estruturas. Mova o contorno sobre o terreno: verde significa terreno plano e livre; vermelho significa que está bloqueado por outro edifício, água ou uma encosta. Role para girar, botão esquerdo para confirmar, botão direito para cancelar. O construtor vai até lá e trabalha até a estrutura ficar de pé."
"What each building does","O que cada edifício faz"
"Barracks recruit soldiers and hold your stockpile yard. Homes raise families and civilians. Defence towers shoot at anything in range. Marketplaces trade. Temples strengthen morale. Walls and gates shape the field; gates open for your own troops.","Quartéis recrutam soldados e abrigam seu pátio de estoque. Casas criam famílias e civis. Torres de defesa atiram em tudo ao alcance. Mercados comerciam. Templos fortalecem a moral. Muralhas e portões moldam o campo; os portões se abrem para as suas próprias tropas."
"Repair and dismantle","Reparar e desmontar"
"A damaged building can be repaired by a builder with the Repair order. Buildings you no longer need can be dismantled from their panel.","Um edifício danificado pode ser reparado por um construtor com a ordem Reparar. Edifícios de que você não precisa mais podem ser desmontados pelo painel deles."
"Recruiting","Recrutamento"
"Left-click a barracks and pick a soldier. Recruits queue up to five deep and march out to the rally flag. Each costs population from the barracks' own pool as well as materials.","Clique com o botão esquerdo em um quartel e escolha um soldado. Os recrutas formam fila de até cinco e saem para a bandeira de reunião. Cada um custa população da reserva própria do quartel, além de materiais."
"Population","População"
"A barracks starts with a pool of population and spends it on every recruit. Homes refill it: each Home raises families over time, a civilian can be recruited there and sent to the barracks with Deliver, and the pool grows. The top bar shows your army against the map's overall cap.","Um quartel começa com uma reserva de população e a gasta em cada recruta. As casas a repõem: cada casa cria famílias com o tempo, um civil pode ser recrutado ali e enviado ao quartel com Entregar, e a reserva cresce. A barra superior mostra seu exército contra o limite total do mapa."
"Formations and lines","Formações e linhas"
"Spearmen hold a line, archers punish from behind it, cavalry breaks flanks, healers mend nearby wounded on their own. The Formation order arranges a mixed selection into a proper line; Run trades stamina for speed.","Lanceiros seguram a linha, arqueiros punem de trás dela, a cavalaria rompe os flancos, curandeiros tratam sozinhos os feridos próximos. A ordem Formação organiza uma seleção mista em uma linha de verdade; Correr troca vigor por velocidade."
"The standard","O estandarte"
"Your commander carries the standard. Troops close to him fight with higher morale, and morale decides who breaks first. Keep him behind the spears: if he falls the mission is lost.","Seu comandante carrega o estandarte. Tropas perto dele lutam com mais moral, e a moral decide quem cede primeiro. Mantenha-o atrás das lanças: se ele cair, a missão está perdida."
"Aura and Rally","Aura e Reunião"
"With the commander selected, Aura briefly empowers every soldier around him and then recharges. Rally plants a flag that your army marches to - useful for pulling a scattered force back into a line.","Com o comandante selecionado, Aura fortalece brevemente todo soldado ao redor dele e depois recarrega. Reunião finca uma bandeira para a qual seu exército marcha: útil para trazer uma força dispersa de volta à linha."
"Taking direct control","Assumir o controle direto"
"Where the mission allows it, you can step into the commander's boots and lead from the field. The controls for that mode are listed under Controls.","Quando a missão permite, você pode calçar as botas do comandante e liderar de dentro do campo. Os controles desse modo estão listados em Controles."
"Pace and view","Ritmo e visão"
"Field manual","Manual de campo"
"Field Manual","Manual de campo"
"Close the field manual","Fechar o manual de campo"
"unbound","não atribuído"
"The tutorial is a guided first battle on a small meadow. Each step names one goal, tells you when it is done, and explains why an order is refused. Steps can be paused, skipped and replayed at any time.","O tutorial é uma primeira batalha guiada em uma pequena campina. Cada etapa nomeia uma meta, avisa quando ela foi cumprida e explica por que uma ordem é recusada. As etapas podem ser pausadas, puladas e repetidas a qualquer momento."
"%1. %2","%1. %2"
"Start the tutorial","Iniciar o tutorial"
"Show tutorial card","Mostrar o cartão do tutorial"
"Restart the steps","Reiniciar as etapas"
"Close","Fechar"
"The top-left buttons pause the battle and set the speed, from half up to quadruple; Space pauses too, and + and - step through the speeds. The active speed stays lit while paused and can be changed there. Move the camera with the arrow keys or WASD, or push the mouse to the screen edge; scroll to zoom, Q and E to rotate; the reset button returns to your camp and Follow keeps the camera on your selection.","Os botões no canto superior esquerdo pausam a batalha e definem a velocidade, de metade até o quádruplo; a barra de espaço também pausa, e + e - percorrem as velocidades. A velocidade ativa continua destacada durante a pausa e pode ser alterada ali. Mova a câmera com as setas ou WASD, ou empurre o mouse até a borda da tela; role para aproximar, Q e E giram; o botão de redefinir volta ao seu acampamento e Seguir mantém a câmera na sua seleção."
"Camera","Câmera"
"Unbound","Sem atalho"
"Mouse Left","Mouse esquerdo"
"Mouse Right","Mouse direito"
"Mouse Middle","Mouse do meio"
"Mouse Back","Mouse voltar"
"Mouse Forward","Mouse avançar"
"%1 of %2","%1 de %2"
"Pick a target","Escolha um alvo"
"OK","OK"
"Battle Report","Relatório de Batalha"
"The Campaign is Won","A Campanha Está Vencida"
"Victory Secured","Vitória Garantida"
"Army Broken","Exército Destroçado"
"Every mission has fallen to your standard.","Todas as missões caíram diante do seu estandarte."
"Enemy command has fallen.","O comando inimigo caiu."
"Your command has collapsed.","Seu comando ruiu."
"Search","Buscar"
"Selected units","Unidades selecionadas"
"SELECTION","SELEÇÃO"
"SELECTED UNIT","UNIDADE SELECIONADA"
"SELECTED FORCE","FORÇA SELECIONADA"
"%1 soldiers ready","%1 soldados prontos"
"1 unit","1 unidade"
"%1 units","%1 unidades"
"%1 units  ·  %2 types","%1 unidades  ·  %2 tipos"
"Drag a box over your troops, or click a unit","Arraste uma caixa sobre suas tropas ou clique em uma unidade"
"HEALTH","VIDA"
"%1%","%1%"
"STAMINA","VIGOR"
"%1 wounded","%1 ferido(s)"
"(mixed)","(misto)"
"YOUR BUILDING","SEU EDIFÍCIO"
"YOUR UNIT","SUA UNIDADE"
"ENEMY BUILDING","EDIFÍCIO INIMIGO"
"ENEMY UNIT","UNIDADE INIMIGA"
"BUILDING","EDIFÍCIO"
"UNIT","UNIDADE"
"Under attack by %n of your units","Sob ataque de %n das suas unidades | Sob ataque de %n das suas unidades"
"Not engaged by your army","Seu exército não o está atacando"
"Under attack by %n enemies","Sob ataque de %n inimigo | Sob ataque de %n inimigos"
"Not under attack","Não está sob ataque"
"Enemy","Inimigo"
"Yours","Seu"
"Neutral","Neutro"
"%1 / %2","%1 / %2"
"ATK","ATQ"
"RNG","ALC"
"SPD","VEL"
"Show what this unit is for","Mostrar para que serve esta unidade"
"Unit details","Detalhes da unidade"
"Map load failed: %1","Falha ao carregar o mapa: %1"
"Prewarming templates: scanning unit profiles...","Pré-aquecendo modelos: analisando perfis de unidade..."
"Prewarming templates: %1 / %2","Pré-aquecendo modelos: %1 / %2"
"Queued deferred template warmup (%1 additional)","Pré-aquecimento adiado de modelos enfileirado (%1 adicionais)"
"Template warmup complete (%1 core, %2 total)","Pré-aquecimento de modelos concluído (%1 essenciais, %2 no total)"
"Template warmup cancelled","Pré-aquecimento de modelos cancelado"
"Load Game","Carregar jogo"
"Cancel","Cancelar"
"No saves found","Nenhum jogo salvo encontrado"
"No Preview","Sem prévia"
"Load","Carregar"
"Delete","Excluir"
"Confirm Delete","Confirmar exclusão"
"Are you sure you want to delete the save:\n""%1""?\n\nThis action cannot be undone.","Tem certeza de que deseja excluir o jogo salvo:\n""%1""?\n\nEsta ação não pode ser desfeita."
"%1h %2m","%1h %2m"
"%1m","%1m"
"Campaign","Campanha"
"Skirmish","Escaramuça"
"%1 - autosave","%1 - salvamento automático"
"%1 - quicksave","%1 - salvamento rápido"
"%1 · %2","%1 · %2"
"Saved %1","Salvo em %1"
"Played %1","Jogado %1"
"Export","Exportar"
"Exported to %1","Exportado para %1"
"Export failed","Falha na exportação"
"Verify","Verificar"
"Verification Passed","Verificação aprovada"
"Verification Failed","Verificação reprovada"
"""%1"" is intact. The save file has not been corrupted.","""%1"" está íntegro. O arquivo de save não foi corrompido."
"""%1"" is corrupted and cannot be loaded. The save failed its integrity check.","""%1"" está corrompido e não pode ser carregado. O save falhou na verificação de integridade."
"Import...","Importar..."
"Save Verification","Verificação do save"
"Import Save","Importar save"
"Save files found in the exports folder:","Arquivos de save encontrados na pasta de exportações:"
"Import","Importar"
"Imported as ""%1""","Importado como ""%1"""
"Import failed","Falha na importação"
"No importable save files were found.","Nenhum arquivo de save importável foi encontrado."
"Untitled Save","Jogo salvo sem título"
"Unknown Map","Mapa desconhecido"
"Pick a saved game first.","Escolha primeiro um jogo salvo."
"Loading...","Carregando..."
"Not Started","Não iniciado"
"Initializing...","Inicializando..."
"Loading Map Data...","Carregando dados do mapa..."
"Loading Terrain...","Carregando terreno..."
"Loading Biome...","Carregando bioma..."
"Loading Water Features...","Carregando corpos d'água..."
"Loading Roads...","Carregando estradas..."
"Loading Environment...","Carregando ambiente..."
"Loading Fog...","Carregando névoa..."
"Loading Units & Buildings...","Carregando unidades e construções..."
"Loading Audio...","Carregando áudio..."
"Generating Minimap...","Gerando minimapa..."
"Initializing Game Systems...","Inicializando sistemas de jogo..."
"Finalizing...","Finalizando..."
"Complete","Concluído"
"Failed","Falhou"
"Unknown","Desconhecido"
"Standard of Iron - RTS Game","Standard of Iron - Jogo de RTS"
"PAUSED","PAUSADO"
"Press Space to resume","Pressione Espaço para continuar"
"Error","Erro"
"STANDARD OF IRON","STANDARD OF IRON"
"Save Game","Salvar jogo"
"Load Game","Carregar jogo"
"Settings","Configurações"
"Exit","Sair"
"Play Skirmish","Jogar escaramuça"
"Choose the field and deploy armies","Escolha o campo e posicione os exércitos"
"Battle","Batalha"
"Campaign","Campanha"
"March through the Second Punic War","Marche através da Segunda Guerra Púnica"
"War Map","Mapa de guerra"
"Objectives","Objetivos"
"Review active orders","Revise as ordens ativas"
"Orders","Ordens"
"Record the current campaign state","Registre o estado atual da campanha"
"Archive","Arquivo"
"Return to a saved command","Retorne a um comando salvo"
"Return","Retornar"
"Display, audio, and controls","Vídeo, áudio e controles"
"Options","Opções"
"Leave the war table","Deixe a mesa de guerra"
"Retire","Retirar-se"
"Rome and Carthage at the edge of empire","Roma e Cartago à beira do império"
"SECOND PUNIC WAR","SEGUNDA GUERRA PÚNICA"
"Legions, fleets, elephants, and contested supply lines","Legiões, frotas, elefantes e linhas de suprimento disputadas"
"SPQR","SPQR"
"QART-HADAST","QART-HADAST"
"Enter","Enter"
"Esc","Esc"
"Navigate","Navegar"
"Confirm","Confirmar"
"Resume battle","Retomar batalha"
"Hannibal Barca","Aníbal Barca"
"Scipio Africanus","Cipião Africano"
"CARTHAGE","CARTAGO"
"ROME","ROMA"
"Tutorial","Tutorial"
"Learn to command in a guided first battle","Aprenda a comandar em uma primeira batalha guiada"
"Training","Treinamento"
"Field Manual","Manual de campo"
"How selection, economy, buildings and armies work","Como funcionam a seleção, a economia, os edifícios e os exércitos"
"Help","Ajuda"
"Maps","Mapas"
"No maps available","Nenhum mapa disponível"
"Map Preview","Prévia do mapa"
"Player bases shown as colored circles","As bases dos jogadores aparecem como círculos coloridos"
"Select a map\nto see preview","Selecione um mapa\npara ver a prévia"
"No preview available","Nenhuma prévia disponível"
"Maps","Mapas"
"No maps available","Nenhum mapa disponível"
"Loading maps...","Carregando mapas..."
"► %1","► %1"
"Select a map to continue","Selecione um mapa para continuar"
"Loading map details...","Carregando detalhes do mapa..."
"No Map Selected","Nenhum mapa selecionado"
"Players","Jogadores"
"• Click color/team to cycle","• Clique na cor/equipe para alternar"
"Player color: %1 - Click to change","Cor do jogador: %1 - clique para alterar"
"Color","Cor"
"Team %1 - Click to change","Equipe %1 - clique para alterar"
"Team %1","Equipe %1"
"Remove player","Remover jogador"
"+ Add CPU","+ Adicionar CPU"
"Add AI opponent","Adicionar oponente de IA"
"Back","Voltar"
"Return to main menu (Esc)","Voltar ao menu principal (Esc)"
"Play","Jogar"
"Start game (Enter)","Iniciar jogo (Enter)"
"Roman Republic","República Romana"
"Commander","Comandante"
"• Click nation tag to change","• Clique na etiqueta da nação para alterar"
"Disable player (spectator mode)","Desativar jogador (modo espectador)"
"Enable player","Ativar jogador"
"Nation: %1 - Click to change","Nação: %1 - clique para alterar"
"Nation","Nação"
"Commander: %1 - Click to change","Comandante: %1 - clique para alterar"
"Available Player Slots: %1","Vagas de jogador disponíveis: %1"
"Select your player ID:","Selecione seu ID de jogador:"
"ID %1","ID %1"
"All other slots will be CPU-controlled","Todas as outras vagas serão controladas pela CPU"
"CPU will control: ID %1","A CPU controlará: ID %1"
", ID",", ID"
"Need at least 1 enabled player to start","É necessário pelo menos 1 jogador ativado para começar"
"Need at least 2 enabled players to start","São necessários pelo menos 2 jogadores ativados para começar"
"At least two teams must be selected to start a match","Pelo menos duas equipes precisam ser selecionadas para iniciar uma partida"
"Every slot on this map is taken","Todas as posições deste mapa estão ocupadas"
"Player %1","Jogador %1"
"CPU %1","CPU %1"
"Player %1","Jogador %1"
"AI Player %1","Jogador de IA %1"
"Unnamed Map","Mapa sem nome"
"A balanced Mediterranean skirmish map set among olive groves, dry wadis, terraced hills, and dusty farm roads. Control of the center and side ridges helps, but victory is standard barracks elimination.","Um mapa de escaramuça mediterrâneo equilibrado, entre olivais, uádis secos, colinas em terraços e estradas rurais poeirentas. Controlar o centro e as cristas laterais ajuda, mas a vitória se dá pela eliminação padrão dos quartéis."
"A large balanced mountain skirmish map with two fortified bases, a contested central ridge, narrow high passes, flank trails, alpine streams, and strong archer positions. Victory is standard barracks elimination.","Um grande mapa de escaramuça montanhosa equilibrado, com duas bases fortificadas, uma crista central disputada, passagens altas e estreitas, trilhas de flanco, riachos alpinos e boas posições para arqueiros. A vitória se dá pela eliminação padrão dos quartéis."
"A rich strategic crossroads map with contested central bridges, neutral corner barracks, flank routes, and high ground around key crossings.","Um rico mapa estratégico de encruzilhada, com pontes centrais disputadas, quartéis neutros nos cantos, rotas de flanco e elevações ao redor das travessias principais."
"Battle of Cannae","Batalha de Canas"
"Battle of Lake Trasimene","Batalha do Lago Trasimeno"
"Battle of Ticino","Batalha do Ticino"
"Battle of Trebia","Batalha do Trébia"
"Battle of Zama","Batalha de Zama"
"Campania Campaign","Campanha da Campânia"
"Crossing the Alps","A Travessia dos Alpes"
"Crossing the Rhone - Polished Maze Version","A Travessia do Ródano – versão labirinto revisada"
"Forest Battlefield","Campo de Batalha da Floresta"
"Iron Sepulcher Watch","Vigília do Sepulcro de Ferro"
"Mountain Strongholds","Fortalezas da Montanha"
"River Crossroads","Encruzilhada do Rio"
"Small authored scenario that demonstrates ruins, a shrine, and undead awakening zones.","Pequeno cenário autoral que apresenta ruínas, um santuário e zonas de despertar de mortos-vivos."
"Spanish Olive Grove","Olival Espanhol"
"A dense symmetrical forest battlefield for two active players, built around road reading, ambush forests, hill control, side objectives, and two neutral barracks. There are no rivers, bridges, or mountains. Roads deliberately route around hills instead of crossing over them.","Um campo de batalha florestal denso e simétrico para dois jogadores ativos, construído em torno da leitura das estradas, bosques de emboscada, controle das colinas, objetivos secundários e dois quartéis neutros. Não há rios, pontes ou montanhas. As estradas contornam as colinas de propósito, em vez de atravessá-las."
"A quiet meadow between a Carthaginian camp and a Roman outpost, laid out for the tutorial: timber, stone and ore within a short walk of the barracks, a scouting party to practise on, and a small enemy camp to take once the army is ready.","Uma campina tranquila entre um acampamento cartaginês e um posto avançado romano, preparada para o tutorial: madeira, pedra e minério a uma curta caminhada do quartel, um grupo de batedores para praticar e um pequeno acampamento inimigo para tomar quando o exército estiver pronto."
"Training Meadow","Campina de Treinamento"
"Loading map…","Carregando mapa…"
"Tilt -","Inclinar -"
"Tilt +","Inclinar +"
"Reset view","Redefinir visão"
"Control:","Controle:"
"Legend","Legenda"
"Rome","Roma"
"Carthage","Cartago"
"Neutral","Neutro"
"Mission Region","Região da missão"
"Rhône","Ródano"
"N. Italy","Norte da Itália"
"Trasimene","Trasimeno"
"Cannae","Canas"
"Zama","Zama"
"The Alps","Os Alpes"
"Campania","Campânia"
"S. Italy","Sul da Itália"
"Arrows pan  ·  Drag to rotate  ·  Scroll or +/- to zoom  ·  Home resets","Setas deslocam  ·  Arraste para girar  ·  Role ou +/− para ampliar  ·  Home redefine"
"Suffete Command","Comando dos sufetas"
"Consular Command","Comando consular"
"Carthaginian High Command","Alto-comando cartaginês"
"Roman High Command","Alto-comando romano"
"Unknown","Desconhecido"
"Sealed","Selada"
"In Progress","Em andamento"
"Rewards: Sealed until prior victories","Recompensas: seladas até vitórias anteriores"
"Rewards: Laurels Inscribed • Veteran Honors Claimed","Recompensas: louros inscritos • honras de veterano recebidas"
"Rewards: Bronze Standard • Veteran Cohort","Recompensas: estandarte de bronze • coorte veterana"
"Dispatch:","Despacho:"
"Campaign Objectives (complete all):","Objetivos da campanha (cumpra todos):"
"Campaign Objectives (complete any):","Objetivos da campanha (cumpra qualquer um):"
"Campaign Objectives:","Objetivos da campanha:"
"Complete mission objective","Cumpra o objetivo da missão"
"Optional:","Opcional:"
"Complete optional objective","Cumpra o objetivo opcional"
"Failure:","Derrota:"
"Avoid mission failure","Evite o fracasso da missão"
"• Complete the mission successfully","• Conclua a missão com sucesso"
"Army Composition:","Composição do exército:"
"Historical Ledger:","Registro histórico:"
"Casualties Forecast:","Previsão de baixas:"
"Tactical Rating:","Classificação tática:"
"Campaign Success:","Sucesso da campanha:"
"Opposition Command","Comando adversário"
"Field Command Pending","Comando de campo pendente"
"No named commander assigned to this force.","Nenhum comandante nomeado foi designado a esta força."
"Orders sealed until prior victories are secured.","Ordens seladas até que as vitórias anteriores sejam garantidas."
"Victory recorded. You may replay this engagement at will.","Vitória registrada. Você pode rejogar este confronto quando quiser."
"Orders issued. Deploy when ready.","Ordens emitidas. Implante quando estiver pronto."
"Replay Mission","Rejogar missão"
"Start Mission","Iniciar missão"
"Complete previous missions to unlock","Conclua as missões anteriores para desbloquear"
"Locked","Bloqueada"
"✓ Completed","✓ Concluída"
"Apulian river plain","Planície fluvial da Apúlia"
"Campanian plain","Planície da Campânia"
"Lakeside hill country","Colinas à beira do lago"
"Mountain","Montanha"
"North African plain","Planície norte-africana"
"Po valley river plain","Planície fluvial do vale do Pó"
"River valley","Vale fluvial"
"Winter river plain","Planície fluvial de inverno"
"its shortcut","o atalho correspondente"
"Battle tempo: the speed buttons sit on the top bar beside pause, from %1 up to %2. Press %3 or %4 to change speed without leaving the field.","Ritmo da batalha: os botões de velocidade ficam na barra superior ao lado da pausa, de %1 até %2. Pressione %3 ou %4 para mudar a velocidade sem sair do campo."
"✓ Archived","✓ Arquivada"
"Sealed","Selada"
"Open Order","Ordem aberta"
"Difficulty:","Dificuldade:"
"east","leste"
"west","oeste"
"south","sul"
"north","norte"
"southeast","sudeste"
"northeast","nordeste"
"southwest","sudoeste"
"northwest","noroeste"
"Enemy","Inimigo"
"Assault phase %1/%2: %3 from the %4 (%5 units)","Fase de assalto %1/%2: %3 vindo do %4 (%5 unidades)"
"Wave %1/%2 forming to the %3: %4, roughly %5 troops. Brace.","Onda %1/%2 formando-se a %3: %4, cerca de %5 soldados. Preparem-se."
"Wave %1/%2 broken. The line holds.","Onda %1/%2 destroçada. A linha resiste."
"All %1 assault phases broken. Nothing else is coming.","Todas as %1 fases de assalto destroçadas. Não vem mais nada."
"Player %1","Jogador %1"
"AI Player %1","Jogador de IA %1"
"AI Wave %1","Onda de IA %1"
"202 BC: Scipio arranged lanes through his infantry to blunt Hannibal's elephants, while Masinissa and Laelius commanded superior allied cavalry. The returning cavalry helped decide the battle. The Sepulcher intervention is the campaign's deliberate dark-fantasy break from history.","202 a.C.: Cipião abriu corredores em sua infantaria para conter os elefantes de Aníbal, enquanto Masinissa e Lélio comandavam uma cavalaria aliada superior. O retorno dessa cavalaria ajudou a decidir a batalha. A intervenção do Sepulcro é a ruptura deliberada da campanha com a história, em chave de fantasia sombria."
"215-212 BC: Hannibal campaigned across Campania while Capua served as his principal Italian ally and winter base. This dark-fantasy composite condenses several Roman attempts to contain and isolate the Carthaginian army.","215–212 a.C.: Aníbal fez campanha por toda a Campânia, tendo Cápua como principal aliada itálica e base de inverno. Esta composição de fantasia sombria condensa várias tentativas romanas de conter e isolar o exército cartaginês."
"216 BC: beside the Aufidus, Hannibal's deliberately yielding center drew a much larger Roman infantry mass forward while African infantry attacked its flanks and Carthaginian cavalry closed the rear. Two Roman camps supported the army.","216 a.C.: junto ao Áufido, o centro púnico cedeu de propósito e atraiu para a frente uma massa de infantaria romana muito maior, enquanto a infantaria africana atacava seus flancos e a cavalaria cartaginesa fechava a retaguarda. Dois acampamentos romanos davam apoio ao exército."
"217 BC: Hannibal drew Gaius Flaminius along the narrow northern shore of Lake Trasimene and attacked from concealed high ground in morning mist. The Roman marching column had little room to deploy and Flaminius was killed.","217 a.C.: Aníbal atraiu Caio Flamínio pela estreita margem norte do Lago Trasimeno e atacou de posições elevadas ocultas em meio à névoa matinal. A coluna de marcha romana teve pouco espaço para se desdobrar e Flamínio foi morto."
"218 BC: Hannibal crossed the Alps with a multinational army, cavalry, baggage train, and surviving elephants. Ancient sources disagree on the route; this scenario combines contested passes and local attacks into one dark-fantasy ascent.","218 a.C.: Aníbal atravessou os Alpes com um exército multinacional, cavalaria, comboio de bagagens e os elefantes sobreviventes. As fontes antigas divergem quanto ao trajeto; este cenário reúne passagens disputadas e ataques locais em uma única subida de fantasia sombria."
"218 BC: Hannibal crossed the Rhône upstream from its mouth using boats, rafts, and a detached force sent across to turn local opposition. Scipio arrived too late; this altered history places Roman advance camps on the far-bank road to create the opening Carthage-versus-Rome engagement.","218 a.C.: Aníbal atravessou o Ródano acima de sua foz, usando barcos, jangadas e um destacamento enviado à outra margem para flanquear a oposição local. Cipião chegou tarde demais; esta história alterada coloca acampamentos avançados romanos na estrada da margem oposta, criando o primeiro embate entre Cartago e Roma."
"218 BC: the Ticinus was primarily a cavalry engagement between reconnaissance forces. Roman consul Publius Cornelius Scipio was wounded and rescued during the retreat; the camp assault is a plausible dark-fantasy extension of that pursuit.","218 a.C.: o Ticino foi sobretudo um combate de cavalaria entre forças de reconhecimento. O cônsul romano Públio Cornélio Cipião foi ferido e resgatado durante a retirada; o assalto ao acampamento é uma extensão plausível dessa perseguição, em chave de fantasia sombria."
"A broad river operation with ferries, wooded detours, bridgeheads, and fortified supply quarters; the Iron Sepulcher occupies an avoidable ruin on the southern flank.","Uma ampla operação fluvial com balsas, desvios arborizados, cabeças de ponte e quartéis de suprimento fortificados; o Sepulcro de Ferro ocupa uma ruína evitável no flanco sul."
"A commander alone cannot defend a city quarter.","Um comandante sozinho não defende um quarteirão da cidade."
"A general alone on a dead field is just the last corpse standing.","Um general sozinho num campo morto é apenas o último cadáver de pé."
"After Cannae, Rome refuses the battle Hannibal wants. The Republic instead presses every road, ally, granary, and walled town. Beneath the orchards, Iron Sepulcher graves make even a successful defense feel temporary.","Depois de Canas, Roma recusa a batalha que Aníbal deseja. Em vez disso, a República pressiona cada estrada, aliado, celeiro e cidade murada. Sob os pomares, as sepulturas do Sepulcro de Ferro fazem até uma defesa bem-sucedida parecer provisória."
"Battle of Cannae","Batalha de Canas"
"Battle of Lake Trasimene","Batalha do Lago Trasimeno"
"Battle of Ticino","Batalha do Ticino"
"Battle of Trebia","Batalha do Trébia"
"Battle of Zama","Batalha de Zama"
"Between assaults, seize the eastern Roman siege camp.","Entre os assaltos, tome o acampamento de cerco romano a leste."
"Break all three Roman assault phases. The quarter holds when the last consular column is dead in the streets.","Rompa as três fases de assalto romanas. O quarteirão resiste quando a última coluna consular jazer morta nas ruas."
"Break both Iron Sepulcher attacks. At Zama, the dead no longer remain outside the battle.","Rompa os dois ataques do Sepulcro de Ferro. Em Zama, os mortos já não ficam de fora da batalha."
"Break three Roman columns before the survivors find the ford again.","Rompa três colunas romanas antes que os sobreviventes reencontrem o vau."
"Burn every cursed guardian from the sepulcher ruins. Kill what cannot die.","Queime todo guardião amaldiçoado nas ruínas do sepulcro. Mate o que não pode morrer."
"Clear the pass before the mountain closes it. Every hour lost is more men fed to the cold.","Limpe a passagem antes que a montanha a feche. Cada hora perdida é mais gente entregue ao frio."
"Cross before the Roman runners reach their garrison. Every second spent waiting feeds the blade.","Atravesse antes que os mensageiros romanos alcancem sua guarnição. Cada segundo de espera alimenta a lâmina."
"Cross the Rhône by one of several prepared routes, sever the eastern supply road, and capture two Roman advance camps before Scipio reaches the river.","Atravesse o Ródano por uma das várias rotas preparadas, corte a estrada de suprimentos a leste e capture dois acampamentos avançados romanos antes que Cipião chegue ao rio."
"Crossing the Alps","A Travessia dos Alpes"
"Crossing the Rhône","A Travessia do Ródano"
"Crush all three Roman camps and seal the iron tomb shut. No escape.","Esmague os três acampamentos romanos e sele o túmulo de ferro. Sem fuga."
"Crush both Roman breakout columns before they claw through the hillside.","Esmague as duas colunas romanas de rompimento antes que abram caminho pela encosta."
"Cut timber for the sledges, break stone for the road, and draw iron for the shoes and axles. The column crosses on what your builders can carry.","Corte madeira para os trenós, quebre pedra para a estrada e extraia ferro para as ferraduras e os eixos. A coluna atravessa com aquilo que seus construtores conseguirem carregar."
"December 218 BC: Hannibal provoked Tiberius Sempronius Longus into crossing the cold Trebia before breakfast. Carthaginian infantry, cavalry, elephants, and Mago's hidden detachment struck the exhausted Roman army from front, flanks, and rear.","Dezembro de 218 a.C.: Aníbal provocou Tibério Semprônio Longo a atravessar o gélido Trébia antes do desjejum. Infantaria, cavalaria e elefantes cartagineses, somados ao destacamento oculto de Magão, golpearam o exausto exército romano pela frente, pelos flancos e pela retaguarda."
"Defend Hannibal's fortified Campanian supply town and break all three coordinated Roman assaults arriving from separate consular roads.","Defenda a cidade de suprimentos campânia fortificada de Aníbal e rompa os três assaltos romanos coordenados, que chegam por estradas consulares distintas."
"Drive the dead from the shrine. Salt the earth where they stood.","Expulse os mortos do santuário. Salgue a terra onde estiveram."
"Endure both waves from the depths. Do not flinch when the ground tears open.","Suporte as duas ondas vindas das profundezas. Não recue quando o solo se rasgar."
"Every soldier lost is counted by the enemy tonight.","Cada soldado perdido será contado pelo inimigo esta noite."
"Execute the encirclement, then seize all three Roman camps before their reserves can restore the line.","Execute o cerco e então tome os três acampamentos romanos antes que suas reservas restaurem a linha."
"Final battle in Africa: blunt Scipio's line, survive the Numidian cavalry, and seize all four Roman camps while breaking both risings of the dead.","Batalha final na África: contenha a linha de Cipião, sobreviva à cavalaria númida e tome os quatro acampamentos romanos enquanto rompe as duas revoltas dos mortos."
"First battle on Italian soil. Win the cavalry duel, then seize the Roman reserve camp before fresh reinforcements regroup.","Primeira batalha em solo itálico. Vença o duelo de cavalaria e então tome o acampamento de reserva romano antes que reforços frescos se reagrupem."
"Hannibal falls, and the allied towns abandon the field.","Aníbal tomba, e as cidades aliadas abandonam o campo."
"Hannibal's first Italian victory is a test of tempo and cavalry control. Ford-shades complicate the flanks but do not replace the Roman enemy.","A primeira vitória itálica de Aníbal é um teste de ritmo e controle de cavalaria. As sombras do vau complicam os flancos, mas não substituem o inimigo romano."
"Hannibal's masterpiece becomes a prolonged operational battle, not a single frontal collision.","A obra-prima de Aníbal se torna uma batalha operacional prolongada, e não um único choque frontal."
"Hold the river line and break all three Roman crossings. Let the cold and the water do the work Sempronius will not.","Mantenha a linha do rio e rompa as três travessias romanas. Deixe que o frio e a água façam o trabalho que Semprônio não fará."
"Hold the ruins. Force the Romans to fight on two grounds at once.","Mantenha as ruínas. Force os romanos a lutar em dois terrenos ao mesmo tempo."
"Hold the southern bank through all three crossings. Sempronius spends his army on the ice; you have only to still be standing.","Mantenha a margem sul durante as três travessias. Semprônio gasta seu exército no gelo; a você basta continuar de pé."
"If the central camp falls, the Campanian alliance dies with it.","Se o acampamento central cair, a aliança campânia morre com ele."
"Investigate the cursed shrine, survive the awakening, and clear the ruins.","Investigue o santuário amaldiçoado, sobreviva ao despertar e limpe as ruínas."
"Iron Sepulcher Watch","Vigília do Sepulcro de Ferro"
"Lose the river camp and the cold takes what the Romans couldn't.","Perca o acampamento do rio e o frio levará o que os romanos não conseguiram."
"Lose the supply camp and the army starves before it reaches the snow line.","Perca o acampamento de suprimentos e o exército passará fome antes de alcançar a linha da neve."
"Lose your camp and the tempo dies with it.","Perca seu acampamento e o ritmo morre com ele."
"No living formation remains to hold the gates.","Não resta formação viva alguma para guardar os portões."
"Preserve the market and four homes: Campania is being defended for its people and supplies, not merely its walls.","Preserve o mercado e quatro casas: a Campânia está sendo defendida por seu povo e seus suprimentos, não apenas por suas muralhas."
"Provision the column for the descent: harvest timber, stone and iron from the pass while the mountain tribes contest every switchback.","Abasteça a coluna para a descida: colha madeira, pedra e ferro na passagem enquanto as tribos da montanha disputam cada curva."
"Raze every Roman post. Leave Scipio nothing to rally behind.","Arrase todo posto romano. Não deixe a Cipião nada atrás do que se reagrupar."
"Seal the road. Let no scout cross the Ticino alive.","Feche a estrada. Que nenhum batedor atravesse o Ticino com vida."
"Seize all four Roman camps — the consular line, Masinissa's Numidians, the rear guard, and the northern camp — before the cavalry closes your rear.","Tome os quatro acampamentos romanos — a linha consular, os númidas de Masinissa, a retaguarda e o acampamento do norte — antes que a cavalaria feche sua retaguarda."
"Seize both Roman camps. The ambush is not finished until their flags come down.","Tome os dois acampamentos romanos. A emboscada só termina quando os estandartes deles caírem."
"Seize the two river forts. Leave no crossing for Scipio's army to inherit.","Tome os dois fortes ribeirinhos. Não deixe travessia alguma para o exército de Cipião herdar."
"Spring the ambush and capture both Roman field camps within twenty minutes, before the mist lifts and a cohort escapes the basin.","Dispare a emboscada e capture os dois acampamentos de campo romanos em vinte minutos, antes que a névoa se levante e uma coorte escape da bacia."
"Stand your ground. The last soldier alone is not a force — he is a sacrifice.","Mantenha a posição. O último soldado, sozinho, não é uma força — é um sacrifício."
"Take the bridge camp and the eastern reserve quarter before the Roman scouts vanish into the fog.","Tome o acampamento da ponte e o quarteirão de reserva a leste antes que os batedores romanos sumam na névoa."
"The Campanian Vigil","A Vigília Campânia"
"The Roman column walks into a geographical trap and is destroyed by converging attacks while the lakeside Sepulcher altar remains an optional horror.","A coluna romana entra em uma armadilha geográfica e é destruída por ataques convergentes, enquanto o altar do Sepulcro à beira do lago permanece um horror opcional."
"The Romans are baited into the winter river and punished by Mago's concealed force, then the defense becomes an assault on a complete winter camp.","Os romanos são atraídos ao rio invernal e punidos pela força oculta de Magão; em seguida, a defesa se converte em assalto a um acampamento de inverno completo."
"The commander falls — and every line collapses behind him.","O comandante tomba — e toda linha desmorona atrás dele."
"The commander falls — the vigil ends. And the dead keep walking.","O comandante tomba — a vigília termina. E os mortos seguem caminhando."
"The crossing is a running battle against terrain, local resistance, and Roman influence. Sepulcher grave-lights remain a dangerous side path rather than the campaign's main enemy.","A travessia é um combate contínuo contra o terreno, a resistência local e a influência romana. As luzes sepulcrais permanecem um desvio perigoso, e não o inimigo principal da campanha."
"The final confrontation is Carthage against three coordinated Roman commands, until an Iron Sepulcher host attacks from the battlefield's neglected flank.","O confronto final é Cartago contra três comandos romanos coordenados, até que uma hoste do Sepulcro de Ferro ataque pelo flanco negligenciado do campo de batalha."
"Twenty minutes before the mist lifts. If a cohort clears the basin, Rome learns the shape of the trap.","Vinte minutos até a névoa se levantar. Se uma coorte sair da bacia, Roma descobrirá o formato da armadilha."
"Your camp falls — the field goes with it.","Seu acampamento cai — e o campo vai junto."
"Your command falls — and the wings fold inward.","Seu comando tomba — e as alas se dobram para dentro."
"ASSAULT I: infantry from north and south; cavalry raiders and engineers on the eastern consular road.","ASSALTO I: infantaria pelo norte e pelo sul; cavalaria de incursão e engenheiros na estrada consular a leste."
"ASSAULT II: the Roman horns answer one another. Rotate the reserve before all three roads close.","ASSALTO II: as trombetas romanas respondem umas às outras. Desloque a reserva antes que as três estradas se fechem."
"ASSAULT III: siege engines and veteran cohorts. Hold every gate until the twentieth minute.","ASSALTO III: máquinas de cerco e coortes veteranas. Mantenha todos os portões até o vigésimo minuto."
"Another Roman wave is flanking from the southeast. Rotate quickly.","Outra onda romana flanqueia pelo sudeste. Desloque-se rápido."
"Counterattack now. Break them while they are split by the river.","Contra-ataque agora. Rompa-os enquanto o rio os mantém divididos."
"Final ridge ahead. Break the last camp to open the descent.","Última crista à frente. Destrua o acampamento final para abrir a descida."
"Fix the Roman center in place. Keep both cavalry wings active.","Prenda o centro romano no lugar. Mantenha as duas alas de cavalaria ativas."
"Grave-lights move among the western orchards. The Iron Sepulcher is watching, but the legions remain the greater danger.","Luzes sepulcrais se movem entre os pomares a oeste. O Sepulcro de Ferro observa, mas as legiões continuam sendo o perigo maior."
"Hold discipline. Let the Romans commit at the ford.","Mantenha a disciplina. Deixe os romanos se comprometerem no vau."
"Navigate through the maze of hills and valleys. Watch for enemy patrols!","Abra caminho pelo labirinto de colinas e vales. Cuidado com as patrulhas inimigas!"
"One minute. Spend the reserve; save the camp.","Um minuto. Gaste a reserva; salve o acampamento."
"Roman cavalry is attempting a breakout from the south. Intercept them.","A cavalaria romana tenta romper pelo sul. Intercepte-a."
"Roman cavalry screens the field. Punch through before reserves arrive.","A cavalaria romana cobre o campo. Rompa antes que as reservas cheguem."
"Roman cavalry waves intensify. Collapse one flank before the rear guard arrives.","As ondas de cavalaria romana se intensificam. Derrube um flanco antes que a retaguarda chegue."
"Roman reinforcements are approaching from the eastern road.","Reforços romanos se aproximam pela estrada a leste."
"Roman reserves are entering from the northern camp. Close the pocket faster.","Reservas romanas entram pelo acampamento do norte. Feche o cerco mais rápido."
"Roman reserves are moving from the western bank.","As reservas romanas se deslocam da margem oeste."
"Scipio extends the line. Keep your center steady and protect elephants from isolation.","Cipião estende a linha. Mantenha seu centro firme e proteja os elefantes do isolamento."
"Second pass defenders are reinforcing. Keep the column moving.","Os defensores da segunda passagem estão sendo reforçados. Mantenha a coluna em marcha."
"Second-wave Roman cavalry is maneuvering for your rear. Rebalance your flanks.","A cavalaria romana da segunda onda manobra para sua retaguarda. Reequilibre seus flancos."
"Strike now. Close the western route and split their line.","Ataque agora. Feche a rota oeste e divida a linha deles."
"Take the first pass quickly before the next ambush line assembles.","Tome a primeira passagem rapidamente, antes que a próxima linha de emboscada se forme."
"The Roman column enters the corridor. Wait for full commitment.","A coluna romana entra no corredor. Espere que ela se comprometa por inteiro."
"The Roman villages are heavily defended. Coordinate your attacks!","As aldeias romanas estão fortemente defendidas. Coordene seus ataques!"
"Three Roman columns have entered the consular roads. The first coordinated assault arrives at 17:00.","Três colunas romanas entraram nas estradas consulares. O primeiro assalto coordenado chega às 17:00."
"Two bridges cross the Rhône. Choose your path wisely - you may need both routes!","Duas pontes cruzam o Ródano. Escolha seu caminho com cuidado — você pode precisar das duas rotas!"
"A camp is taken by standing in it, not by levelling it. Nine men cannot kill thirty-eight, but they can hold two gate yards long enough to claim them - and a Roman column without its commander stops being a column.","Um acampamento se toma ficando dentro dele, não arrasando-o. Nove homens não matam trinta e oito, mas podem segurar dois pátios de portão tempo bastante para reivindicá-los — e uma coluna romana sem seu comandante deixa de ser uma coluna."
"A nation stands on its commander. Kill him and the camps go quiet and unclaimed - which, against a twenty-minute clock, is the only version of this battle that finishes in time.","Uma nação se apoia em seu comandante. Mate-o e os acampamentos ficam silenciosos e sem dono — o que, contra um relógio de vinte minutos, é a única versão desta batalha que termina a tempo."
"An assault walks toward your camp but turns for whatever it can see. Bait it with something visible and it will take the ground you chose instead of the ground it wanted.","Um assalto caminha para o seu acampamento, mas desvia para o que quer que consiga ver. Atraia-o com algo visível e ele tomará o terreno que você escolheu em vez do que ele queria."
"High ground doubles a bowman and hardens him against what shoots back. The ridge over the Roman camp is worth more than the extra squadron you would have spent the same minutes recruiting.","O terreno alto dobra um arqueiro e o endurece contra o que atira de volta. A crista sobre o acampamento romano vale mais do que o esquadrão extra que você recrutaria nos mesmos minutos."
"Iron bells answer beneath the south-western crossing. The Sepulcher is advancing on Carthage as well as Rome.","Sinos de ferro respondem sob a travessia sudoeste. O Sepulcro avança sobre Cartago tanto quanto sobre Roma."
"Kill every enemy commander. A nation dies with the man who leads it: its camps fall neutral, its works come down and its troops leave the field.","Mate todos os comandantes inimigos. Uma nação morre com o homem que a lidera: seus acampamentos ficam neutros, suas obras vêm abaixo e suas tropas deixam o campo."
"Masinissa's Numidian horse is entering from the north-eastern road.","A cavalaria numídia de Masinissa está entrando pela estrada nordeste."
"Nothing new is taught here. The ridge, the bait and the beheading are all things you already know; Cannae only asks whether you can run three of them at once against four times your number.","Nada de novo se ensina aqui. A crista, a isca e a decapitação são coisas que você já conhece; Canas apenas pergunta se você consegue conduzir três delas ao mesmo tempo contra quatro vezes o seu número."
"Rear guard deployment detected across the southern wadi. This is the final phase.","Retaguarda detectada do outro lado do uádi ao sul. Esta é a fase final."
"Supply is a target - and it cuts both ways. Your market and your homes are what the Romans are actually marching at, and their siege camp keeps its own stockpile within reach of a raid.","O suprimento é um alvo — e isso vale para os dois lados. Seu mercado e suas casas são o que os romanos realmente vêm buscar, e o acampamento de cerco deles mantém o próprio estoque ao alcance de um ataque."
"The shrines you have walked past all campaign were never scenery. Zama reads back over every map behind it - and the Sepulcher has no commander to kill, so the one rule that has served you since Trasimene is the one rule that will not work here.","Os santuários pelos quais você passou a campanha inteira nunca foram cenário. Zama relê todos os mapas que ficaram para trás — e o Sepulcro não tem comandante a matar, de modo que a única regra que o serviu desde Trasimeno é justamente a que não funcionará aqui."
"Timber only counts once a builder unloads it at the camp. The richest stands are the furthest from the stockpile, so the mission is won on the length of the walk, not the swing of the axe.","A madeira só conta quando um construtor a descarrega no acampamento. Os melhores bosques ficam mais longe do depósito, então a missão se vence pela extensão da caminhada, não pelo golpe do machado."
"A guided first field, paced by the player rather than the clock: the Roman raid waits until the recruit's army stands, and the enemy camp is small enough to fall to a first attack.","Um primeiro campo guiado, no ritmo do jogador e não do relógio: o ataque romano espera até o exército do recruta estar de pé, e o acampamento inimigo é pequeno o bastante para cair num primeiro ataque."
"Every system a first match asks for, in the order a new commander meets them: selection and orders, the resource loop from tree to yard, construction cost and placement, recruitment and the population that limits it, stances, the commander's aura and rally, camera, speed and objectives - then one small assault to put it all together.","Todos os sistemas que uma primeira partida exige, na ordem em que um novo comandante os encontra: seleção e ordens, o ciclo de recursos da árvore ao pátio, custo e posicionamento das construções, recrutamento e a população que o limita, posturas, a aura e a reunião do comandante, câmera, velocidade e objetivos; e então um pequeno assalto para juntar tudo."
"Field Training","Treinamento de Campo"
"Kill the Roman commander and take the outpost. A nation dies with the man who leads it.","Mate o comandante romano e tome o posto avançado. Uma nação morre com o homem que a lidera."
"Learn to command before Rome comes looking for you: select and move troops, drive off a scouting party, put builders to work on timber, stone and ore, raise a Home, recruit an army, break a Roman raid, and take the enemy camp.","Aprenda a comandar antes que Roma venha atrás de você: selecione e mova tropas, afugente um grupo de batedores, ponha construtores para trabalhar madeira, pedra e minério, erga uma casa, recrute um exército, repila um ataque romano e tome o acampamento inimigo."
"Your commander falls - and every line collapses behind him.","Seu comandante cai, e todas as linhas desabam atrás dele."
"Roman Republic","República Romana"
"Carthaginian Empire","Império Cartaginês"
"The Iron Sepulcher","O Sepulcro de Ferro"
"Shield Wall","Muralha de Escudos"
"Testudo","Testudo"
"Mission briefing","Instruções da missão"
"Mission Briefing","Instruções da missão"
"Close the briefing","Fechar as instruções"
"To Battle","Para a batalha"
"Move","Mover"
"Attack","Atacar"
"Guard","Guardar"
"Patrol","Patrulhar"
"Hold position","Manter posição"
"Stop","Parar"
"Build","Construir"
"Gather","Coletar"
"Deliver","Entregar"
"Repair","Reparar"
"Rally point","Ponto de encontro"
"Formation","Formação"
"You are not in command of these units.","Você não comanda estas unidades."
"That target is already gone.","Esse alvo já não existe."
"Cannot attack a friendly or neutral target.","Não é possível atacar um alvo aliado ou neutro."
"That building no longer exists.","Esse edifício não existe mais."
"That building is not yours.","Esse edifício não é seu."
"That order could not be carried out.","Essa ordem não pôde ser executada."
"%1: %2 units","%1: %2 unidades"
"No units selected.","Nenhuma unidade selecionada."
"The selected units cannot attack.","As unidades selecionadas não podem atacar."
"The selected units cannot guard.","As unidades selecionadas não podem guardar."
"The selected units cannot patrol.","As unidades selecionadas não podem patrulhar."
"The selected units cannot hold position.","As unidades selecionadas não podem manter posição."
"The selected units cannot build.","As unidades selecionadas não podem construir."
"The selected units cannot gather.","As unidades selecionadas não podem coletar."
"Only civilians can be delivered to a barracks.","Só civis podem ser entregues a um quartel."
"Only builders can repair structures.","Só construtores podem reparar estruturas."
"The selected units cannot take that order.","As unidades selecionadas não podem cumprir essa ordem."
"No enemy under the cursor.","Nenhum inimigo sob o cursor."
"Select a friendly barracks with room for more people.","Escolha um quartel aliado com espaço para mais gente."
"Select a damaged friendly building to repair.","Escolha um edifício aliado danificado para reparar."
"Nothing to target there.","Não há nada para mirar ali."
"Choose a spot on the map.","Escolha um ponto no mapa."
"That barracks has no room for more people.","Esse quartel não tem espaço para mais gente."
"That building does not need repairs.","Esse edifício não precisa de reparos."
"Continue","Continuar"
"Select a map","Selecione um mapa"
"Players (%1)","Jogadores (%1)"
"Click color/team to cycle","Clique na cor/equipe para alternar"
"Select a map to configure players","Selecione um mapa para configurar os jogadores"
"+ Add CPU","+ Adicionar CPU"
"Add AI player to the game","Adicionar jogador de IA ao jogo"
"Max players reached","Número máximo de jogadores atingido"
"%1 slot available","%1 vaga disponível"
"%1 slots available","%1 vagas disponíveis"
"(map preview)","(prévia do mapa)"
"Every slot on this map is taken","Todas as posições deste mapa estão ocupadas"
"Color","Cor"
"Click to change color","Clique para alterar a cor"
"Click to change team","Clique para alterar a equipe"
"Remove player","Remover jogador"
"gold","ouro"
"food","comida"
"wood","madeira"
"stone","pedra"
"iron","ferro"
"resources","recursos"
"Not enough %1.","%1 insuficiente."
"Select a tree, boulder, or iron ore deposit.","Selecione uma árvore, pedregulho ou depósito de minério de ferro."
"Select a tree to chop.","Selecione uma árvore para cortar."
"Select a boulder to collect.","Selecione um pedregulho para coletar."
"Select iron ore to collect.","Selecione minério de ferro para coletar."
"No available builder can chop that tree.","Nenhum construtor disponível pode cortar essa árvore."
"No available builder can collect that boulder.","Nenhum construtor disponível pode coletar esse pedregulho."
"No available builder can collect that iron ore.","Nenhum construtor disponível pode coletar esse minério de ferro."
"No available builder can collect that resource.","Nenhum construtor disponível pode coletar esse recurso."
"No walkable spot near that tree.","Nenhum ponto acessível perto dessa árvore."
"No walkable spot near that boulder.","Nenhum ponto acessível perto desse pedregulho."
"No walkable spot near that iron ore.","Nenhum ponto acessível perto desse minério de ferro."
"No walkable spot near that resource.","Nenhum ponto acessível perto desse recurso."
"Drag out a wall line first.","Primeiro arraste uma linha de muro."
"Choose a build location.","Escolha um local de construção."
"That resource is already assigned.","Esse recurso já está atribuído."
"Cannot build there.","Não é possível construir aí."
"Blocked by an existing wall.","Bloqueado por uma muralha existente."
"Not enough wood.","Madeira insuficiente."
"No valid wall segments in that drag.","Nenhum segmento de muro válido nesse arrasto."
"No available builder.","Nenhum construtor disponível."
"That structure cannot be placed.","Essa estrutura não pode ser posicionada."
"Building factory unavailable.","Fábrica de construções indisponível."
"PRODUCTION QUEUE","FILA DE PRODUÇÃO"
"RECRUIT UNITS","RECRUTAR UNIDADES"
"Queue is full (5/5)","Fila cheia (5/5)"
"Cannot recruit","Não é possível recrutar"
"Set where newly recruited units will gather.\nRight-click to cancel.","Defina onde as unidades recém-recrutadas vão se reunir.\nClique com o botão direito para cancelar."
"Right-click to cancel","Clique com o botão direito para cancelar"
"No Barracks Selected","Nenhum quartel selecionado"
"Select a barracks to recruit units","Selecione um quartel para recrutar unidades"
"Wood","Madeira"
"Stone","Pedra"
"Iron","Ferro"
"Catapult","Catapulta"
"Long-range siege weapon\nEffective against structures","Arma de cerco de longo alcance\nEficaz contra estruturas"
"Ballista","Balista"
"Precision siege weapon\nEffective against units","Arma de cerco de precisão\nEficaz contra unidades"
"Defense Tower","Torre de defesa"
"Stationary defense structure\nShoots arrows at enemies","Estrutura de defesa fixa\nDispara flechas contra inimigos"
"Home","Casa"
"Residential building\nAdds +50 population to nearest barracks","Edifício residencial\nAdiciona +50 de população ao quartel mais próximo"
"Marketplace","Mercado"
"Trade building\nBuy or sell resources for gold","Edifício comercial\nCompre ou venda recursos por ouro"
"Wall Segment","Segmento de muro"
"Wooden defensive wall\nBlocks enemy movement","Muro defensivo de madeira\nBloqueia o movimento inimigo"
"Wall Gate","Portão de muro"
"Gated opening in a wall\nOpens for your troops and allies","Abertura com portão em um muro\nAbre-se para suas tropas e aliados"
"%1 %2","%1 %2"
"Not enough available population","População disponível insuficiente"
"Already building...","Já construindo..."
"%1s","%1s"
"Idle","Ocioso"
"Available Population: %1 / %2","População disponível: %1 / %2"
"Recruit %1\nCost: %2\nBuild time: %3s","Recrutar %1\nCusto: %2\nTempo de treino: %3s"
"population","população"
"Recruit %1\nCost: %2\nBuild time: %3s\nCarthage exclusive","Recrutar %1\nCusto: %2\nTempo de treino: %3s\nExclusivo de Cartago"
"HOME RECRUITMENT","RECRUTAMENTO NA CASA"
"Available civilians: %1 / %2","Civis disponíveis: %1 / %2"
"Recruit %1\nCost: %2\nBuild time: %3s\nUse Deliver mode, then click a friendly barracks to add 50 available population.","Recrutar %1\nCusto: %2\nTempo de treino: %3s\nUse o modo Entregar e clique em um quartel aliado para adicionar 50 de população disponível."
"families","famílias"
"This home already committed its 3 civilians","Esta casa já destinou seus 3 civis"
"Click Map to Set Rally","Clique no mapa para definir o ponto de reunião"
"Set Rally Point","Definir ponto de reunião"
"BUILDER CONSTRUCTION","CONSTRUÇÃO DO CONSTRUTOR"
"Build siege weapons, structures, and gather wood, stone, and iron","Construa armas de cerco e estruturas e colete madeira, pedra e ferro"
"Select a structure to build","Selecione uma estrutura para construir"
"Cut Tree","Cortar árvore"
"Collect Stone","Coletar pedra"
"Collect Iron Ore","Coletar minério de ferro"
"Task: %1","Tarefa: %1"
"Building: %1","Construindo: %1"
"Build Catapult\n%1\nCost: %2\nBuild time: %3s","Construir catapulta\n%1\nCusto: %2\nTempo de construção: %3s"
"Build Ballista\n%1\nCost: %2\nBuild time: %3s","Construir balista\n%1\nCusto: %2\nTempo de construção: %3s"
"Build Defense Tower\n%1\nCost: %2\nBuild time: %3s","Construir torre de defesa\n%1\nCusto: %2\nTempo de construção: %3s"
"Build Home\n%1\nCost: %2\nBuild time: %3s","Construir casa\n%1\nCusto: %2\nTempo de construção: %3s"
"Build Wall Segment\n%1\nCost: %2\nBuild time: %3s","Construir segmento de muro\n%1\nCusto: %2\nTempo de construção: %3s"
"Build Wall Gate\n%1\nCost: %2\nBuild time: %3s","Construir portão de muro\n%1\nCusto: %2\nTempo de construção: %3s"
"Build Marketplace\n%1\nCost: %2\nBuild time: %3s","Construir mercado\n%1\nCusto: %2\nTempo de construção: %3s"
"MARKETPLACE","MERCADO"
"Trade resources for gold at fixed exchange rates","Troque recursos por ouro a taxas de câmbio fixas"
"Select your marketplace to trade","Selecione seu mercado para negociar"
"Gold: %1    Trade size: %2","Ouro: %1    Volume de troca: %2"
"Trading is available only for your own marketplace.","A negociação só está disponível no seu próprio mercado."
"You have %1","Você tem %1"
"Buy %1 (%2g)","Comprar %1 (%2 o)"
"Spend %1 gold to buy %2 %3","Gaste %1 de ouro para comprar %2 de %3"
"Sell %1 (+%2g)","Vender %1 (+%2 o)"
"Sell %1 %2 for %3 gold","Vender %1 de %2 por %3 de ouro"
"Mounted Knight","Cavaleiro montado"
"Horse Archer","Arqueiro montado"
"Horse Spearman","Lanceiro montado"
"War Elephant","Elefante de guerra"
"Build a barracks before setting a rally point.","Construa um quartel antes de definir um ponto de reunião."
"Temple","Templo"
"Build Temple\n%1\nCost: %2\nBuild time: %3s","Construir Templo\n%1\nCusto: %2\nTempo de construção: %3s"
"Sanctuary of the nation\nWide vision and a durable settlement anchor","Santuário da nação\nAmpla visão e uma âncora duradoura para o assentamento"
"TEMPLE","TEMPLO"
"The sanctuary of your nation, raised in its own architectural style","O santuário da sua nação, erguido em seu próprio estilo arquitetônico"
"Watches over a wide stretch of ground and holds a settlement together","Vigia uma ampla faixa de terreno e mantém um assentamento unido"
"Food","Comida"
"Need %1","Precisa de: %1"
"System","Sistema"
"Camera","Câmera"
"Selection","Seleção"
"Orders","Ordens"
"Commander movement","Movimento do comandante"
"Commander combat","Combate do comandante"
"Open menu","Abrir menu"
"Also cancels a placement or rally in progress","Também cancela um posicionamento ou reunião em andamento"
"Switch between army and commander","Alternar entre exército e comandante"
"Quick save","Salvamento rápido"
"Quick load","Carregamento rápido"
"Pause","Pausar"
"Pan camera up","Deslocar câmera para cima"
"Hold Shift while panning to move faster","Segure Shift ao deslocar para mover mais rápido"
"Pan camera down","Deslocar câmera para baixo"
"Pan camera left","Deslocar câmera para a esquerda"
"Pan camera right","Deslocar câmera para a direita"
"Rotate camera left","Girar câmera para a esquerda"
"Rotate camera right","Girar câmera para a direita"
"Orbit camera left","Orbitar câmera para a esquerda"
"Orbit camera right","Orbitar câmera para a direita"
"Select unit or drag a selection box","Selecionar unidade ou arrastar uma caixa de seleção"
"Select all troops","Selecionar todas as tropas"
"Move or attack-move to the cursor","Mover ou avançar atacando até o cursor"
"Stop","Parar"
"Attack","Atacar"
"Move","Mover"
"Patrol","Patrulhar"
"Guard","Guardar"
"Hold position","Manter posição"
"Deploy the selection in a formation","Posicionar a seleção em uma formação"
"Opens the formation planner for the selected troops","Abre o planejador de formação para as tropas selecionadas"
"Place commander rally flag","Colocar a bandeira de reunião do comandante"
"Shares its key with orbit camera left by default and takes priority only while a rally can be placed","Compartilha a tecla com “orbitar câmera para a esquerda” por padrão e só tem prioridade enquanto for possível marcar uma reunião"
"Move forward","Avançar"
"Move back","Recuar"
"Strafe left","Deslocar para a esquerda"
"Strafe right","Deslocar para a direita"
"Turn left","Virar à esquerda"
"Turn right","Virar à direita"
"Sprint","Correr"
"Dodge","Esquivar"
"Jump","Saltar"
"Block","Bloquear"
"Cycle locked target","Alternar alvo travado"
"Special action","Ação especial"
"Vanguard rush","Investida da vanguarda"
"Second wind","Segundo fôlego"
"Commanding aura","Aura de comando"
"Rally nearby troops","Reunir tropas próximas"
"Switch between melee weapon and bow","Alternar entre arma corpo a corpo e arco"
"Toggle first and third person","Alternar entre primeira e terceira pessoa"
"Speed up the battle","Acelerar a batalha"
"Steps through the speeds shown on the top bar","Percorre as velocidades mostradas na barra superior"
"Slow down the battle","Desacelerar a batalha"
"HP %1/%2","PV %1/%2"
"STM %1%","VGR %1%"
"FINISHER","GOLPE FINAL"
"COMBO","COMBO"
"POSTURE","POSTURA"
"GUARD BROKEN","GUARDA QUEBRADA"
"⚡ PUNISH ⚡","⚡ PUNIR ⚡"
"BASH","GOLPE"
"RUSH","INVESTIDA"
"WIND","FÔLEGO"
"READY","PRONTO"
"BOW  ·  X","ARCO  ·  X"
"BLADE  ·  X","LÂMINA  ·  X"
"Save payload has no checksum","Os dados do jogo salvo não possuem soma de verificação"
"Save payload is corrupted (stored checksum mismatch)","Dados do jogo salvo corrompidos (soma de verificação armazenada não confere)"
"Save payload is corrupted (decompression failed)","Dados do jogo salvo corrompidos (falha na descompactação)"
"Save payload is corrupted (expected %1 bytes, got %2)","Dados do jogo salvo corrompidos (esperados %1 bytes, obtidos %2)"
"Save payload is corrupted (content checksum mismatch)","Dados do jogo salvo corrompidos (soma de verificação do conteúdo não confere)"
"Not a Standard of Iron save file","Não é um arquivo de jogo salvo do Standard of Iron"
"Unsupported save file version %1 (expected %2)","Versão de arquivo de jogo salvo não suportada: %1 (esperada: %2)"
"Save file header is truncated","O cabeçalho do arquivo de jogo salvo está truncado"
"Save file header is corrupted: %1","O cabeçalho do arquivo de jogo salvo está corrompido: %1"
"Save file uses an unknown compression format","O arquivo de jogo salvo usa um formato de compactação desconhecido"
"Save file declares implausible sizes","O arquivo de jogo salvo declara tamanhos implausíveis"
"Save file body is truncated","O corpo do arquivo de jogo salvo está truncado"
"Save file preview image is corrupted","A imagem de prévia do arquivo de jogo salvo está corrompida"
"Save Game","Salvar jogo"
"Cancel","Cancelar"
"Save Name:","Nome do save:"
"Enter save name...","Digite o nome do save..."
"Save","Salvar"
"Existing Saves","Saves existentes"
"No Preview","Sem prévia"
"Slot: %1","Slot: %1"
"Last saved: %1","Salvo pela última vez: %1"
"Overwrite","Sobrescrever"
"Confirm Overwrite","Confirmar sobrescrita"
"Are you sure you want to overwrite the save:\n""%1""?","Tem certeza de que deseja sobrescrever o jogo salvo:\n""%1""?"
"%1 - %2 (%3 KB on disk)","%1 - %2 (%3 KB em disco)"
"Campaign","Campanha"
"Skirmish","Escaramuça"
"Untitled Save","Jogo salvo sem título"
"Unknown Map","Mapa desconhecido"
"Name the save first.","Dê um nome ao jogo salvo primeiro."
"Save failed","Falha ao salvar"
"Saving ""%1""","Salvando ""%1"""
"Cancel","Cancelar"
"Failed to begin transaction","Falha ao iniciar a transação"
"Failed to commit transaction","Falha ao confirmar a transação"
"Failed to open save database","Falha ao abrir o banco de dados de jogos salvos"
"Failed to read schema version","Falha ao ler a versão do esquema"
"Failed to record schema version","Falha ao registrar a versão do esquema"
"Failed to drop table %1","Falha ao remover a tabela %1"
"Failed to create save schema","Falha ao criar o esquema de jogos salvos"
"Failed to prepare save query","Falha ao preparar a consulta de gravação"
"Failed to persist save slot","Falha ao gravar o espaço de jogo salvo"
"Failed to read save slot","Falha ao ler o espaço de jogo salvo"
"Save slot '%1' not found","Espaço de jogo salvo “%1” não encontrado"
"Save slot '%1' uses unsupported format version %2","O espaço de jogo salvo “%1” usa a versão de formato não suportada %2"
"Save slot '%1' uses an unknown compression format","O espaço de jogo salvo “%1” usa um formato de compactação desconhecido"
"Failed to enumerate save slots","Falha ao enumerar os espaços de jogo salvo"
"Failed to look up save slot","Falha ao localizar o espaço de jogo salvo"
"Failed to store save preview","Falha ao armazenar a prévia do jogo salvo"
"Failed to delete save slot","Falha ao excluir o espaço de jogo salvo"
"Failed to get campaign progress","Falha ao obter o progresso da campanha"
"Failed to mark campaign as completed","Falha ao marcar a campanha como concluída"
"Failed to prepare mission result insert","Falha ao preparar a inserção do resultado da missão"
"Failed to save mission result","Falha ao salvar o resultado da missão"
"Failed to get mission progress","Falha ao obter o progresso da missão"
"Failed to get campaign mission progress","Falha ao obter o progresso da missão de campanha"
"Failed to register campaign mission","Falha ao registrar a missão de campanha"
"Failed to mark mission as completed","Falha ao marcar a missão como concluída"
"Failed to unlock next mission","Falha ao desbloquear a próxima missão"
"Failed to prune removed campaign missions","Falha ao remover missões de campanha excluídas"
"Failed to look up the completed mission","Falha ao localizar a missão concluída"
"Mission %1 is not part of campaign %2","A missão %1 não faz parte da campanha %2"
"Failed to find the next mission","Falha ao encontrar a próxima missão"
"Failed to count remaining missions","Falha ao contar as missões restantes"
"Settings","Configurações"
"Close","Fechar"
"Language","Idioma"
"Select Language:","Selecione o idioma:"
"Language changes apply immediately","As alterações de idioma são aplicadas imediatamente"
"Protanopia (red-blind)","Protanopia (cegueira ao vermelho)"
"Deuteranopia (green-blind)","Deuteranopia (cegueira ao verde)"
"Tritanopia (blue-blind)","Tritanopia (cegueira ao azul)"
"Standard","Padrão"
"Audio Settings","Configurações de áudio"
"Master Volume:","Volume principal:"
"Music Volume:","Volume da música:"
"SFX Volume:","Volume dos efeitos:"
"Voice Volume:","Volume das vozes:"
"Ambience Volume:","Volume do ambiente:"
"Graphics Settings","Configurações gráficas"
"Graphics Quality:","Qualidade gráfica:"
"Autosave","Salvamento automático"
"Autosaves to keep:","Salvamentos automáticos a manter:"
"Autosave every:","Salvar automaticamente a cada:"
"Off","Desligado"
"%1 min","%1 min"
"Older autosaves beyond this count are deleted automatically.","Salvamentos automáticos mais antigos além dessa quantidade são excluídos automaticamente."
"Accessibility","Acessibilidade"
"Interface Scale:","Escala da interface:"
"Colour Vision:","Visão de cores:"
"Reduce motion","Reduzir movimento"
"Removes transitions and idle animations across every screen","Remove transições e animações ociosas em todas as telas"
"High contrast","Alto contraste"
"Raises panel and text contrast for low vision","Aumenta o contraste de painéis e textos para baixa visão"
"Always show keyboard focus","Sempre mostrar o foco do teclado"
"Keeps the focus outline visible even after clicking","Mantém o contorno de foco visível mesmo após clicar"
"These settings apply to the campaign, skirmish and editor tools alike.","Estas configurações se aplicam à campanha, à escaramuça e às ferramentas do editor."
"About","Sobre"
"Standard of Iron - RTS Game","Standard of Iron - Jogo de RTS"
"Version %1","Versão %1"
"Third-Party Software","Software de terceiros"
"This game uses the Qt framework, licensed under the GNU Lesser General Public License v3 (LGPL v3).","Este jogo usa o framework Qt, licenciado sob a GNU Lesser General Public License v3 (LGPL v3)."
"Qt is dynamically linked, allowing you to replace Qt libraries with your own versions.","O Qt é vinculado dinamicamente, permitindo que você substitua as bibliotecas Qt por suas próprias versões."
"LGPL v3 License","Licença LGPL v3"
"Qt Website","Site do Qt"
"Controls","Controles"
"Edge scrolling","Rolagem pela borda"
"Team ring patterns","Padrões de anel das equipes"
"On automatically while a colour vision mode is selected","Ativado automaticamente enquanto um modo de visão de cores estiver selecionado"
"Marks each side with its own selection ring shape as well as its colour","Marca cada lado com um formato próprio de anel de seleção, além da cor"
"Damage numbers","Números de dano"
"Shows the damage dealt above each hit while leading the commander","Mostra o dano causado acima de cada golpe enquanto você lidera o comandante"
"Screen effects:","Efeitos de tela:"
"Camera motion:","Movimento da câmera:"
"Reduces head bob and sway while leading the commander. It never limits camera movement you ask for.","Reduz o balanço e a oscilação da cabeça enquanto você lidera o comandante. Nunca limita o movimento de câmera que você solicita."
"Music generated with Meta's AudioCraft, whose models are licensed CC BY-NC 4.0. This game is distributed free of charge, which that licence permits; it may not be sold.","Música gerada com o AudioCraft da Meta, cujos modelos são licenciados sob CC BY-NC 4.0. Este jogo é distribuído gratuitamente, o que essa licença permite; ele não pode ser vendido."
"Voice lines recorded by Adam Djellouli.","Falas gravadas por Adam Djellouli."
"CC BY-NC 4.0 License","Licença CC BY-NC 4.0"
"AudioCraft","AudioCraft"
"Pans the camera when the cursor reaches the edge of the screen. Keyboard panning, right-drag and the minimap keep working either way.","Move a câmera quando o cursor alcança a borda da tela. O teclado, o arrasto com o botão direito e o minimapa continuam funcionando de qualquer forma."
"Edge scroll strength:","Intensidade da rolagem pela borda:"
"Sets both how far in from the edge the band reaches and how fast the camera moves inside it. At this setting the band is %1 px along the sides and %2 px along the top and bottom, measured at your interface scale.","Define ao mesmo tempo o quanto a faixa avança a partir da borda e a velocidade da câmera dentro dela. Neste ajuste a faixa tem %1 px nas laterais e %2 px acima e abaixo, medidos na sua escala de interface."
"Invalid team configuration: At least two teams must be selected to start a match.","Configuração de equipes inválida: pelo menos duas equipes precisam ser selecionadas para iniciar uma partida."
"Red","Vermelho"
"Blue","Azul"
"Brown","Marrom"
"Green","Verde"
"Yellow","Amarelo"
"Orange","Laranja"
"Purple","Roxo"
"Cyan","Ciano"
"Pink","Rosa"
"Tutorial","Tutorial"
"Tutorial %1/%2 · %3","Tutorial %1/%2 · %3"
"Show","Mostrar"
"Tutorial step","Etapa do tutorial"
"TUTORIAL · STEP %1 OF %2","TUTORIAL · ETAPA %1 DE %2"
"Open the help screen","Abrir a tela de ajuda"
"Hide the tutorial card (it can be shown again)","Ocultar o cartão do tutorial (ele pode ser mostrado de novo)"
"Well done - the tutorial is complete.","Muito bem: o tutorial está completo."
"Well done. The next step follows in a moment, or press Continue.","Muito bem. A próxima etapa vem em instantes, ou pressione Continuar."
"Resume","Retomar"
"Pause","Pausar"
"Replay step","Repetir etapa"
"Skip step","Pular etapa"
"Continue","Continuar"
"End tutorial","Encerrar o tutorial"
"Iron Sepulcher %1","Sepulcro de Ferro %1"
"The shrine answers to you now. Its dead fall still.","O santuário agora responde a você. Seus mortos tornam a cair."
"The shrine is broken. Every risen guardian crumbles.","O santuário foi quebrado. Todo guardião erguido se desfaz."
"Wave %1/%2","Onda %1/%2"
"The Iron Sepulcher wakes. %1 rises to meet you.","O Sepulcro de Ferro desperta. %1 se ergue para enfrentá-lo."
"%1 claws out of the ground.","%1 irrompe do solo."
"The risen guardians are put down. The ground is quiet.","Os guardiões erguidos foram abatidos. O solo está em silêncio."
"The barrow gives up its hoard: %1.","O túmulo entrega seu tesouro: %1."
"Attack","Ataque"
"Build","Construir"
"Close the unit details","Fechar os detalhes da unidade"
"Collect","Recolher"
"Damage per second","Dano por segundo"
"Guard","Guarda"
"Health","Vida"
"Highlighted orders are the ones this selection can carry out right now.","As ordens destacadas são as que esta seleção consegue executar agora."
"History","História"
"Hold","Manter"
"In the field","Em campo"
"Medic","Médico"
"No details are available for this unit.","Não há detalhes disponíveis para esta unidade."
"Patrol","Patrulha"
"Population %1  ·  Build time %2s","População %1  ·  Tempo de criação %2 s"
"Range","Alcance"
"Repair","Reparar"
"Sight","Visão"
"Speed","Velocidade"
"Strengths and weaknesses","Forças e fraquezas"
"Unit details","Detalhes da unidade"
"What it can do","O que consegue fazer"
"What it costs","O que custa"
"Fields %n soldier(s) in one squad.","Coloca %n soldado numa esquadra. | Coloca %n soldados numa esquadra."
"Archer","Arqueiro"
"Swordsman","Espadachim"
"Spearman","Lanceiro"
"Mounted Knight","Cavaleiro montado"
"Horse Archer","Arqueiro montado"
"Horse Spearman","Lanceiro montado"
"Healer","Curandeiro"
"Skeleton Swordsman","Espadachim esqueleto"
"Skeleton Archer","Arqueiro esqueleto"
"Grave Priest","Sacerdote sepulcral"
"Catapult","Catapulta"
"Ballista","Balista"
"War Elephant","Elefante de guerra"
"Quintus Fabius Maximus","Quinto Fábio Máximo"
"Publius Cornelius Scipio","Públio Cornélio Cipião"
"Marcus Claudius Marcellus","Marco Cláudio Marcelo"
"Hanno the Great","Hanão, o Grande"
"Hasdrubal Barca","Asdrúbal Barca"
"Hannibal Barca","Aníbal Barca"
"Builder","Construtor"
"Civilian","Civil"
"Sheep","Ovelha"
"Wolf","Lobo"
"Unknown Troop","Tropa desconhecida"
"African War Elephant","Elefante de guerra africano"
"Auxiliary Archer","Arqueiro auxiliar"
"Carthaginian Ballista","Balista cartaginesa"
"Carthaginian Catapult","Catapulta cartaginesa"
"Citizen Infantry","Infantaria cidadã"
"Equites","Equites"
"Faber","Faber"
"Legionary","Legionário"
"Liby-Phoenician Spear","Lanceiro líbio-fenício"
"Libyan Archer","Arqueiro líbio"
"Medicus","Medicus"
"Numidian Cavalry","Cavalaria númida"
"Onager","Ônagro"
"Phoenician Craftsman","Artesão fenício"
"Sacred Band Healer","Curandeiro do Batalhão Sagrado"
"Triarius","Triário"
"An ancient army marched with its own carpenters and masons, raising and fortifying a camp every night.","Um exército antigo marchava com os seus próprios carpinteiros e pedreiros, erguendo e fortificando um acampamento a cada noite."
"Ancient armies kept surgeons close to the line; the wounded who walked away were the difference between a campaign and a rout.","Os exércitos antigos mantinham cirurgiões junto à linha; os feridos que saíam pelo próprio pé eram a diferença entre uma campanha e uma debandada."
"Anti-cavalry spear line","Linha de lanças anticavalaria"
"Archers are the answer to it, and massed bows bring it down before it closes.","Os arqueiros são a resposta, e arcos em massa abatem-no antes que chegue."
"As brittle as any archer, and it withers as soon as the line in front of it fails.","Tão quebradiça quanto qualquer arqueiro, e definha assim que a linha à sua frente cede."
"Awakened","Desperto"
"Battle caster","Conjurador de batalha"
"Behind every field army stood the farms and quarries that fed it, and the people who worked them.","Por trás de cada exército de campanha estavam as fazendas e pedreiras que o alimentavam, e as pessoas que as trabalhavam."
"Bows decided few ancient battles outright, but a volley loosed before contact could break a formation's nerve.","Poucas batalhas antigas foram decididas só pelo arco, mas uma saraivada disparada antes do choque podia quebrar o ânimo de uma formação."
"Breaks on a braced spear line, which cuts mounted troops down at more than twice the usual rate.","Quebra-se contra uma linha de lanças firmada, que ceifa tropas montadas a mais do dobro do ritmo normal."
"Cannot fight. Left unguarded it dies to anything that reaches it.","Não pode combater. Desprotegido morre para qualquer coisa que o alcance."
"Carries more health than any squad on the field, and its reach breaks a line that stands to receive it.","Carrega mais vida do que qualquer esquadra no campo, e o seu alcance rompe a linha que o aguarda."
"Carthage bought its archers from Libya and the islands, paying in silver what Rome demanded of its citizens.","Cartago comprava os seus arqueiros na Líbia e nas ilhas, pagando em prata o que Roma exigia dos seus cidadãos."
"Carthage sent its own citizens into the line only when the city itself was threatened. The rest of the army was hired.","Cartago enviava os seus próprios cidadãos para a linha apenas quando a cidade em si estava ameaçada. O resto do exército era mercenário."
"Carthage took its elephants from the forests south of the Atlas, smaller than the Indian beasts but the terror of Italy.","Cartago tirava os seus elefantes das florestas a sul do Atlas: menores que as feras indianas, mas o terror da Itália."
"Carthaginian engineers learned artillery from the Greek cities of Sicily, and then improved on it.","Os engenheiros cartagineses aprenderam a artilharia com as cidades gregas da Sicília e depois aperfeiçoaram-na."
"Caster","Conjurador"
"Cavalry","Cavalaria"
"Cavalry rarely charged an unbroken line. It waited for a flank to open and then finished the day.","A cavalaria raramente carregava contra uma linha intacta. Esperava que um flanco se abrisse e então encerrava o dia."
"Close-order swordsmen were the expensive core of a Mediterranean army, drilled to hold a line rather than to duel.","Os espadachins em ordem cerrada eram o núcleo caro de um exército mediterrânico, treinados para sustentar uma linha, não para duelar."
"Command","Comando"
"Costs nothing to raise and never breaks, so it buys time no living troop would.","Não custa nada erguê-la e jamais quebra, portanto ganha um tempo que nenhuma tropa viva daria."
"Cursed Arrow Volley","Saraivada de flechas amaldiçoadas"
"Cursed missile line","Linha de tiro amaldiçoada"
"Defenceless at close quarters. Infantry that reaches it kills it in a few seconds.","Indefesa a curta distância. A infantaria que a alcança mata-a em poucos segundos."
"Denies ground nothing else can reach, at well over twice an archer's range.","Nega terreno que mais nada alcança, a bem mais do dobro do alcance de um arqueiro."
"Elite","Elite"
"Engineer and labourer","Engenheiro e operário"
"Every arrow that lands leaves a curse on its target, draining the will of the formation it struck.","Cada flecha que acerta deixa uma maldição no alvo e drena a vontade da formação atingida."
"Expendable","Descartável"
"Expendable line infantry","Infantaria de linha descartável"
"Faction-defining heavy beast","Fera pesada que define a facção"
"Fast enough to choose its own fight, and it rides down archers left without a screen.","Rápida o bastante para escolher o seu combate, e atropela arqueiros deixados sem proteção."
"Field surgeon","Cirurgião de campanha"
"Fireball","Bola de fogo"
"Fragile once contacted. Cavalry overruns it whenever it has no melee screen.","Frágil assim que é alcançada. A cavalaria atropela-a sempre que lhe falta proteção corpo a corpo."
"Gathers and delivers the resources every other unit is paid for with.","Recolhe e entrega os recursos com que se paga todas as outras unidades."
"Has no melee worth the name, and spears punish it the moment it is caught.","Não tem corpo a corpo digno do nome, e as lanças castigam-no assim que o apanham."
"Heavy infantry","Infantaria pesada"
"Heavy line infantry","Infantaria de linha pesada"
"Horse archers came from the steppe and the desert margins, and Mediterranean armies hired them rather than raised them.","Os arqueiros a cavalo vinham da estepe e das margens do deserto; os exércitos mediterrânicos contratavam-nos em vez de os recrutar."
"Hurls fire that bursts across a formation and clings to the ground where it lands.","Arremessa fogo que irrompe sobre uma formação e adere ao solo onde cai."
"Hurls fire that bursts across a formation and leaves the ground burning where it lands.","Arremessa fogo que irrompe sobre uma formação e deixa o solo em chamas onde cai."
"Its arrows carry a curse that drains the will of everything they strike.","As suas flechas carregam uma maldição que drena a vontade de tudo o que atingem."
"Its quiver was buried with it, and the curse worked into the shafts outlasted the hand that drew the bow.","A sua aljava foi enterrada com ele, e a maldição gravada nas hastes sobreviveu à mão que retesava o arco."
"Lancer cavalry","Cavalaria lanceira"
"Line infantry","Infantaria de linha"
"Loses the straight infantry fight to swords, and caught in the open it is only a slower line.","Perde o combate direto de infantaria para as espadas, e apanhada em campo aberto é apenas uma linha mais lenta."
"Massed missile line","Linha de tiro em massa"
"Mends nearby wounded without being told to, so a line that holds keeps its strength.","Trata os feridos próximos por conta própria, de modo que uma linha que aguenta mantém a sua força."
"Mounted","Montado"
"Mounted skirmisher","Escaramuçador montado"
"Not a soldier. It cannot hold ground and should never be the last thing guarding a camp.","Não é um soldado. Não pode manter terreno e jamais deveria ser o último a guardar um acampamento."
"One slow body, helpless in melee, and it needs the awakened dead between it and the enemy.","Um corpo lento, indefeso no corpo a corpo: precisa dos mortos despertos entre ele e o inimigo."
"Out-trades everything at range, and massed bows are the answer to a war elephant.","Leva vantagem sobre tudo à distância, e arcos em massa são a resposta ao elefante de guerra."
"Outranges troops on foot and can withdraw from any fight it cannot win.","Supera em alcance as tropas a pé e pode retirar-se de qualquer combate que não possa vencer."
"Overrun in seconds by any infantry that reaches it, and far too slow to withdraw.","Atropelada em segundos por qualquer infantaria que a alcance, e lenta demais para se retirar."
"Phoenician craftsmen raised the harbours and walls that made Carthage the richest city in the western sea.","Os artesãos fenícios ergueram os portos e muralhas que fizeram de Cartago a cidade mais rica do mar ocidental."
"Raised from the burial ranks of an army that was interred still holding its shields.","Erguido das fileiras funerárias de um exército sepultado ainda agarrado aos seus escudos."
"Raises every building an army needs and repairs what the enemy breaks.","Ergue todo edifício de que um exército precisa e repara o que o inimigo quebra."
"Ranged","À distância"
"Repays its cost against cavalry, and braced on high ground it holds against far heavier attacks.","Paga o seu custo contra a cavalaria e, firmada em terreno alto, resiste a ataques muito mais pesados."
"Rome raised few archers of its own and drew them from Crete and the eastern allies instead.","Roma recrutava poucos arqueiros próprios e obtinha-os de Creta e dos aliados orientais."
"Rome standardised the bolt thrower until every legion carried its own, mounted on carts and served by trained crews.","Roma padronizou o lançador de virotes até que cada legião levasse o seu, montado em carroças e servido por guarnições treinadas."
"Settlement population","População do assentamento"
"Shielded","Com escudo"
"Shock cavalry","Cavalaria de choque"
"Siege","Cerco"
"Siege artillery","Artilharia de cerco"
"Siege bolt thrower","Lançador de virotes de cerco"
"Skirmisher","Escaramuçador"
"Slower and weaker than the living line it imitates, and nothing in the field can mend it.","Mais lenta e fraca do que a linha viva que imita, e nada no campo pode repará-la."
"Spear infantry","Infantaria de lança"
"Still cavalry. A braced spear line stops it, and it cannot trade with archers at range.","Continua a ser cavalaria. Uma linha de lanças firmada detém-na, e não pode trocar tiros com arqueiros à distância."
"Support","Apoio"
"The Liby-Phoenician spear was the steady centre that a mercenary army could be built around.","A lança libiofenícia era o centro firme em torno do qual se podia construir um exército mercenário."
"The Numidians rode without bridles and were the finest light horse in the Mediterranean. Rome's worst day, at Cannae, was their work.","Os númidas cavalgavam sem bridões e eram a melhor cavalaria ligeira do Mediterrâneo. O pior dia de Roma, em Canas, foi obra deles."
"The Sacred Band kept physicians of its own, an honour reserved for the citizen elite.","O Batalhão Sagrado tinha médicos próprios, uma honra reservada à elite cidadã."
"The bolt thrower was the accurate half of a siege train, used against men and gates alike.","O lançador de virotes era a metade precisa de um trem de cerco, usado tanto contra homens quanto contra portões."
"The bolt throwers of Carthage were built in the same yards as its fleet, by the same shipwrights.","Os lançadores de virotes de Cartago eram construídos nos mesmos estaleiros da sua frota, pelos mesmos carpinteiros navais."
"The equites were drawn from the wealthiest citizens, and Rome's cavalry was never the equal of its infantry.","Os équites vinham dos cidadãos mais ricos, e a cavalaria de Roma nunca igualou a sua infantaria."
"The fabri built the roads, the bridges and the fortified camp that went up every single night of a march.","Os fabri construíam as estradas, as pontes e o acampamento fortificado que se erguia a cada noite de marcha."
"The legionary's short sword and heavy javelin were built for one thing: closing the last twenty paces and winning there.","A espada curta e o pesado pilo do legionário serviam a uma só coisa: vencer os últimos vinte passos e ganhar ali."
"The longest reach in any army, and quick enough to loose again before its target closes.","O maior alcance de qualquer exército, e rápido o bastante para disparar de novo antes que o alvo chegue."
"The longest reach of any mounted troop, striking before the enemy line can answer.","O maior alcance de qualquer tropa montada: golpeia antes que a linha inimiga possa responder."
"The medicus marched with the legion, and Roman field medicine was the best organised in the ancient world.","O medicus marchava com a legião, e a medicina de campanha romana era a mais bem organizada do mundo antigo."
"The mounted lance traded the sword's flexibility for reach, striking before an enemy could bring a weapon to bear.","A lança montada trocou a flexibilidade da espada por alcance, golpeando antes que o inimigo pudesse empunhar uma arma."
"The onager kicked like the wild ass it was named for, and was Rome's answer to a wall that would not fall.","O ónagro coiceava como o asno selvagem que lhe deu nome, e era a resposta de Roma a um muro que não caía."
"The priests who sealed the tombs learned to open them, and now walk ahead of what they woke.","Os sacerdotes que selaram os túmulos aprenderam a abri-los, e agora caminham à frente do que despertaram."
"The slowest troops in the line, and they take losses crossing open ground under archery.","As tropas mais lentas da linha, e sofrem baixas ao cruzar campo aberto sob o tiro dos arcos."
"The spear was the cheapest way to make a horse refuse a charge, and every ancient army kept a wall of them.","A lança era o modo mais barato de fazer um cavalo recusar a carga, e todo exército antigo mantinha um muro delas."
"The triarii were the oldest and steadiest men in the legion, knelt behind the line and committed only when the day was in doubt.","Os triários eram os homens mais velhos e firmes da legião: ajoelhados atrás da linha, só entravam em combate quando o dia estava em risco."
"The weakest body on the field. Anything that finds it kills it.","O corpo mais fraco do campo. Qualquer coisa que o encontre mata-o."
"Torsion artillery was built on the spot from local timber and abandoned when the army moved on.","A artilharia de torção era construída no local com madeira da região e abandonada quando o exército seguia em frente."
"War beast","Fera de guerra"
"War elephants terrified armies that had never met them, and were nearly useless against those that had.","Os elefantes de guerra aterrorizavam exércitos que nunca os tinham visto, e eram quase inúteis contra os que já tinham."
"Wins the straight infantry fight against spears, and overruns unescorted siege in seconds.","Vence o combate direto de infantaria contra lanças e atropela em segundos o cerco sem escolta."
"Worker","Trabalhador"
"Blocked by an existing wall.","Bloqueado por uma muralha existente."
"Cannot build there.","Não é possível construir aí."
"Probing column","Coluna de sondagem"
"Assault line","Linha de assalto"
"Cavalry flank","Flanco de cavalaria"
"Skirmish screen","Cortina de escaramuçadores"
"Siege column","Coluna de cerco"
"Elite guard","Guarda de elite"
"All waves broken","Todas as ondas destroçadas"
"Incoming","Chegando"
"Engaged","Em combate"
"Next wave","Próxima onda"
"Wave %1 / %2","Onda %1 / %2"
"%1 left","Restam %1"
"Wolves are moving on the valley.","Lobos estão avançando sobre o vale."
"Failed to initialize OpenGL renderer.\n\nThis usually means:\n1. Graphics drivers don't support required OpenGL 3.3 Core Profile\n2. Running in a VM with incomplete OpenGL support\n3. Qt software OpenGL fallback is unavailable or failed to initialize\n\nTo fix:\n- Run run_debug_softwaregl.cmd or set QT_OPENGL=software\n- Update graphics drivers\n- On VMs: Enable 3D acceleration in VM settings","Falha ao inicializar o renderizador OpenGL.\n\nIsso normalmente significa:\n1. Os drivers gráficos não oferecem suporte ao OpenGL 3.3 Core Profile exigido\n2. Execução em uma VM com suporte incompleto a OpenGL\n3. O fallback de OpenGL por software do Qt está indisponível ou falhou ao inicializar\n\nPara corrigir:\n- Execute run_debug_softwaregl.cmd ou defina QT_OPENGL=software\n- Atualize os drivers gráficos\n- Em VMs: ative a aceleração 3D nas configurações da VM"
